id	style	word	pronunciation
PLX:1PL.pro		ne	nɛ
PLX:1SG.pro		unë	ʊnə
PLX:2PL.pro		ju	jʊ
PLX:2SG.pro		ti	ti
PLX:3PL.pro		ata	ata
PLX:3SG M.pro		ai	ai
PLX:and.cnj		dhe	ðɛ
PLX:and.cnj		e	ɛ
PLX:because of.pp		për	pəɾ
PLX:behind.pp		mbrapa	mbɾapa
PLX:behind.pp		prapa	pɾapa
PLX:beside.pp		pranë	pɾanə
PLX:beside.pp		përbri	pəɾbɾi
PLX:can.v		mund	mʊnd
PLX:die (from accident).V		mbaroj	mbaɾɔj
PLX:die (from accident).V		vdes	vdɛs
PLX:everywhere.pro		kudo	kʊdɔ
PLX:from here.adv		prej këtej	pɾɛj kətɛj
PLX:from here.adv		që këtej	cə kətɛj
PLX:get sick.V		bie i sëmurë	biɛ i səmʊɾə
PLX:how many.pro		sa	sa
PLX:how.pro		si	si
PLX:in front of.pp		para	paɾa
PLX:or.cnj		a	a
PLX:or.cnj		apo	apɔ
PLX:that.pro		ky	ky
PLX:this.pro		ky	ky
PLX:under.pp		nën	nən
PLX:what.pro		ç'	t͡ʃ
PLX:what.pro		çfarë	t͡ʃfaɾə
PLX:where.pro		ku	kʊ
PLX:where_to.pro		për ku	pəɾ kʊ
PLX:who.pro		kush	kʊʃ
PLX:why.pro		pse	psɛ
PLX:why.pro		përse	pəɾsɛ
PWN:abandon.v.02		braktis	bɾaktis
PWN:abdomen.n.01		bark	baɾk
PWN:above.r.02		lart	laɾt
PWN:above.r.02		sipër	sipəɾ
PWN:act.v.02		bëj	bəj
PWN:add.v.01		shtoj	ʃtɔj
PWN:address.n.03		fjalim	fjalim
PWN:affect.v.05		mallëngjej	maɫənɟɛj
PWN:again.r.01		përsëri	pəɾsəɾi
PWN:age.n.01		moshë	mɔʃə
PWN:ahead.r.03		mbroth	mbɾɔθ
PWN:ahead.r.03		përpara	pəɾpaɾa
PWN:aid.n.02		ndihmë	ndihmə
PWN:air.n.01		ajër	ajəɾ
PWN:alive.a.01		gjallë	ɟaɫə
PWN:all.a.01		gjithçka	ɟiθt͡ʃka
PWN:allege.v.01		them	θɛm
PWN:alone.r.02		vetëm	vɛtəm
PWN:already.r.01		tashmë	taʃmə
PWN:always.r.01		gjithnjë	ɟiθɲɛ
PWN:always.r.01		përherë	pəɾhɛɾə
PWN:anger.v.01		zemëroj	zɛməɾɔj
PWN:anger.v.02		bëhem verem	bəhɛm vɛɾɛm
PWN:animal.n.01		kafshë	kafʃə
PWN:animation.n.01		jetë	jɛtə
PWN:ant.n.01		milingonë	milinɡɔnə
PWN:ant.n.01		thnegël	θnɛɡəl
PWN:apparel.n.01		veshje	vɛʃjɛ
PWN:apple.n.01		mollë	mɔɫə
PWN:april.n.01		prill	pɾiɫ
PWN:apt.s.03		mençur	mɛnt͡ʃʊɾ
PWN:area.n.01		krahinë	kɾahinə
PWN:area.n.01		vise	visɛ
PWN:arise.v.03		ngrihem	nɡɾihɛm
PWN:arm.n.01		krah	kɾah
PWN:arrive.v.01		arrij	arij
PWN:arrive.v.01		mbërrij	mbərij
PWN:arrive.v.01		vij	vij
PWN:arrow.n.02		shigjetë	ʃiɟɛtə
PWN:ascend.v.01		rritem	ritɛm
PWN:ash.n.01		hi	hi
PWN:ask.v.02		lus	lʊs
PWN:ask.v.02		lutem	lʊtɛm
PWN:ask.v.05		pyes	pyɛs
PWN:august.n.01		gusht	ɡʊʃt
PWN:aunt.n.01		hallë	haɫə
PWN:aunt.n.01		teze	tɛzɛ
PWN:awaken.v.01		zgjoj	ʒjɔj
PWN:back.n.01		kurriz	kʊriz
PWN:back.r.01		mbrapsht	mbɾapʃt
PWN:back.r.01		prapa	pɾapa
PWN:back.r.02		mbrapsht	mbɾapʃt
PWN:bad.a.01		keq	kɛc
PWN:bag.n.01		çantë	t͡ʃantə
PWN:bake.v.02		furroj	fʊrɔj
PWN:bake.v.02		pjek	pjɛk
PWN:bare.s.01		lakuriq	lakʊɾic
PWN:bare.s.01		zhveshur	zhvɛʃʊɾ
PWN:bark.n.01		lëvore	ləvɔɾɛ
PWN:bark.v.04		leh	lɛh
PWN:bathe.v.01		lahem	lahɛm
PWN:battle.n.01		luftim	lʊftim
PWN:bay.n.01		gji deti	ɟi dɛti
PWN:be_born.v.01		lind	lind
PWN:bear.n.01		ari	aɾi
PWN:beard.n.01		mjekër	mjɛkəɾ
PWN:beautiful.a.01		bukur	bʊkʊɾ
PWN:become.v.01		bëhem	bəhɛm
PWN:bed.n.01		shtrat	ʃtɾat
PWN:begin.v.03		filloj	fiɫɔj
PWN:believe.v.01		besoj	bɛsɔj
PWN:beloved.s.01		dashur	daʃʊɾ
PWN:belt.n.02		rrip	rip
PWN:bend.v.01		përkul	pəɾkʊl
PWN:benefit.n.02		dobi	dɔbi
PWN:benefit.n.02		leverdi	lɛvɛɾdi
PWN:berry.n.01		frutë	fɾʊtə
PWN:berry.n.01		manaferrë	manafɛrə
PWN:better.v.02		përmirësoj	pəɾmiɾəsɔj
PWN:between.r.02		midis	midis
PWN:between.r.02		ndërmjet	ndəɾmjɛt
PWN:birch.n.02		mështekën	məʃtɛkən
PWN:bird.n.01		shpend	ʃpɛnd
PWN:bird.n.01		zog	zɔɡ
PWN:bite.v.01		kafshoj	kafʃɔj
PWN:bitter.s.06		hidhur	hiðʊɾ
PWN:black.a.01		i zi	i zi
PWN:blanket.n.01		batanije	batanijɛ
PWN:blast.v.07		shtie	ʃtiɛ
PWN:blind.a.01		qorr	cɔr
PWN:blind.a.01		verbër	vɛɾbəɾ
PWN:blood.n.01		gjak	ɟak
PWN:blow.v.01		fryj	fɾyj
PWN:blow.v.02		fryj	fɾyj
PWN:blue.s.01		blu	blʊ
PWN:blue.s.01		kaltër	kaltəɾ
PWN:blunt.s.02		topitur	tɔpitʊɾ
PWN:board.n.02		dërrasë	dərasə
PWN:boast.v.01		kapardisem	kapaɾdisɛm
PWN:boast.v.01		mburrem	mbʊrɛm
PWN:boat.n.01		barkë	baɾkə
PWN:boat.n.01		lundër	lʊndəɾ
PWN:body.n.01		trup	tɾʊp
PWN:boil.v.01		ziej	ziɛj
PWN:boil.v.03		ziej	ziɛj
PWN:bone.n.01		asht	aʃt
PWN:bone.n.01		kockë	kɔt͡skə
PWN:book.n.01		libër	libəɾ
PWN:boot.n.01		çizme	t͡ʃizmɛ
PWN:botch.v.01		prish	pɾiʃ
PWN:boundary_line.n.01		kufi	kʊfi
PWN:bow.n.04		hark	haɾk
PWN:box.n.01		kuti	kʊti
PWN:brain.n.01		tru	tɾʊ
PWN:branch.n.02		degë	dɛɡə
PWN:branchlet.n.01		bisk	bisk
PWN:brawl.v.01		zihem	zihɛm
PWN:bread.n.01		bukë	bʊkə
PWN:break.v.05		thyej	θyɛj
PWN:breast.n.02		gji	ɟi
PWN:breath.n.02		frymë	fɾymə
PWN:breathe.v.01		marr frymë	mar fɾymə
PWN:bridge.n.01		urë	ʊɾə
PWN:bright.a.01		me dritë	mɛ dɾitə
PWN:bring.v.01		sjell	sjɛɫ
PWN:brook.n.01		virua	viɾʊa
PWN:broom.n.01		fshesë	fʃɛsə
PWN:brother.n.01		vëlla	vəɫa
PWN:brow.n.01		ballë	baɫə
PWN:bucket.n.01		kovë	kɔvə
PWN:bull.n.01		dem	dɛm
PWN:bundle.n.02		deng	dɛnɡ
PWN:burn.v.03		digjem	diɟɛm
PWN:burn.v.07		djeg	djɛɡ
PWN:business.n.01		biznes	biznɛs
PWN:business.n.01		ujdi	ʊjdi
PWN:butter.n.01		gjalpë	ɟalpə
PWN:butterfly.n.01		flutur	flʊtʊɾ
PWN:button.n.01		kopsë	kɔpsə
PWN:buy.v.01		blej	blɛj
PWN:calculate.v.01		llogaris	ɫɔɡaɾis
PWN:calendar_month.n.01		muaj	mʊaj
PWN:call.v.05		thërras	θəras
PWN:campfire.n.01		flakadan	flakadan
PWN:campfire.n.01		zjarr i madh	zjar i mað
PWN:cap.n.01		kësulë	kəsʊlə
PWN:cat.n.01		mace	mat͡sɛ
PWN:catch.v.04		kap	kap
PWN:cause.n.01		arsye	aɾsyɛ
PWN:cave.n.01		shpellë	ʃpɛɫə
PWN:cave.n.01		zgafelle	ʒafɛɫɛ
PWN:cavil.v.01		shaj	ʃaj
PWN:center.n.01		mes	mɛs
PWN:chair.n.01		karrige	kariɡɛ
PWN:change.v.01		ndërroj	ndərɔj
PWN:character.n.08		shkronjë	ʃkɾɔɲə
PWN:cheap.a.01		lirë	liɾə
PWN:cheek.n.01		faqe	facɛ
PWN:cheek.n.01		mollëz	mɔɫəz
PWN:cherished.s.01		vlershëm	vlɛɾʃəm
PWN:cherished.s.01		çmuar	t͡ʃmʊaɾ
PWN:chicken.n.02		pulë	pʊlə
PWN:child.n.01		kalama	kalama
PWN:chin.n.01		mjekër	mjɛkəɾ
PWN:choose.v.01		zgjedh	ʒjɛð
PWN:chop.v.01		grij	ɡɾij
PWN:church.n.02		kishë	kiʃə
PWN:circle.n.03		qark	caɾk
PWN:circle.n.03		rreth	rɛθ
PWN:citizenry.n.01		popull	pɔpʊɫ
PWN:claw.n.01		kthetër	kθɛtəɾ
PWN:clay.n.01		argjilë	aɾɟilə
PWN:clean.a.01		dëlirë	dəliɾə
PWN:clean.v.01		pastroj	pastɾɔj
PWN:clean.v.01		qëroj	cəɾɔj
PWN:climb.v.01		hipi	hipi
PWN:close.v.01		mbyll	mbyɫ
PWN:cloud.n.02		re	ɾɛ
PWN:coal.n.01		qymyr	cymyɾ
PWN:cock.n.04		gjel	ɟɛl
PWN:cock.n.04		këndes	kəndɛs
PWN:cold.a.01		freskët	fɾɛskət
PWN:cold.a.01		ftohtë	ftɔhtə
PWN:coldness.n.03		të ftohtë	tə ftɔhtə
PWN:collar.n.01		jakë	jakə
PWN:colorful.a.01		shumëngjyrëshëm	ʃʊmənɟyɾəʃəm
PWN:comb.n.01		krehër	kɾɛhəɾ
PWN:comb.v.01		kreh	kɾɛh
PWN:commend.v.01		lavdëroj	lavdəɾɔj
PWN:commend.v.01		lëvdoj	ləvdɔj
PWN:companion.n.01		shok	ʃɔk
PWN:company.n.03		shoqëri	ʃɔcəɾi
PWN:complete.v.01		kryej	kɾyɛj
PWN:complete.v.01		mbaroj	mbaɾɔj
PWN:connect.v.01		bashkoj	baʃkɔj
PWN:conserve.v.02		ruaj	ɾʊaj
PWN:construct.v.01		ndërtoj	ndəɾtɔj
PWN:conversation.n.01		bisedim	bisɛdim
PWN:converse.v.01		bisedoj	bisɛdɔj
PWN:convey.v.01		kumtoj	kʊmtɔj
PWN:cook.v.02		gatuaj	ɡatʊaj
PWN:corner.n.03		qoshe	cɔʃɛ
PWN:corpulent.s.01		dhjamur	ðjamʊɾ
PWN:correctly.r.01		drejtë	dɾɛjtə
PWN:cough.v.01		kollitem	kɔɫitɛm
PWN:count.n.01		sasi	sasi
PWN:count.v.01		njeh	ɲɛh
PWN:country.n.02		vend	vɛnd
PWN:cover.v.01		mbuloj	mbʊlɔj
PWN:cow.n.01		lopë	lɔpə
PWN:cradle.n.01		djep	djɛp
PWN:crane.n.05		kurrillë	kʊriɫə
PWN:crane.n.05		lejlek	lɛjlɛk
PWN:crawl.v.01		zvarritem	zvaritɛm
PWN:crisscross.n.01		kryq	kɾyc
PWN:crow.n.01		sorrë	sɔrə
PWN:cry.n.01		thirrmë	θirmə
PWN:cry.v.02		qaj	caj
PWN:cuckoo.n.02		qyqe	cycɛ
PWN:cup.n.01		filxhan	fild͡ʒan
PWN:current.n.02		rrymë	rymə
PWN:cut.v.01		pres	pɾɛs
PWN:damage.n.01		dëm	dəm
PWN:damage.n.01		zarar	zaɾaɾ
PWN:damage.v.01		dëmtoj	dəmtɔj
PWN:damp.s.01		lagësht	laɡəʃt
PWN:dance.v.02		kërcej	kəɾt͡sɛj
PWN:dance.v.02		vallëzoj	vaɫəzɔj
PWN:dark.a.01		errët	ɛrət
PWN:daughter.n.01		bijë	bijə
PWN:day.n.01		ditë	ditə
PWN:deaf.a.01		shurdhër	ʃʊɾðəɾ
PWN:death.n.01		mortje	mɔɾtjɛ
PWN:deceive.v.01		mashtroj	maʃtɾɔj
PWN:december.n.01		dhjetor	ðjɛtɔɾ
PWN:decompose.v.03		kalbem	kalbɛm
PWN:decorate.v.01		hijeshoj	hijɛʃɔj
PWN:decrease.v.01		pakësohem	pakəsɔhɛm
PWN:decrease.v.01		zvogëlohem	zvɔɡəlɔhɛm
PWN:defend.v.03		mbroj	mbɾɔj
PWN:deft.s.01		aftë	aftə
PWN:deity.n.01		hy	hy
PWN:deity.n.01		zot	zɔt
PWN:depart.v.03		shkundem	ʃkʊndɛm
PWN:descend.v.01		ulem	ʊlɛm
PWN:desire.n.01		dashuri	daʃʊɾi
PWN:desire.n.01		epsh	ɛpʃ
PWN:desire.v.01		dua	dʊa
PWN:desire.v.01		dëshiroj	dəʃiɾɔj
PWN:destroy.v.02		prish	pɾiʃ
PWN:destroy.v.02		shkatërroj	ʃkatərɔj
PWN:detect.v.01		vërej	vəɾɛj
PWN:die.v.01		vdes	vdɛs
PWN:different.a.01		ndryshëm	ndɾyʃəm
PWN:dig.v.01		gërmoj	ɡəɾmɔj
PWN:digest.v.03		duroj	dʊɾɔj
PWN:dirt.n.02		baltë	baltə
PWN:dirty.a.01		ndyrë	ndyɾə
PWN:disappear.v.01		zhdukem	zhdʊkɛm
PWN:discontinue.v.01		pushoj	pʊʃɔj
PWN:disease.n.01		sëmundje	səmʊndjɛ
PWN:dish.n.01		enë	ɛnə
PWN:dissolve.v.09		shkrij	ʃkɾij
PWN:distance.n.01		distancë	distant͡sə
PWN:distance.n.03		largim	laɾɡim
PWN:dive.v.03		zhytem	zhytɛm
PWN:divide.v.01		ndaj	ndaj
PWN:doctor.n.01		doktor	dɔktɔɾ
PWN:doctor.n.01		mjek	mjɛk
PWN:dog.n.01		qen	cɛn
PWN:doll.n.01		kukull	kʊkʊɫ
PWN:down.r.01		përposh	pəɾpɔʃ
PWN:drag.v.01		heq	hɛc
PWN:drag.v.01		zhgërryej	zhɡəryɛj
PWN:dream.n.01		ëndërr	ɛndər
PWN:dress.v.01		vishem	viʃɛm
PWN:drink.v.01		pi	pi
PWN:drive.v.01		shkoj	ʃkɔj
PWN:drive.v.15		vë përpara	və pəɾpaɾa
PWN:drop.n.01		pikë	pikə
PWN:drop.v.01		lëshoj	ləʃɔj
PWN:drove.n.02		luzmë	lʊzmə
PWN:dry.a.01		thatë	θatə
PWN:dry.v.01		thaj	θaj
PWN:duck.n.01		rosë	ɾɔsə
PWN:dust.n.01		pluhur	plʊhʊɾ
PWN:dye.v.01		bojatis	bɔjatis
PWN:dye.v.01		ngjyej	nɟyɛj
PWN:eagle.n.01		shqiponjë	ʃcipɔɲə
PWN:ear.n.01		vesh	vɛʃ
PWN:earlier.r.01		më parë	mə paɾə
PWN:east.n.01		lindje	lindjɛ
PWN:eat.v.01		ha	ha
PWN:edge.n.06		teh	tɛh
PWN:egg.n.02		vezë	vɛzə
PWN:eight.s.01		tetë	tɛtə
PWN:eighty.s.01		tetëdhjetë	tɛtəðjɛtə
PWN:elapse.v.01		kaloj	kalɔj
PWN:elbow.n.01		bërryl	bəryl
PWN:eleven.s.01		njëmbëdhjetë	ɲəmbəðjɛtə
PWN:elk.n.01		dre brilopatë	dɾɛ bɾilɔpatə
PWN:emerge.v.01		dukem	dʊkɛm
PWN:employment.n.02		punë	pʊnə
PWN:empty.a.01		bosh	bɔʃ
PWN:empty.a.01		zbrazët	zbɾazət
PWN:end.n.03		fund	fʊnd
PWN:end.n.09		bisht	biʃt
PWN:end.n.09		skaj	skaj
PWN:end.v.01		përfundoj	pəɾfʊndɔj
PWN:enter.v.01		futem	fʊtɛm
PWN:entirely.r.02		vetëm	vɛtəm
PWN:erstwhile.s.01		dikurshëm	dikʊɾʃəm
PWN:escape.v.01		iki	iki
PWN:evening.n.01		mbrëmje	mbɾɛmjɛ
PWN:evil.a.01		keq	kɛc
PWN:exchange.v.01		ndërroj	ndərɔj
PWN:exclaim.v.01		bërtas	bəɾtas
PWN:exit.v.01		vete	vɛtɛ
PWN:expensive.a.01		shtrenjtë	ʃtɾɛɲtə
PWN:extraneous.s.03		huaj	hʊaj
PWN:eye.n.01		sy	sy
PWN:fabric.n.01		pëlhurë	pəlhʊɾə
PWN:face.n.01		fytyrë	fytyɾə
PWN:faineant.s.01		dembel	dɛmbɛl
PWN:fairytale.n.01		përrallë	pəraɫə
PWN:fall.n.01		vjeshtë	vjɛʃtə
PWN:fall.v.01		bie	biɛ
PWN:fall_asleep.v.01		bie të fle	biɛ tə flɛ
PWN:familiar.a.01		njohur	ɲɔhʊɾ
PWN:family.n.02		familje	familjɛ
PWN:faraway.s.01		largët	laɾɡət
PWN:fat.n.01		lyrë	lyɾə
PWN:fat.n.01		yndyrë	yndyɾə
PWN:father.n.01		atë	atə
PWN:fault.n.06		faj	faj
PWN:fear.v.01		frikësohem	fɾikəsɔhɛm
PWN:fear.v.01		kam frikë	kam fɾikə
PWN:feather.n.01		pupël	pʊpəl
PWN:february.n.01		shkurt	ʃkʊɾt
PWN:feed.v.01		grazhdoj	ɡɾazhdɔj
PWN:feel.v.03		ndiej	ndiɛj
PWN:female_child.n.01		gocë	ɡɔt͡sə
PWN:female_child.n.01		vajzë	vajzə
PWN:fence.n.01		gardh	ɡaɾð
PWN:fever.n.01		ethe	ɛθɛ
PWN:fifty.s.01		pesëdhjetë	pɛsəðjɛtə
PWN:fill.v.01		mbush	mbʊʃ
PWN:find.v.03		gjej	ɟɛj
PWN:fine-looking.s.01		bukur	bʊkʊɾ
PWN:fine-looking.s.01		hijshëm	hijʃəm
PWN:fine.a.05		imët	imət
PWN:finger.n.01		gisht	ɡiʃt
PWN:fingernail.n.01		thua	θʊa
PWN:fir.n.02		bredh	bɾɛð
PWN:fire.n.03		zjarr	zjar
PWN:firm.s.02		fortë	fɔɾtə
PWN:first.a.01		parë	paɾə
PWN:first.r.02		së pari	sə paɾi
PWN:fish.n.01		peshk	pɛʃk
PWN:fish.v.02		gjuaj peshk	ɟʊaj pɛʃk
PWN:fish.v.02		peshkoj	pɛʃkɔj
PWN:five.s.01		pesë	pɛsə
PWN:fix.v.12		përgatis	pəɾɡatis
PWN:flash.v.01		xixoj	d͡zid͡zɔj
PWN:flash.v.01		xixëlloj	d͡zid͡zəɫɔj
PWN:flat.s.01		sheshtë	ʃɛʃtə
PWN:flee.v.01		arratisem	aratisɛm
PWN:flex.v.05		kërrus	kərʊs
PWN:flip.v.06		hedh	hɛð
PWN:floor.n.01		dysheme	dyʃɛmɛ
PWN:flower.n.02		lule	lʊlɛ
PWN:fly.n.01		mizë	mizə
PWN:fly.v.01		fluturoj	flʊtʊɾɔj
PWN:foam.n.01		shkumë	ʃkʊmə
PWN:foe.n.02		armik	aɾmik
PWN:fog.n.01		mjegull	mjɛɡʊɫ
PWN:food.n.02		ushqim	ʊʃcim
PWN:foot.n.01		këmbë	kɛmbə
PWN:footprint.n.01		gjurmë	ɟʊɾmə
PWN:foreman.n.01		drejtues	dɾɛjtʊɛs
PWN:foreman.n.01		shef	ʃɛf
PWN:forest.n.01		pyll	pyɫ
PWN:forget.v.02		harroj	harɔj
PWN:fork.n.01		pirun	piɾʊn
PWN:form.n.03		mostër	mɔstəɾ
PWN:forty.s.01		dyzet	dyzɛt
PWN:four.s.01		katër	katəɾ
PWN:fox.n.01		dhelpër	ðɛlpəɾ
PWN:freeze.v.02		ngrij	nɡɾij
PWN:frequently.r.01		shpesh	ʃpɛʃ
PWN:fresh.a.01		pastër	pastəɾ
PWN:friday.n.01		premte	pɾɛmtɛ
PWN:friend.n.01		mik	mik
PWN:frost.n.01		cikmë	t͡sikmə
PWN:frost.n.01		ngricë	nɡɾit͡sə
PWN:fry.v.02		fërgoj	fəɾɡɔj
PWN:fry.v.02		tiganis	tiɡanis
PWN:full.a.01		plotë	plɔtə
PWN:fume.v.02		nxjerr tym	nd͡zjɛr tym
PWN:fur.n.03		lëkurë	ləkʊɾə
PWN:game.n.01		lojë	lɔjə
PWN:gate.n.01		derë	dɛɾə
PWN:gateway.n.01		portë	pɔɾtə
PWN:gather.v.01		grumbulloj	ɡɾʊmbʊɫɔj
PWN:gather.v.01		mbledh	mblɛð
PWN:gay.s.02		gëzuar	ɡəzʊaɾ
PWN:gentle.s.01		butë	bʊtə
PWN:get.v.01		marr	mar
PWN:get_down.v.07		filloj	fiɫɔj
PWN:get_up.v.02		ngrihem	nɡɾihɛm
PWN:get_up.v.02		çohem	t͡ʃɔhɛm
PWN:gift.n.01		dhuratë	ðʊɾatə
PWN:gift.n.01		peshqesh	pɛʃcɛʃ
PWN:give.v.03		jap	jap
PWN:give.v.08		dhuroj	ðʊɾɔj
PWN:give.v.08		fal	fal
PWN:glass.n.01		qelq	cɛlc
PWN:glue.v.01		ngjis	nɟis
PWN:gold.n.03		ar	aɾ
PWN:gold.n.03		flori	flɔɾi
PWN:good.a.01		mirë	miɾə
PWN:goose.n.01		patë	patə
PWN:govern.v.03		zotëroj	zɔtəɾɔj
PWN:grain.n.08		grurë	ɡɾʊɾə
PWN:grain.n.08		kokërr	kɔkər
PWN:grandfather.n.01		gjysh	ɟyʃ
PWN:grandma.n.01		gjyshe	ɟyʃɛ
PWN:grasp.v.01		rrëmbej	rəmbɛj
PWN:grass.n.01		bar	baɾ
PWN:grassland.n.01		livadh	livað
PWN:grave.n.02		varr	var
PWN:green.s.01		blertë	blɛɾtə
PWN:green.s.01		gjelbër	ɟɛlbəɾ
PWN:grey.s.01		bojë hiri	bɔjə hiɾi
PWN:grey.s.01		hirtë	hiɾtə
PWN:grief.n.02		brengë	bɾɛnɡə
PWN:grief.n.02		pikëllim	pikəɫim
PWN:groan.v.01		rënkoj	ɾənkɔj
PWN:grok.v.01		marr vesh	mar vɛʃ
PWN:grow.v.03		rritem	ritɛm
PWN:guest.n.01		mik	mik
PWN:guest.n.01		mysafir	mysafiɾ
PWN:gun.n.01		pushkë	pʊʃkə
PWN:hair.n.01		flokë	flɔkə
PWN:hand.n.01		dorë	dɔɾə
PWN:handle.n.01		dorak	dɔɾak
PWN:handle.n.01		dorezë	dɔɾɛzə
PWN:hang.v.01		varem	vaɾɛm
PWN:hang.v.02		var	vaɾ
PWN:happen.v.01		ndodh	ndɔð
PWN:happiness.n.01		lumturi	lʊmtʊɾi
PWN:hard.a.03		fortë	fɔɾtə
PWN:hardly.r.02		mezi	mɛzi
PWN:hardworking.s.01		zellshëm	zɛɫʃəm
PWN:hare.n.01		lepur	lɛpʊɾ
PWN:hark_back.v.01		kthehem	kθɛhɛm
PWN:hay.n.01		sanë	sanə
PWN:head.n.01		kokë	kɔkə
PWN:healthy.a.01		shëndet	ʃəndɛt
PWN:hear.v.01		dëgjoj	dəɟɔj
PWN:heart.n.02		zemër	zɛməɾ
PWN:heat.n.01		nxehtësi	nd͡zɛhtəsi
PWN:heat.n.01		vapë	vapə
PWN:heavy.a.01		rëndë	ɾɛndə
PWN:heel.n.02		thembër	θɛmbəɾ
PWN:height.n.01		lartësi	laɾtəsi
PWN:herd.n.01		grigjë	ɡɾiɟə
PWN:herd.n.01		kope	kɔpɛ
PWN:herd.v.01		kullos	kʊɫɔs
PWN:here.r.01		këtu	kətʊ
PWN:here.r.03		knej	knɛj
PWN:hide.n.02		lëkurë	ləkʊɾə
PWN:hide.v.01		fsheh	fʃɛh
PWN:hide.v.02		fsheh	fʃɛh
PWN:hill.n.01		kodër	kɔdəɾ
PWN:hog.n.03		derr	dɛr
PWN:hold.v.02		mbaj	mbaj
PWN:hole.n.01		vrimë	vɾimə
PWN:home.n.01		konak	kɔnak
PWN:home.n.01		shtëpi	ʃtəpi
PWN:honey.n.01		mjaltë	mjaltə
PWN:hook.n.05		grep	ɡɾɛp
PWN:hook.n.05		grremç	ɡrɛmt͡ʃ
PWN:horn.n.02		bri	bɾi
PWN:horse.n.01		kalë	kalə
PWN:hot.a.01		nxehtë	nd͡zɛhtə
PWN:house.n.01		shtëpi	ʃtəpi
PWN:howl.v.02		ulërij	ʊləɾij
PWN:hundred.s.01		qind	cind
PWN:hunger.n.01		uri	ʊɾi
PWN:hungry.a.01		uritur	ʊɾitʊɾ
PWN:hunt.v.01		gjuaj	ɟʊaj
PWN:hurt.v.06		dhemb	ðɛmb
PWN:husband.n.01		bashkëshort	baʃkəʃɔɾt
PWN:husband.n.01		burrë	bʊrə
PWN:ice.n.01		akull	akʊɫ
PWN:idea.n.01		ide	idɛ
PWN:idea.n.01		mendim	mɛndim
PWN:idol.n.01		figurë	fiɡʊɾə
PWN:ignite.v.01		ndez	ndɛz
PWN:ill.a.01		sëmurë	səmʊɾə
PWN:immediately.r.01		aty për aty	aty pəɾ aty
PWN:immediately.r.01		menjëherë	mɛɲəhɛɾə
PWN:immediately.r.01		njëkohësisht	ɲəkɔhəsiʃt
PWN:impede.v.01		pengoj	pɛnɡɔj
PWN:increase.v.01		shtohem	ʃtɔhɛm
PWN:indicate.v.02		dëftej	dəftɛj
PWN:insert.v.01		fus	fʊs
PWN:insert.v.01		ngul	nɡʊl
PWN:interrupt.v.02		pengoj	pɛnɡɔj
PWN:invite.v.02		ftoj	ftɔj
PWN:iron.n.01		hekur	hɛkʊɾ
PWN:island.n.01		ishull	iʃʊɫ
PWN:island.n.01		ujdhesë	ʊjðɛsə
PWN:item.n.01		send	sɛnd
PWN:january.n.01		janar	janaɾ
PWN:jaw.n.01		nofull	nɔfʊɫ
PWN:join.v.02		bashkoj	baʃkɔj
PWN:joy.n.01		gaz	ɡaz
PWN:joy.n.01		gëzim	ɡəzim
PWN:july.n.01		korrik	kɔrik
PWN:jump.v.01		kërcej	kəɾt͡sɛj
PWN:june.n.01		qershor	cɛɾʃɔɾ
PWN:keep.v.03		ruaj	ɾʊaj
PWN:kettle.n.01		kazan	kazan
PWN:kick.v.03		shtyj	ʃtyj
PWN:kick.v.03		shtyj më këmbë	ʃtyj mə kəmbə
PWN:kill.v.10		vras	vɾas
PWN:kind.n.01		lloj	ɫɔj
PWN:king.n.01		mbret	mbɾɛt
PWN:knee.n.01		gju	ɟʊ
PWN:knife.n.01		thikë	θikə
PWN:knit.v.01		thur	θʊɾ
PWN:knock.v.02		trokas	tɾɔkas
PWN:knot.n.02		komb	kɔmb
PWN:know.v.01		di	di
PWN:ladder.n.01		shkallë	ʃkaɫə
PWN:lair.n.01		strofkë	stɾɔfkə
PWN:lake.n.01		liqen	licɛn
PWN:land.n.02		baltë	baltə
PWN:land.n.02		dhe	ðɛ
PWN:land.n.04		tokë	tɔkə
PWN:land.n.04		truall	tɾʊaɫ
PWN:language.n.01		gjuhë	ɟʊhə
PWN:large.a.01		madh	mað
PWN:last.a.02		fundit	fʊndit
PWN:laugh.v.01		qesh	cɛʃ
PWN:laughter.n.02		qeshje	cɛʃjɛ
PWN:lay.v.02		vë	və
PWN:lead.v.01		çoj	t͡ʃɔj
PWN:leaf.n.01		fletë	flɛtə
PWN:leaf.n.01		gjethe	ɟɛθɛ
PWN:learn.v.01		mësoj	məsɔj
PWN:leash.n.01		rrip	rip
PWN:leather.n.01		lëkurë	ləkʊɾə
PWN:left.r.01		majtë	majtə
PWN:leg.n.02		këmbë	kɛmbə
PWN:length.n.01		gjatësi	ɟatəsi
PWN:let.v.01		detyroj	dɛtyɾɔj
PWN:letter.n.01		letër	lɛtəɾ
PWN:lick.v.02		lëpij	ləpij
PWN:lid.n.02		kapak	kapak
PWN:lid.n.02		mbulesë	mbʊlɛsə
PWN:lie.n.01		gënjeshtër	ɡəɲɛʃtəɾ
PWN:lie.v.02		rri shtrirë	ri ʃtɾiɾə
PWN:lift.v.03		ngre	nɡɾɛ
PWN:like.v.03		dua	dʊa
PWN:line.n.04		vijë	vijə
PWN:lip.n.01		buzë	bʊzə
PWN:listen.v.01		veshtoj	vɛʃtɔj
PWN:listen.v.02		dëgjoj	dəɟɔj
PWN:little.r.01		një tis	ɲə tis
PWN:liver.n.01		mëlçi	məlt͡ʃi
PWN:load.n.01		barrë	barə
PWN:lock.n.01		bravë	bɾavə
PWN:long.a.02		gjatë	ɟatə
PWN:long.r.01		për një kohë të gjatë	pəɾ ɲə kɔhə tə ɟatə
PWN:look.v.01		shikoj	ʃikɔj
PWN:look.v.02		ndriçoj	ndɾit͡ʃɔj
PWN:lose.v.05		humb	hʊmb
PWN:louse.n.01		morr	mɔr
PWN:love.v.03		dashuroj	daʃʊɾɔj
PWN:low.r.01		poshtë	pɔʃtə
PWN:luminosity.n.01		dritë	dɾitə
PWN:mainland.n.01		kontinent	kɔntinɛnt
PWN:make_noise.v.01		oshtij	ɔʃtij
PWN:make_noise.v.01		zhurmoj	zhʊɾmɔj
PWN:male_child.n.01		djalë	djalə
PWN:man.n.01		burrë	bʊrə
PWN:man.n.01		mashkull	maʃkʊɫ
PWN:manufacture.v.01		prodhoj	pɾɔðɔj
PWN:march.n.01		mars	maɾs
PWN:may.n.01		maj	maj
PWN:meal.n.01		ngrënie	nɡɾəniɛ
PWN:meaning.n.01		kuptim	kʊptim
PWN:measure.v.01		mas	mas
PWN:meat.n.01		mish	miʃ
PWN:medicine.n.02		ilaç	ilat͡ʃ
PWN:meet.v.07		tubohem	tʊbɔhɛm
PWN:meet.v.09		ndesh	ndɛʃ
PWN:melt.v.01		shkrij	ʃkɾij
PWN:memory.n.03		kujtesë	kʊjtɛsə
PWN:message.n.01		lajm	lajm
PWN:milk.n.01		qumësht	cʊməʃt
PWN:milk.v.01		mjel	mjɛl
PWN:mind.n.01		mend	mɛnd
PWN:mirror.n.01		pasqyrë	pascyɾə
PWN:misfortune.n.02		fatkeqësi	fatkɛcəsi
PWN:mistake.n.01		gabim	ɡabim
PWN:mistake.n.01		gafë	ɡafə
PWN:monday.n.01		hënë	hənə
PWN:money.n.01		holla	hɔɫa
PWN:money.n.01		para	paɾa
PWN:moon.n.01		hënë	hənə
PWN:moor.n.02		kënetë	kənɛtə
PWN:morning.n.01		mëngjes	mənɟɛs
PWN:mosquito.n.01		kunup	kʊnʊp
PWN:mosquito.n.01		mushkonjë	mʊʃkɔɲə
PWN:mother.n.01		nënë	nənə
PWN:mountain.n.01		mal	mal
PWN:mouse.n.01		mi	mi
PWN:mouth.n.01		gojë	ɡɔjə
PWN:move.v.03		lëviz	ləviz
PWN:mush.n.02		qull	cʊɫ
PWN:mushroom.n.02		kërpudhë	kəɾpʊðə
PWN:mustache.n.01		mustaqe	mʊstacɛ
PWN:nail.n.01		thua	θʊa
PWN:nail.n.02		gozhdë	ɡɔzhdə
PWN:name.n.01		emër	ɛməɾ
PWN:name.v.01		quaj	cʊaj
PWN:nape.n.01		arrëz	arəz
PWN:narrative.n.01		tregim	tɾɛɡim
PWN:narrow.a.01		ngushtë	nɡʊʃtə
PWN:natural_elevation.n.01		bregore	bɾɛɡɔɾɛ
PWN:navel.n.01		kërthizë	kəɾθizə
PWN:near.r.01		afërt	afɛɾt
PWN:neck.n.01		qafë	cafə
PWN:needle.n.03		gjilpërë	ɟilpɛɾə
PWN:nest.n.01		fole	fɔlɛ
PWN:net.n.06		rrjetë	rjɛtə
PWN:never.r.01		asnjëherë	asɲəhɛɾə
PWN:never.r.01		kurrë	kʊrə
PWN:new.a.01		i ri	i ɾi
PWN:news.n.01		risi	ɾisi
PWN:newspaper.n.01		gazetë	ɡazɛtə
PWN:night.n.01		natë	natə
PWN:nine.s.01		nëntë	nəntə
PWN:ninety.s.01		nëntëdhjetë	nəntəðjɛtə
PWN:noise.n.01		tingull	tinɡʊɫ
PWN:noise.n.01		zhurmë	zhʊɾmə
PWN:noon.n.01		mesditë	mɛsditə
PWN:noose.n.02		nyjë	nyjə
PWN:north.n.03		veri	vɛɾi
PWN:nose.n.01		hundë	hʊndə
PWN:not.r.01		nuk	nʊk
PWN:not.r.01		s'	s
PWN:november.n.01		nëntor	nəntɔɾ
PWN:now.r.04		tash	taʃ
PWN:oar.n.01		rrem	rɛm
PWN:october.n.01		tetor	tɛtɔɾ
PWN:oil.n.01		vaj	vaj
PWN:old.a.01		plak	plak
PWN:old.a.01		vjetër	vjɛtəɾ
PWN:olfactory_property.n.01		erë	ɛɾə
PWN:once.r.01		njëherë	ɲəhɛɾə
PWN:once.r.03		dikur	dikʊɾ
PWN:one-half.n.01		gjysmë	ɟysmə
PWN:one.s.01		një	ɲə
PWN:onion.n.02		qepë	cɛpə
PWN:open.a.01		hapur	hapʊɾ
PWN:open.v.01		hap	hap
PWN:other.a.01		tjetër	tjɛtəɾ
PWN:owl.n.01		buf	bʊf
PWN:own.v.01		kam	kam
PWN:pain.n.03		dhimbje	ðimbjɛ
PWN:paint.n.01		bojë	bɔjə
PWN:paint.v.02		lyej	lyɛj
PWN:palm.n.01		pëllëmbë	pəɫəmbə
PWN:parent.n.01		prindër	pɾindəɾ
PWN:part.n.02		pjesë	pjɛsə
PWN:part.n.03		copë	t͡sɔpə
PWN:pasture.n.01		kullotë	kʊɫɔtə
PWN:path.n.02		ravë	ɾavə
PWN:path.n.02		shteg	ʃtɛɡ
PWN:paw.n.01		kthetër	kθɛtəɾ
PWN:paw.n.01		thua	θʊa
PWN:pay.v.01		paguaj	paɡʊaj
PWN:peak.n.04		kulm	kʊlm
PWN:peel.n.02		lëkurë	ləkʊɾə
PWN:people.n.01		botë	bɔtə
PWN:people.n.01		njerëz	ɲɛɾəz
PWN:perca.n.01		purtekë	pʊɾtɛkə
PWN:periphery.n.01		qoshe	cɔʃɛ
PWN:person.n.01		njeri	ɲɛɾi
PWN:perturb.v.01		bezdis	bɛzdis
PWN:pick.v.02		mbledh	mblɛð
PWN:pick.v.02		vjel	vjɛl
PWN:pick_up.v.02		ngre	nɡɾɛ
PWN:picture.n.01		pikturë	piktʊɾə
PWN:picture.n.01		tablo	tablɔ
PWN:pike.n.02		mlysh	mlyʃ
PWN:pile.n.01		grumbull	ɡɾʊmbʊɫ
PWN:pillow.n.01		jastëk	jastɛk
PWN:pine.n.01		pishë	piʃə
PWN:pit.n.01		gropë	ɡɾɔpə
PWN:play.v.05		loz	lɔz
PWN:play.v.05		luaj	lʊaj
PWN:pointed.a.01		majëmprehtë	majəmpɾɛhtə
PWN:pole.n.01		shufër	ʃʊfəɾ
PWN:poor.a.02		varfër	vaɾfəɾ
PWN:poor.a.02		vobektë	vɔbɛktə
PWN:populate.v.01		banoj	banɔj
PWN:position.n.01		vend	vɛnd
PWN:pot.n.01		kusi	kʊsi
PWN:pot.n.01		tenxhere	tɛnd͡ʒɛɾɛ
PWN:pouch.n.01		qese	cɛsɛ
PWN:pouch.n.01		trastë	tɾastə
PWN:pour.v.01		mbush	mbʊʃ
PWN:power.n.01		fuqi	fʊci
PWN:power.n.01		pushtet	pʊʃtɛt
PWN:powerful.a.01		fuqishëm	fʊciʃəm
PWN:press.v.01		shtyp	ʃtyp
PWN:price.n.02		çmim	t͡ʃmim
PWN:produce.v.02		bëj	bəj
PWN:promise.v.01		premtoj	pɾɛmtɔj
PWN:protect.v.01		mbroj	mbɾɔj
PWN:protect.v.01		ruaj	ɾʊaj
PWN:pull.v.01		tërheq	təɾhɛc
PWN:push.v.01		shtyj	ʃtyj
PWN:put.v.01		vë	və
PWN:quantity.n.03		sasi	sasi
PWN:rain.n.01		shi	ʃi
PWN:rain.v.01		bie shi	biɛ ʃi
PWN:rainbow.n.01		ylber	ylbɛɾ
PWN:raise.v.02		ngre	nɡɾɛ
PWN:raw.a.03		gjallë	ɟaɫə
PWN:read.v.01		këndoj	kəndɔj
PWN:read.v.01		lexoj	lɛd͡zɔj
PWN:rear.v.02		rris	ris
PWN:recognize.v.04		njoh	ɲɔh
PWN:recognize.v.04		shquaj	ʃcʊaj
PWN:recuperate.v.04		shërohem	ʃəɾɔhɛm
PWN:red.s.01		kuq	kʊc
PWN:remember.v.01		kujtoj	kʊjtɔj
PWN:repair.v.01		meremetoj	mɛɾɛmɛtɔj
PWN:repair.v.01		ndreq	ndɾɛc
PWN:rescue.v.01		shpëtoj	ʃpətɔj
PWN:rest.v.05		qetësohem	cɛtəsɔhɛm
PWN:rest.v.05		shtendosem	ʃtɛndɔsɛm
PWN:result.v.01		del	dɛl
PWN:ribbon.n.04		shirit	ʃiɾit
PWN:rich.a.01		pasur	pasʊɾ
PWN:riddle.n.01		gjëegjëzë	ɟəɛɟəzə
PWN:riddle.n.01		gjëzë	ɟəzə
PWN:right.r.04		djathtë	djaθtə
PWN:ring.n.08		unazë	ʊnazə
PWN:ring.v.01		i bie ziles	i biɛ zilɛs
PWN:ring.v.03		bie	biɛ
PWN:rinse.v.01		kulloj	kʊɫɔj
PWN:ripe.a.01		arrirë	ariɾə
PWN:ripen.v.02		piqem	picɛm
PWN:rise.v.16		hapem	hapɛm
PWN:river.n.01		lumë	lʊmə
PWN:road.n.01		rrugë	rʊɡə
PWN:road.n.01		shteg	ʃtɛɡ
PWN:road.n.01		udhë	ʊðə
PWN:roar.v.01		gjëmoj	ɟəmɔj
PWN:rock.n.01		gur	ɡʊɾ
PWN:rock.v.01		dyzoj	dyzɔj
PWN:roof.n.01		çati	t͡ʃati
PWN:root.n.01		rrënjë	rəɲə
PWN:round.a.01		rrumbullakët	rʊmbʊɫakət
PWN:row.v.01		vozis	vɔzis
PWN:rub.v.01		fërkoj	fəɾkɔj
PWN:run.v.01		vrapoj	vɾapɔj
PWN:run.v.06		derdh	dɛɾð
PWN:run.v.06		rrjedh	rjɛð
PWN:rush.v.01		eci shpejt	ɛt͡si ʃpɛjt
PWN:rush.v.04		ngas	nɡas
PWN:rush.v.04		nxitoj	nd͡zitɔj
PWN:rustle.v.01		fëshfërij	fəʃfəɾij
PWN:sack.n.01		thes	θɛs
PWN:sack.n.01		torbë	tɔɾbə
PWN:sad.a.01		trishtuar	tɾiʃtʊaɾ
PWN:salt.n.02		kripë	kɾipə
PWN:sand.n.01		rërë	ɾɛɾə
PWN:saturday.n.01		shtunë	ʃtʊnə
PWN:scarf.n.01		shami	ʃami
PWN:scrape.v.01		gërvisht	ɡəɾviʃt
PWN:scrape.v.01		kruaj	kɾʊaj
PWN:sea.n.01		det	dɛt
PWN:search.v.01		kërkoj	kəɾkɔj
PWN:seashore.n.01		anëdet	anədɛt
PWN:seashore.n.01		bregdet	bɾɛɡdɛt
PWN:seat.v.01		vë	və
PWN:second.s.01		dytë	dytə
PWN:see.v.01		shoh	ʃɔh
PWN:seed.n.02		farë	faɾə
PWN:sell.v.01		shes	ʃɛs
PWN:send.v.01		dërgoj	dəɾɡɔj
PWN:separate.v.02		ndahem	ndahɛm
PWN:september.n.01		shtator	ʃtatɔɾ
PWN:set.v.10		hyj	hyj
PWN:set.v.10		perëndoj	pɛɾəndɔj
PWN:seven.s.01		shtatë	ʃtatə
PWN:seventy.s.01		shtatëdhjetë	ʃtatəðjɛtə
PWN:severe.s.01		keq	kɛc
PWN:sew.v.01		qep	cɛp
PWN:shadow.n.01		hije	hijɛ
PWN:shake.v.01		lëkund	ləkʊnd
PWN:shake.v.08		shkund	ʃkʊnd
PWN:sharp.a.09		mprehtë	mpɾɛhtə
PWN:sharpen.v.01		mpreh	mpɾɛh
PWN:shatter.v.03		thyej	θyɛj
PWN:sheep.n.01		dele	dɛlɛ
PWN:shelf.n.01		raft	ɾaft
PWN:shine.v.02		ndriçoj	ndɾit͡ʃɔj
PWN:shirt.n.01		këmishë	kəmiʃə
PWN:shoe.n.01		këpucë	kəpʊt͡sə
PWN:shop.n.01		dyqan	dycan
PWN:shore.n.01		breg	bɾɛɡ
PWN:short.a.02		shkurtër	ʃkʊɾtəɾ
PWN:shoulder.n.01		krah	kɾah
PWN:shoulder.n.01		sup	sʊp
PWN:shovel.n.01		qyrek	cyɾɛk
PWN:shudder.v.02		trembem	tɾɛmbɛm
PWN:shut.a.01		mbyllur	mbyɫʊɾ
PWN:side.n.01		anë	anə
PWN:silence.n.01		qetësi	cɛtəsi
PWN:silver.n.01		argjend	aɾɟɛnd
PWN:sin.n.01		gjynah	ɟynah
PWN:sin.n.01		mëkat	məkat
PWN:sing.v.02		këndoj	kəndɔj
PWN:sink.v.01		humboj	hʊmbɔj
PWN:sister.n.01		motër	mɔtəɾ
PWN:sit_down.v.01		rri	ri
PWN:sit_down.v.01		ulem	ʊlɛm
PWN:six.s.01		gjashtë	ɟaʃtə
PWN:sixty.s.01		gjashtëdhjetë	ɟaʃtəðjɛtə
PWN:size.n.01		madhësi	maðəsi
PWN:ski.n.01		ski	ski
PWN:sky.n.01		qiell	ciɛɫ
PWN:slab.n.01		pllakë	pɫakə
PWN:sled.n.01		sajë	sajə
PWN:sleep.n.01		gjumë	ɟʊmə
PWN:sleep.v.01		fle	flɛ
PWN:sleeve.n.01		mëngë	mənɡə
PWN:slice.n.05		fetë	fɛtə
PWN:slope.n.01		shpat	ʃpat
PWN:slope.n.01		tatëpjetë	tatəpjɛtə
PWN:small.a.01		vogël	vɔɡəl
PWN:smell.v.01		nuhas	nʊhas
PWN:smoke.n.02		tym	tym
PWN:smooth.a.01		rrafshët	rafʃət
PWN:snake.n.01		gjarpër	ɟaɾpəɾ
PWN:snap.v.03		grisem	ɡɾisɛm
PWN:snap.v.03		shqyhem	ʃcyhɛm
PWN:snog.v.01		puth	pʊθ
PWN:snow.n.01		borë	bɔɾə
PWN:soft.a.01		butë	bʊtə
PWN:sometimes.r.01		nganjëherë	nɡaɲəhɛɾə
PWN:son.n.01		bir	biɾ
PWN:song.n.01		këngë	kɛnɡə
PWN:soon.r.01		shpejt	ʃpɛjt
PWN:soon.r.01		së shpejti	sə ʃpɛjti
PWN:sore.n.01		plagë	plaɡə
PWN:sound.v.02		tingëlloj	tinɡəɫɔj
PWN:soup.n.01		supë	sʊpə
PWN:soup.n.01		çorbë	t͡ʃɔɾbə
PWN:sour.a.02		thartë	θaɾtə
PWN:south.n.03		jug	jʊɡ
PWN:space.n.02		shesh	ʃɛʃ
PWN:spade.n.02		lopatë	lɔpatə
PWN:spark.n.06		shkëndijë	ʃkəndijə
PWN:spark.n.06		xixë	d͡zid͡zə
PWN:speak.v.03		flas	flas
PWN:spider.n.01		marimangë	maɾimanɡə
PWN:spirit.n.04		frymë	fɾymə
PWN:spirit.n.04		shpirt	ʃpiɾt
PWN:spoil.v.02		kalbem	kalbɛm
PWN:spoil.v.02		prishem	pɾiʃɛm
PWN:spoon.n.01		lugë	lʊɡə
PWN:spring.n.01		pranverë	pɾanvɛɾə
PWN:spring.n.03		burim	bʊɾim
PWN:spring.n.03		krua	kɾʊa
PWN:squirrel.n.01		ketër	kɛtəɾ
PWN:stand.v.01		rri	ri
PWN:star.n.03		yll	yɫ
PWN:state.n.04		shtet	ʃtɛt
PWN:stay.v.04		mbetem	mbɛtɛm
PWN:stay.v.04		qëndroj	cəndɾɔj
PWN:steal.v.01		vjedh	vjɛð
PWN:step.v.01		çapem	t͡ʃapɛm
PWN:stick.n.01		dajak	dajak
PWN:still.r.01		akoma	akɔma
PWN:still.r.01		ende	ɛndɛ
PWN:sting.v.02		shpoj	ʃpɔj
PWN:sting.v.02		ther	θɛɾ
PWN:stingy.a.01		dorështrënguar	dɔɾəʃtɾənɡʊaɾ
PWN:stingy.a.01		kurnac	kʊɾnat͡s
PWN:stir.v.01		trazoj	tɾazɔj
PWN:stomach.n.01		stomak	stɔmak
PWN:stop.v.01		ndalem	ndalɛm
PWN:stove.n.01		sobë	sɔbə
PWN:stove.n.01		stufë	stʊfə
PWN:strap.n.01		rrip	rip
PWN:strength.n.01		koll	kɔɫ
PWN:strike.v.01		godas	ɡɔdas
PWN:strike.v.01		rrah	rah
PWN:string.n.01		cikomë	t͡sikɔmə
PWN:string.n.01		litar	litaɾ
PWN:stroke.n.10		vizë	vizə
PWN:strong.a.01		fortë	fɔɾtə
PWN:stupid.a.01		teveqel	tɛvɛcɛl
PWN:subsequently.r.01		mandej	mandɛj
PWN:succeed.v.01		më shkon mbarë	mə ʃkɔn mbaɾə
PWN:suddenly.r.01		befas	bɛfas
PWN:summer.n.01		verë	vɛɾə
PWN:sun.n.01		diell	diɛɫ
PWN:sunday.n.01		diel	diɛl
PWN:support.n.07		mbështetesë	mbəʃtɛtɛsə
PWN:support.n.07		shtyllë	ʃtyɫə
PWN:swallow.v.01		gëlltis	ɡəɫtis
PWN:swallow.v.01		kapërdij	kapəɾdij
PWN:swamp.n.01		batak	batak
PWN:swan.n.01		mjellmë	mjɛɫmə
PWN:sweep.v.06		fshij	fʃij
PWN:sweet.a.01		ëmbël	ɛmbəl
PWN:swim.v.01		notoj	nɔtɔj
PWN:swing.v.01		dridhem	dɾiðɛm
PWN:swing.v.05		valëvit	valəvit
PWN:swing_around.v.01		kthej	kθɛj
PWN:table.n.02		tryezë	tɾyɛzə
PWN:tail.n.01		bisht	biʃt
PWN:take.v.04		marr	mar
PWN:talk.v.02		fjalos	fjalɔs
PWN:talk.v.02		fjalëtoj	fjalətɔj
PWN:taste.n.01		shije	ʃijɛ
PWN:taste.v.02		provoj	pɾɔvɔj
PWN:tasty.a.01		shijshëm	ʃijʃəm
PWN:tea.n.01		çaj	t͡ʃaj
PWN:teach.v.01		arsej	aɾsɛj
PWN:teacher.n.01		arsimtar	aɾsimtaɾ
PWN:teacher.n.01		mësues	məsʊɛs
PWN:tear.n.01		lot	lɔt
PWN:tear.v.01		zheloj	zhɛlɔj
PWN:tear.v.01		çjerr	t͡ʃjɛr
PWN:tell.v.03		rrëfej	rəfɛj
PWN:ten.s.01		dhjetë	ðjɛtə
PWN:tendon.n.01		dell	dɛɫ
PWN:tether.v.01		lidh	lið
PWN:then.r.01		pastaj	pastaj
PWN:then.r.03		atëherë	atəhɛɾə
PWN:there.r.01		atje	atjɛ
PWN:there.r.01		aty	aty
PWN:there.r.03		anej	anɛj
PWN:thick.a.01		trashë	tɾaʃə
PWN:thick.a.03		dendur	dɛndʊɾ
PWN:thigh.n.01		kofshë	kɔfʃə
PWN:thin.a.01		hollë	hɔɫə
PWN:thin.a.02		hollë	hɔɫə
PWN:thing.n.09		punë	pʊnə
PWN:thing.n.12		gjë	ɟə
PWN:thing.n.12		send	sɛnd
PWN:think.v.03		mendoj	mɛndɔj
PWN:third.s.01		i tretë	i tɾɛtə
PWN:thirty.s.01		tridhjetë	tɾiðjɛtə
PWN:thorax.n.02		gjoks	ɟɔks
PWN:thorax.n.02		kraharor	kɾahaɾɔɾ
PWN:thousand.s.01		mijë	mijə
PWN:thread.n.01		fije	fijɛ
PWN:thread.n.01		pe	pɛ
PWN:three.s.01		tre	tɾɛ
PWN:throat.n.01		fyt	fyt
PWN:throat.n.01		grykë	ɡɾykə
PWN:through.r.01		nëpër	nəpəɾ
PWN:thrust.v.01		shtyj	ʃtyj
PWN:thunder.n.02		bubullimë	bʊbʊɫimə
PWN:thunder.n.02		gjëmim	ɟəmim
PWN:thunder.v.03		bubulloj	bʊbʊɫɔj
PWN:thunder.v.03		gjëmoj	ɟəmɔj
PWN:thursday.n.01		enjte	ɛɲtɛ
PWN:thus.r.02		ashtu	aʃtʊ
PWN:thus.r.02		kështu	kəʃtʊ
PWN:tie.v.01		lidh	lið
PWN:time.n.05		kohë	kɔhə
PWN:tinkle.v.01		kërcëlloj	kəɾt͡səɫɔj
PWN:tip.n.01		majë	majə
PWN:tire.v.02		lodhem	lɔðɛm
PWN:today.r.02		sot	sɔt
PWN:toe.n.01		gisht i këmbës	ɡiʃt i kəmbəs
PWN:together.r.01		bashkë	baʃkə
PWN:together.r.01		së bashku	sə baʃkʊ
PWN:token.n.02		shenjë	ʃɛɲə
PWN:tomorrow.r.01		nesër	nɛsəɾ
PWN:tone.n.07		ton	tɔn
PWN:tongue.n.01		gjuhë	ɟʊhə
PWN:tooth.n.01		dhëmb	ðəmb
PWN:touch.v.01		rrok	rɔk
PWN:towel.n.01		peshqir	pɛʃciɾ
PWN:town.n.01		qytet	cytɛt
PWN:translate.v.01		përkthej	pəɾkθɛj
PWN:transport.v.02		mbaj	mbaj
PWN:transport.v.02		mbart	mbaɾt
PWN:trap.n.01		grackë	ɡɾat͡skə
PWN:trap.n.01		kurth	kʊɾθ
PWN:trap.v.02		zë	zə
PWN:travel.v.01		eci	ɛt͡si
PWN:travel.v.01		shkoj	ʃkɔj
PWN:tree.n.01		pemë	pɛmə
PWN:trouser.n.01		brekë	bɾɛkə
PWN:true.a.01		vërtetë	vəɾtɛtə
PWN:trunk.n.01		trung	tɾʊnɡ
PWN:truth.n.01		vërtetë	vəɾtɛtə
PWN:try.v.01		mundohem	mʊndɔhɛm
PWN:tube.n.01		tub	tʊb
PWN:tuesday.n.01		martë	maɾtə
PWN:tumble.v.01		gremisem	ɡɾɛmisɛm
PWN:turn.v.04		kthej	kθɛj
PWN:twelve.s.01		dymbëdhjetë	dymbəðjɛtə
PWN:twenty.s.01		njëzet	ɲəzɛt
PWN:two.s.01		dy	dy
PWN:uncle.n.01		dajë	dajə
PWN:uncle.n.01		xhaxha	d͡ʒad͡ʒa
PWN:understand.v.01		marr vesh	mar vɛʃ
PWN:undress.v.01		heq	hɛc
PWN:undress.v.01		zbath	zbaθ
PWN:unfold.v.04		lyej	lyɛj
PWN:up.r.01		lart	laɾt
PWN:up.r.01		përpjetë	pəɾpjɛtə
PWN:urge.v.01		nxis	nd͡zis
PWN:vainly.r.01		kot	kɔt
PWN:vein.n.01		venë	vɛnə
PWN:very.r.01		fort	fɔɾt
PWN:very.r.01		shumë	ʃʊmə
PWN:victimize.v.03		kobis	kɔbis
PWN:village.n.02		fshat	fʃat
PWN:village.n.02		katund	katʊnd
PWN:violence.n.01		dhunë	ðʊnə
PWN:visible.a.01		dukem	dʊkɛm
PWN:visit.v.07		vizitoj	vizitɔj
PWN:voice.n.02		zë	zə
PWN:wait.v.01		pres	pɾɛs
PWN:wake_up.v.02		zgjohem	ʒjɔhɛm
PWN:walk.n.01		ecje	ɛt͡sjɛ
PWN:walk.v.01		eci	ɛt͡si
PWN:walk.v.10		shëtis	ʃətis
PWN:war.n.01		luftë	lʊftə
PWN:ware.n.01		mall	maɫ
PWN:warm.a.01		ngrohtë	nɡɾɔhtə
PWN:wash.v.02		lahem	lahɛm
PWN:wash.v.03		finjos	fiɲɔs
PWN:wash.v.03		laj	laj
PWN:watch.v.01		shikoj	ʃikɔj
PWN:water.n.06		ujë	ʊjə
PWN:water.v.01		ujis	ʊjis
PWN:wave.n.01		dallgë	daɫɡə
PWN:wave.n.01		valë	valə
PWN:weak.a.01		dobët	dɔbət
PWN:wealth.n.01		kamje	kamjɛ
PWN:wealth.n.01		pasuri	pasʊɾi
PWN:wear.v.09		mbath	mbaθ
PWN:wear.v.09		vesh	vɛʃ
PWN:weather.n.01		mot	mɔt
PWN:wednesday.n.01		mërkurë	məɾkʊɾə
PWN:week.n.01		javë	javə
PWN:weight.n.01		peshë	pɛʃə
PWN:well.n.01		pus	pʊs
PWN:west.n.02		perëndim	pɛɾəndim
PWN:wet.a.01		lagur	laɡʊɾ
PWN:whistle.v.03		fishkëllej	fiʃkəɫɛj
PWN:white.a.01		bardhë	baɾðə
PWN:wide.a.01		gjerë	ɟɛɾə
PWN:wife.n.01		bashkëshorte	baʃkəʃɔɾtɛ
PWN:wife.n.01		grua	ɡɾʊa
PWN:willow.n.01		shelg	ʃɛlɡ
PWN:win.v.01		fitoj	fitɔj
PWN:win.v.01		ngadhënjej	nɡaðəɲɛj
PWN:wind.n.01		erë	ɛɾə
PWN:wind.v.03		mbështjell	mbəʃtjɛɫ
PWN:window.n.01		dritare	dɾitaɾɛ
PWN:wing.n.01		fletë	flɛtə
PWN:wing.n.01		krah	kɾah
PWN:winter.n.01		dimër	diməɾ
PWN:wipe.v.01		fshij	fʃij
PWN:wolf.n.01		ujk	ʊjk
PWN:woman.n.01		femër	fɛməɾ
PWN:woman.n.01		grua	ɡɾʊa
PWN:wood.n.01		dru	dɾʊ
PWN:wool.n.02		lesh	lɛʃ
PWN:word.n.01		fjalë	fjalə
PWN:work.v.01		punoj	pʊnɔj
PWN:work.v.01		vardoj	vaɾdɔj
PWN:worker.n.01		punëtor	pʊnətɔɾ
PWN:world.n.02		botë	bɔtə
PWN:worm.n.01		krimb	kɾimb
PWN:write.v.02		shkruaj	ʃkɾʊaj
PWN:year.n.01		vit	vit
PWN:yellow.s.01		verdhë	vɛɾðə
PWN:yesterday.r.01		dje	djɛ
PWN:young.a.01		i ri	i ɾi
