id	style	word	transcription
Agriculture:cultivate.V		耕す	tagayasu	
Agriculture:farmer.N		百姓	hyakushō	
Agriculture:farmer.N		農民	nōmin	
Agriculture:harvest or harvest season.N		収穫	shūkaku	
Agriculture:harvest or harvest season.N		取り入れ	toriire	
Agriculture:mow.V		刈る	karu (1)	
Agriculture:paddy field.N		田	ta	
Agriculture:pitchfork.N		股鍬	mataguwa	
Agriculture:plough.V		耕す	tagayasu	
Agriculture:plough.V		鋤く	suku	
Agriculture:rake.N		熊手	kumade	
Agriculture:shovel.N		シャベル	shaberu	
Agriculture:sickle or scythe.N		鎌	kama	
Agriculture:sow seeds.V		蒔く	maku	
Agriculture:thresh.V		扱く	koku	
Agriculture:thresh.V		脱穀	dakkoku	
Agriculture:threshing-floor.N		脱穀場	dakkokujō	
Animal:Acridomorpha.N		蝗	inago	
Animal:Acridomorpha.N		螽斯/蟋蟀	kirigirisu	
Animal:Acridomorpha.N		飛蝗	batta	
Animal:Anatidae.N		家鴨	ahiru	
Animal:Annelida.N		虫	mushi	
Animal:Anthophila.N		蜜蜂	mitsubachi	
Animal:Anura.N		蛙	kaeru (1)	
Animal:Araneae.N		蜘蛛	kumo (2)	
Animal:Aves.N		鳥	tori	
Animal:Blattodea.N		ごきぶり/蜚蠊/御器齧	gokiburi	
Animal:Blattodea.N		油虫	aburamushi	
Animal:Bos taurus.N		牛	ushi	
Animal:Canis lupus familiaris.N		犬	inu	
Animal:Canis lupus.N		狼	ōkami	
Animal:Capra hircus.N		山羊	yagi	
Animal:Cervidae.N		鹿	shika	
Animal:Cetacea.N		鯨	kujira	
Animal:Corvus.N		烏	karasu	
Animal:Culicidae.N		蚊	ka (1)	
Animal:Diptera.N		蠅	hae	
Animal:Elephantidae.N		象 (elephant), 像 (statue)	zō	
Animal:Equus asinus.N		驢馬	roba	
Animal:Equus ferus caballus.N		馬	uma	
Animal:Felis catus.N		猫	neko	
Animal:Felis leo.N		ライオン	raion	
Animal:Felis leo.N		獅子	shishi	
Animal:Formicidae.N		蟻	ari	
Animal:Gallus gallus domesticus.N		鶏	niwatori	
Animal:Homo sapiens.N		人	hito	
Animal:Homo sapiens.N		人間	ningen	
Animal:Insecta.N		昆虫	konchū	
Animal:Insecta.N		虫	mushi	
Animal:Lacertidae.N		蜥蜴	tokage	
Animal:Lampyridae.N		蛍	hotaru	
Animal:Leporidae.N		兎	usagi	
Animal:Ovis aries.N		羊	hitsuji	
Animal:Rhopalocera.N		蝶	chō (1)	
Animal:Sciuridae.N		栗鼠	risu	
Animal:Serpentes.N		蛇	hebi	
Animal:Simiiformes.N		猿	saru (1)	
Animal:Sus scrofa domestica.N		豚	buta	
Animal:Testudines.N		亀	kame	
Animal:Ursidae.N		熊	kuma	
Animal:Vespinae.N		蜂	hachi (1)	
Animal:Vulpes.N		狐	kitsune	
Animal:animal.N		動物	dōbutsu	
Animal:female.A		雌	mesu	
Animal:fish.N		魚	sakana	
Animal:male.A		雄	osu (1)	
Animal:wool.N		ウール	ūru	
Animal:wool.N		毛糸	keito	
Animal:wool.N		羊毛	yōmō	
Art:sculptor.N		彫刻家	chōkokuka	
Art:statue.N		象 (elephant), 像 (statue)	zō	
Atmosphere:cloud.N		雲	kumo (1)	
Atmosphere:fan (action).V		扇ぐ･煽ぐ	aogu	
Atmosphere:fan (object).N		団扇	uchiwa	
Atmosphere:fan (object).N		扇	ōgi	
Atmosphere:fan (object).N		扇子	sensu	
Atmosphere:fog.N		霧	kiri (1)	
Atmosphere:rain.N		雨	ame (1)	
Atmosphere:rainbow.N		虹	niji	
Atmosphere:sky.N		空	sora	
Atmosphere:storm.N		嵐	arashi	
Atmosphere:thunder.N		雷	ikazuchi	
Atmosphere:thunder.N		雷	kaminari	
Atmosphere:weather.N		天候	tenkō	
Atmosphere:weather.N		天気	tenki	
Atmosphere:wind.N		風 (wind) 風邪(cold). The latter is some sort of ateji.	kaze	
Belief:Catholic priest.N		聖職者	seishokusha	
Belief:altar.N		祭壇	saidan	
Belief:bless.V		祝福	shukufuku	
Belief:curse.V		呪う	norou	
Belief:deity.N		神	kami (3)	
Belief:demon.N		悪魔	akuma	
Belief:demon.N		鬼	oni	
Belief:ghost.N		お化け	obake	
Belief:ghost.N		幽霊	yūrei	
Belief:heaven.N		天国	tengoku	
Belief:heaven.N		極楽	gokuraku	
Belief:hell.N		地獄	jigoku	
Belief:holy.A		神聖	shinsei	
Belief:idol.N		偶像	gūzō	
Belief:magic.N		呪い	majinai	
Belief:magic.N		魔法	mahō	
Belief:magician.N		魔女	majo	
Belief:magician.N		魔法使い	mahōtsukai	
Belief:mosque.N		モスク	mosuku	
Belief:omen.N		兆し	kizashi	
Belief:omen.N		前兆	zenchō	
Belief:pray.V		拝む	ogamu	
Belief:pray.V		祈る	inoru	
Belief:religion.N		宗教	shūkyō	
Belief:sermon.V		説教	sekkyō	
Belief:soul.N		心	kokoro	
Belief:soul.N		精神	seishin	
Belief:soul.N		霊魂	reikon	
Belief:soul.N		魂	tamashii	
Belief:temple.N		寺	tera	
Belief:temple.N		寺院	ji’in	
Belief:temple.N		神殿	shinden	
Belief:worship.V		崇拝	sūhai	
Belief:worship.V		拝む	ogamu	
Body:ankle.N		足首	ashikubi	
Body:ankle.N		踝	kurubushi	
Body:arm.N		腕	ude	
Body:armpit.N		脇の下	waki no shita	
Body:armpit.N		腋下	ekika	
Body:back.N		背	se	
Body:back.N		背中	senaka	
Body:bald.A		禿る	hageru	
Body:bald.A		禿頭	tokutō	
Body:beak.N		嘴	kuchibashi	
Body:beard.N		髭	hige	
Body:belly.N		腹	hara	
Body:blink.V		瞬き	mabataki	
Body:blister.N		水脹れ	mizubukure	
Body:blister.N		火脹れ	hibukure	
Body:blood vessel.N		血管	kekkan	
Body:blood.N		血	chi	
Body:body hair.N		体毛	taimō	
Body:body.N		体	karada	
Body:boil.N		出来物	dekimono	
Body:boil.N		根太	nebuto	
Body:boil.N		膿瘍	nōyō	
Body:bone.N		骨	hone	
Body:brain.N		脳	nō	
Body:breast.N		おっぱい	oppai	
Body:breast.N		乳	chichi (2)	
Body:breath.V		吸う	suu	
Body:breath.V		呼吸	kokyū	
Body:bruise.N		打ち傷	uchikizu	
Body:bruise.N		痣	aza	
Body:buttock.N		尻	shiri	
Body:buttock.N		臀部	denbu	
Body:calf of leg.N		脹脛	fukurahagi	
Body:calf of leg.N		腓	komura	
Body:carcass.N		死体	shitai	
Body:cheek.N		頬	hō	
Body:chest.N		胸	mune	
Body:chin.N		頤	otogai	
Body:chin.N		顎、頤	ago	
Body:collarbone.N		鎖骨	sakotsu	
Body:corpse.N		死体	shitai	
Body:dribble.V		涎を垂らす	yodare o tarasu	
Body:ear.N		耳	mimi	
Body:ear.N		耳朶	jida	
Body:earlobe.N		耳朶	jida	
Body:earlobe.N		耳朶	mimitabu	
Body:earwax.N		耳垢	mimiaka	
Body:elbow.N		肘	hiji	
Body:eye.N		目、眼	me	
Body:eyebrow.N		眉毛	mayuge	
Body:eyelash.N		睫	matsuge	
Body:eyelid.N		瞼	mabuta	
Body:face.N		顔	kao	
Body:fart.V		おなら	onara	
Body:fart.V		放屁	hōhi	
Body:fat.N		油 (”oil”), 脂 (”grease, fat”)	abura	
Body:fat.N		脂肪	shibō (1)	
Body:feather.N		羽根(plucked feather)、羽(live feather)	hane	
Body:feces.V		うんこ	unko	
Body:feces.V		大便	daiben	
Body:feces.V		糞	kuso	
Body:finger.N		指	yubi	
Body:fingernail.N		爪	tsume	
Body:flesh.N		肉	niku	
Body:foot.N		脚(leg)、足(foot)	ashi	
Body:footprint.N		足跡	ashiato	
Body:forehead.N		額	hitai	
Body:fur.N		毛皮	kegawa	
Body:goiter.N		甲状腺腫	kōjōsenshu	
Body:gum.N		歯肉	shiniku	
Body:gum.N		歯茎	haguki	
Body:gum.N		歯齦	shigin	
Body:hand.N		手	te	
Body:head hair.N		毛	ke	
Body:head hair.N		髪	kami (1)	
Body:head.N		頭	atama	
Body:heart.N		心	kokoro	
Body:heart.N		心臓	shinzō	
Body:heel.N		踵	kakato	
Body:hip.N		尻	shiri	
Body:hip.N		臀部	denbu	
Body:horn.N		角	tsuno	
Body:intestines.N		内臓	naizō	
Body:intestines.N		腸	chō (2)	
Body:jaw.N		牙	kiba	
Body:jaw.N		顎、頤	ago	
Body:kidney.N		腎臓	jinzō	
Body:knee.N		膝	hiza	
Body:leg.N		脚(leg)、足(foot)	ashi	
Body:lip.N		唇	kuchibiru	
Body:liver.N		肝	kimo	
Body:liver.N		肝臓	kanzō	
Body:lung.N		肺臓	haizō	
Body:molar tooth.N		奥歯	okuba	
Body:molar tooth.N		臼歯	kyūshi	
Body:mouth.N		口	kuchi	
Body:nape.N		襟首	erikubi	
Body:nape.N		項	unaji	
Body:navel.N		臍	heso	
Body:neck.N		首	kubi	
Body:nipple.N		乳首	chichikubi	
Body:nose.N		鼻	hana (1)	
Body:nostril.N		鼻孔	bikō	
Body:palm.N		掌	tanagokoro	
Body:palm.N		掌	tenohira	
Body:penis.N		ちんこ	chinko	
Body:penis.N		ペニス	penisu	
Body:penis.N		男根	dankon	
Body:piss.V		おしっこ	oshikko	
Body:piss.V		小便	shōben	
Body:piss.V		尿	nyō	
Body:pubic hair.N		恥毛	chimō	
Body:pubic hair.N		陰毛	inmō	
Body:rib.N		肋	abara	
Body:rib.N		肋骨	rokkotsu	
Body:scar.N		傷跡	kizuato	
Body:shell.N		貝	kai (1)	
Body:shoulder.N		肩	kata (2)	
Body:shoulderblade.N		肩甲骨・肩胛骨	kenkōkotsu	
Body:skin.N		皮	kawa (2)	
Body:skin.N		皮膚	hifu	
Body:skull.N		頭蓋骨	zugaikotsu	
Body:sneeze.V		嚔する	kushami	
Body:spine.N		背骨	sebone	
Body:spine.N		脊柱	sekichū	
Body:spit.V		唾を吐く	tsuba o haku	
Body:spleen.N		脾臓	hizō	
Body:stomach.N		胃	i	
Body:sweat.V		汗を掻く	ase o kaku	
Body:sweat.V		発汗	hakkan	
Body:swell.N		瘤	kobu	
Body:swell.N		腫れ	hare	
Body:tail.N		尻尾	shippo	
Body:tail.N		尾	o	
Body:tear.N		涙	namida	
Body:temple.N		蟀谷	komekami	
Body:tendon.N		筋	suji	
Body:tendon.N		腱	ken (1)	
Body:testicle.N		睾丸	kōgan	
Body:testicle.N		金玉	kintama	
Body:throat.N		喉	nodo	
Body:thumb.N		親指	oyayubi	
Body:toe.N		足指	ashiyubi	
Body:tongue.N		舌	shita (1)	
Body:tooth.N		歯	ha (1)	
Body:udder.N		おっぱい	oppai	
Body:udder.N		乳房	chibusa	
Body:upper leg.N		腿	momo	
Body:vagina.N		まんこ	manko	
Body:vagina.N		膣	chitsu	
Body:vulva.N		陰門	inmon	
Body:waist.N		腰	koshi	
Body:waist.N		腰部	yōbu	
Body:wing.N		翼	tsubasa	
Body:womb.N		子宮	shikyū	
Body:wound.N		傷	kizu	
Body:wound.N		怪我, a case of ateji	kega	
Body:wrist.N		手首	tekubi	
Body:yawn.V		欠伸	akubi	
Building:adobe.N		アドービ煉瓦	adōbirenga	
Building:adobe.N		日干し煉瓦	hiboshirenga	
Building:arch.N		アーチ	āchi	
Building:arch.N		迫持	serimochi	
Building:beam.N		梁	hari (2)	
Building:board.N		板	ita	
Building:brick.N		煉瓦	renga	
Building:build.V		建てる	tateru	
Building:build.V		建築	kenchiku	
Building:build.V		築く	kizuku	
Building:camp.N		キャンプ	kyanpu	
Building:camp.N		野営	yaei	
Building:chimney.N		煙突	entotsu	
Building:cookhouse.N		炊事場	suijijō	
Building:door.N		ドア	doa	
Building:door.N		扉	tobira	
Building:doorpost.N		側柱	gawabashira	
Building:fireplace.N		暖炉 (originally 煖炉)	danro	
Building:floor.N		床	yuka	
Building:garden-house.N		東屋	azumaya	
Building:house.N		家	ie	
Building:hut.N		小屋	koya	
Building:mason.N		石工	sekkō	
Building:mortar binder.N		モルタル	morutaru	
Building:mortar binder.N		漆喰, a case of ateji. Originally it was石灰.	shikkui	
Building:post.N		杭/杙/株	kui	
Building:post.N		柱	hashira	
Building:post.N		竿	sao	
Building:rafter.N		垂木	taruki	
Building:ridgepole.N		棟木	munagi	
Building:roof.N		屋根	yane	
Building:room.N		部屋 (probably ateji)	heya	
Building:tent.N		テント	tento	
Building:thatch.N		屋根葺き	yanefuki	
Building:thatch.N		藁葺き	warabuki	
Building:tower.N		塔	tō (2)	
Building:wall.N		壁	kabe	
Building:window.N		窓	mado	
Building:yard.N		庭	niwa	
Cleaning:broom.N		箒-帚	hōki	
Cleaning:clean.A		清い	kiyoi	
Cleaning:clean.A		清潔	seiketsu	
Cleaning:clean.A		綺麗	kirei	
Cleaning:dirty.A		汚い	kitanai	
Cleaning:sweep.V		掃く	haku (2)	
Cleaning:sweep.V		掃除	sōji	
Cleaning:wash.V		洗う	arau	
Cleaning:wash.V		洗濯	sentaku (1)	
Cleaning:wipe.V		拭く	fuku (3)	
Clothing:Gossypium.N		木綿	momen	
Clothing:awl.N		錐	kiri (2)	
Clothing:bead.N		ビーズ	biizu	
Clothing:bead.N		数珠球	juzudama	
Clothing:belt.N		ベルト	beruto	
Clothing:belt.N		帯	obi	
Clothing:boot.N		ブーツ	būtsu	
Clothing:boot.N		長靴	nagagutsu	
Clothing:braid.N		お下げ髪	osagekami	
Clothing:braid.N		三つ編み	mitsuami	
Clothing:button.N		ボタン, 鈕, 釦	botan	
Clothing:cloak.N		マント	manto	
Clothing:cloth.N		布	nuno	
Clothing:cloth.N		織物	orimono	
Clothing:clothes.N		服	fuku (1)	
Clothing:coat.N		コート	kōto	
Clothing:coat.N		上着	uwagi	
Clothing:collar.N		襟	eri	
Clothing:dress.N		ドレス	doresu	
Clothing:dye.V		染める	someru	
Clothing:felt.N		フェルト	feruto	
Clothing:glove.N		手袋	tebukuro	
Clothing:grass-skirt.N		腰蓑スカート	koshimino-sukāto	
Clothing:headband or headdress.N		鉢巻	hachimaki	
Clothing:headgear.N		帽子	bōshi	
Clothing:leather.N		皮	kawa (2)	
Clothing:leather.N		皮革	hikaku	
Clothing:linen.N		リンネル	rinneru	
Clothing:loom.N		機	hata	
Clothing:loom.N		織機	oriki	
Clothing:naked.A		裸	hadaka	
Clothing:needle.N		針	hari (1)	
Clothing:pin.N		ピン	pin	
Clothing:pocket.N		ポケット	poketto	
Clothing:pocket.N		懐	futokoro	
Clothing:poncho.N		ポンチョ	poncho	
Clothing:put on.V		着る	kiru (1)	
Clothing:rag.N		ハンカチ	hankachi	
Clothing:rag.N		襤褸切	borokire	
Clothing:sew.V		縫う	nuu	
Clothing:shirt.N		シャツ	shatsu	
Clothing:shoe.N		靴	kutsu	
Clothing:shoemaker.N		靴屋	kutsuya	
Clothing:silk.N		シルク	shiruku	
Clothing:silk.N		絹	kinu	
Clothing:skirt.N		スカート	sukāto	
Clothing:snowshoe.N		橇	kanjiki	
Clothing:snowshoe.N		雪靴	yukigutsu	
Clothing:spin.V		紡ぐ	tsumugu	
Clothing:spindle.N		紡錘	bōsui	
Clothing:spindle.N		錘	tsumu	
Clothing:stocking.N		ストッキング	sutokkingu	
Clothing:stocking.N		ソックス	sokkusu	
Clothing:stocking.N		靴下	kutsushita	
Clothing:tailor.N		仕立屋	shitateya	
Clothing:thread.N		糸	ito (1)	
Clothing:towel.N		タオル	taoru	
Clothing:trousers.N		スラックス	surakkusu	
Clothing:trousers.N		ズボン	zubon	
Clothing:veil.N		ベール	bēru	
Clothing:weave.V		織る	oru	
Cognition:study.V		勉強	benkyō	
Cognition:study.V		学ぶ	manabu	
Combat:bomb.N		爆弾	bakudan	
Combat:fight.V		争う	arasou	
Combat:fight.V		戦う・闘う	tatakau	
Combat:helmet.N		ヘルメット	herumetto	
Combat:helmet.N		兜・冑・甲	kabuto	
Communication:answer.V		答える	kotaeru	
Communication:answer.V		返事	henji	
Communication:boast.V		威張る	ibaru	
Communication:boast.V		自慢	jiman	
Communication:boast.V		誇る	hokoru	
Communication:call.V		呼ぶ	yobu	
Communication:deny.V		否定	hitei	
Communication:deny.V		打ち消す	uchikesu	
Communication:forbid.V		禁じる	kinjiru	
Communication:forbid.V		禁止	kinshi	
Communication:language.N		言葉	kotoba	
Communication:language.N		言語	gengo	
Communication:letter.N		手紙	tegami	
Communication:mail.N		郵便	yūbin	
Communication:newspaper.N		新聞	shinbun	
Communication:postage stamp.N		切手	kitte	
Communication:postcard.N		葉書、older variants　端書、羽書、判書	hagaki	
Communication:radio.N		ラジオ	rajio	
Communication:radio.N		無線	musen	
Communication:refuse.V		拒否	kyohi	
Communication:refuse.V		断る	kotowaru	
Communication:telephone.N		電話	denwa	
Communication:television set.N		テレビ	terebi	
Communication:tell.V		語る	kataru	
Cosmos:Sun.N		太陽	taiyō (1)	
Cosmos:Sun.N		日	hi (1)	
Cosmos:moon.N		月	tsuki	
Cosmos:star.N		星	hoshi	
Element:Ag.N		銀	gin	
Element:Au.N		金	kin	
Element:Au.N		黄金	ōgon	
Element:Cu.N		銅	dō (1)	
Element:Fe.N		鉄	tetsu	
Element:Pb.N		鉛	namari	
Emotion:feel.V		感じる	kanjiru	
Emotion:feel.V		触る	sawaru	
Family:ancestors.N		先祖	senzo	
Family:aunt.N		伯母　(parent’s elder brother)、叔母(parent’s younger brother)	oba	
Family:brother.N		兄弟	keitei	
Family:brother.N		男兄弟	otokokyōdai	
Family:child.N		子供	kodomo	
Family:cousin.N		従兄弟 (usually in hiragana. In kanji, the characters given are most common, but appropriate characters can be used to indicate gender and relative age of the cousin)	itoko	
Family:daughter.N		娘	musume	
Family:descendant.N		子孫	shison	
Family:divorce.N		離婚	rikon	
Family:family.N		家族	kazoku	
Family:family.N		身内	miuchi	
Family:father.N		お父さん	otōsan	
Family:father.N		父	chichi (1)	
Family:grandchild.N		孫	mago	
Family:granddaughter.N		孫娘	magomusume	
Family:grandfather.N		お祖父さん (grandfather) お爺さん (old man)	ojiisan	
Family:grandfather.N		祖父	sofu	
Family:grandmother.N		お祖母さん (grandmother) お婆さん (old woman)	obāsan	
Family:grandmother.N		祖母	sobo	
Family:grandparents.N		祖父母	sofubo	
Family:grandson.N		孫	mago	
Family:husband.N		主人	shujin	
Family:husband.N		亭主	teishu	
Family:husband.N		夫	otto	
Family:husband.N		旦那、originally 檀那	danna	
Family:married man.N		妻帯者	saitaisha	
Family:married woman.N		人妻	hitozuma	
Family:marry.V		結婚	kekkon	
Family:mother.N		お母さん	okāsan	
Family:mother.N		母	haha	
Family:nephew.N		甥	oi	
Family:niece.N		姪	mei	
Family:older brother.N		お兄さん	oniisan	
Family:older brother.N		兄	ani	
Family:older sibling.N		兄姉	keishi	
Family:older sibling.N		年上の兄弟	toshiue no kyōdai	
Family:older sister.N		お姉さん	onēsan	
Family:older sister.N		姉	ane	
Family:orphan.N		孤児	koji	
Family:parents.N		両親	ryōshin	
Family:parents.N		親	oya	
Family:relatives.N		親戚	shinseki	
Family:sibling-in-law.N		義兄弟	gikyōdai	
Family:sibling.N		兄弟	kyōdai	
Family:sibling.N		兄弟姉妹	kyōdaishimai	
Family:sister.N		女兄弟	onnakyōdai	
Family:sister.N		姉妹	shimai	
Family:son.N		息子	musuko	
Family:stepdaughter.N		継娘	mamamusume	
Family:stepfather.N		継父	mamachichi	
Family:stepfather.N		義父	gifu	
Family:stepmother.N		継母	mamahaha	
Family:stepmother.N		義母	gibo	
Family:stepson.N		継息子	mamamusuko	
Family:uncle.N		伯父　(parent’s elder brother)、叔父(parent’s younger brother)	oji	
Family:wedding.N		結婚式	kekkonshiki	
Family:widow.N		寡、寡婦?	yamome	
Family:widow.N		寡婦	kafu	
Family:widow.N		未亡人	mibōjin	
Family:widower.N		男寡婦	otokoyamome	
Family:wife.N		奥さん	okusan	
Family:wife.N		女房	nyōbō	
Family:wife.N		妻	tsuma	
Family:wife.N		家内	kanai	
Family:younger brother.N		弟	otōto	
Family:younger sibling.N		年下の兄弟	toshishita no kyōdai	
Family:younger sibling.N		弟妹	teimai	
Family:younger sister.N		妹	imōto	
Food:Ficus carica.N		イチジク・無花果・映日果	ichijiku	
Food:Musa acuminata.N		バナナ　（obsolete kanji 実芭蕉）	banana	
Food:bake.V		焼く	yaku	
Food:candy.N		キャンデー	kyandē	
Food:candy.N		菓子、果子	kashi (1)	
Food:candy.N		飴	ame (2)	
Food:fermented alcohol.N		発酵飲料	hakkōinryō	
Food:flour.N		小麦粉	komugiko	
Food:sausage.N		ソーセージ	sōsēji	
Food:supper.N		夕食	yūshoku	
Food:supper.N		夕飯	yūmeshi	
Food:supper.N		晩餐	bansan	
Food:tea.N		茶	cha	
Form:bend.V		曲げる	mageru	
Function:1PL.PRN		俺達	oretachi	
Function:1PL.PRN		僕等	bokura	
Function:1PL.PRN		我々	wareware	
Function:1PL.PRN		私達	watashitachi	
Function:1SG.PRN		俺	ore	
Function:1SG.PRN		僕	boku	
Function:1SG.PRN		私	watashi	
Function:2PL.PRN		君達	kimitachi	
Function:2PL.PRN		貴方々	anatagata	
Function:2SG.PRN		君	kimi (1)	
Function:2SG.PRN		御前	omae	
Function:2SG.PRN		貴方	anata	
Function:3PL.PRN		彼等	karera	
Function:3SG INAN.PRN		それ	sore	
Function:3SG M.PRN		彼	kare	
Function:3SG.PRN		彼	kare	
Function:3SG.PRN		彼女	kanojo	
Function:and.CNJ		そして	soshite	
Function:and.CNJ		と	to	
Function:and.CNJ		や	ya (2)	
Function:or.CNJ		か	ka (2)	
Function:or.CNJ		又	mata	
Grooming:bracelet.N		腕輪	udewa	
Grooming:brush.N		ブラシ、刷子	burashi	
Grooming:brush.N		刷毛	hake	
Grooming:comb.N		櫛(comb), 串(skewer)	kushi	
Grooming:earring.N		イヤリング	iyaringu	
Grooming:earring.N		耳輪	mimiwa	
Grooming:jewel.N		宝石	hōseki	
Grooming:mirror.N		鏡	kagami	
Grooming:necklace.N		ネックレス	nekkuresu	
Grooming:necklace.N		首飾り	kubikazari	
Grooming:ointment.N		軟膏	nankō	
Grooming:ornament.N		アクセサリー	akusesarii	
Grooming:ornament.N		飾り物	kazarimono	
Grooming:razor.N		剃刀	kamisori	
Grooming:ring.N		指輪	yubiwa	
Grooming:soap.N		石鹸	sekken	
Grooming:tattoo.N		刺青	irezumi	
Handiwork:adze.N		手斧	chōna	
Handiwork:adze.N		手斧	teono	
Handiwork:anvil.N		金床	kanatoko	
Handiwork:axe.N		斧	ono	
Handiwork:blacksmith.N		鍛冶屋 (first two characters ateji)	kajiya	
Handiwork:bore.V		穴を開ける	ana o akeru	
Handiwork:braid or weave.V		編む	amu	
Handiwork:carpenter.N		大工	daiku	
Handiwork:carve.V		刻む	kizamu	
Handiwork:carve.V		彫刻	chōkoku	
Handiwork:carve.V		掘る (”dig”), 彫る (”carve”)	horu	
Handiwork:cast.V		鋳造	chūzō	
Handiwork:chisel.N		彫刻刀	chōkokutō	
Handiwork:chisel.N		鑿	nomi (2)	
Handiwork:forge.V		鍛える	kitaeru	
Handiwork:hammer.N		ハンマー	hanmā	
Handiwork:hammer.N		鎚	tsuchi (2)	
Handiwork:nail.N		釘	kugi	
Handiwork:peg.N		杭/杙/株	kui	
Handiwork:peg.N		栓	sen (3)	
Handiwork:peg.N		釘	kugi	
Handiwork:potter.N		陶工	tōkō	
Handiwork:saw.N		鋸	nokogiri	
Handiwork:screw.N		捻子、捩子、螺旋、螺子 (all seem to be ateji)	neji	
Handiwork:screwdriver.N		螺旋回し	nejimawashi	
Handiwork:shears.N		鋏	hasami	
Handiwork:tool.N		工具	kōgu	
Handiwork:tool.N		道具	dōgu	
Handiwork:whetstone.N		砥石	toishi	
Handiwork:workshop.N		工場, note that this is written the same as kōjō which is a bigger factory.	kōba	
Health:disease.N		病気	byōki	
Health:fever.N		熱	netsu	
Health:healthy.A		健康	kenkō	
Health:healthy.A		元気	genki	
Health:hospital.N		病院	byōin	
Health:injection.N		注射	chūsha	
Health:medicine.N		薬	kusuri	
Health:physician.N		医者	isha	
Health:pill.N		錠剤	jōzai	
Health:poison.N		毒	doku	
House:bed.N		ベッド	beddo	
House:bed.N		寝台	shindai	
House:bed.N		床	toko	
House:blanket.N		毛布	mōfu	
House:mattress.N		マットレス、　敷布団	mattoresu	
House:mattress.N		布団、originally 蒲団	futon	
House:pillow.N		枕	makura	
House:rug.N		カーペット	kāpetto	
House:rug.N		絨毯	jūtan	
House:sink.N		洗面器	senmenki	
House:toilet.N		トイレ	toire	
House:toilet.N		便所	benjo	
House:toilet.N		化粧室	keshōshitsu	
House:toilet.N		御手洗	otearai	
Hunting:boomerang.N		ブーメラン	būmeran	
Hunting:hunt.V		狩る	karu (2)	
Language:book.N		本	hon	
Law:crime.N		犯罪	hanzai	
Law:crime.N		罪	tsumi	
Mind:dream.V		夢を見る	yume o miru	
Motion:approach.V		接近	sekkin	
Motion:approach.V		近寄る	chikayoru	
Motion:arrive.V		到着	tōchaku	
Motion:arrive.V		着く	tsuku (1)	
Motion:bring.V		持つ	motsu	
Motion:carry.V		運ぶ	hakobu	
Motion:catch.V		捕まえる	tsukamaeru	
Motion:catch.V		捕らえる	toraeru	
Motion:climb.V		上る (go up in general) 登る (climb)　昇る(rise)	noboru	
Motion:come back.V		戻る	modoru	
Motion:come back.V		返る (”return”)・帰る (”return, go home”)	kaeru (2)	
Motion:come.V		来る	kuru	
Motion:crawl or creep.V		這う	hau	
Motion:drop (something).V		落す	otosu	
Motion:enter.V		入る	hairu	
Motion:fall.V		落ちる	ochiru	
Motion:fly.V		飛ぶ (”fly”), 跳ぶ (”jump”)	tobu	
Motion:follow.V		後続	kōzoku	
Motion:follow.V		従う	shitagau	
Motion:follow.V		着く	tsuku (1)	
Motion:follow.V		辿る	tadoru	
Motion:go.V		行く	iku	
Motion:leave.V		出発	shuppatsu	
Motion:leave.V		去る	saru (2)	
Motion:lift.V		持ち上げる	mochiageru	
Motion:ride.V		乗る	noru	
Motion:ride.V		乗馬	jōba	
Motion:roll.V		転がす	korogasu	
Motion:turn (sth).V		向ける	mukeru	
Motion:walking stick.N		ステッキ	sutekki	
Motion:walking stick.N		杖	tsue	
Music:brass instrument.N		トランペット	toranpetto	
Music:brass instrument.N		ホルン	horun	
Music:brass instrument.N		喇叭	rappa	
Music:brass instrument.N		角笛	tsunobue	
Music:drum.N		ドラム	doramu	
Music:drum.N		太鼓	taiko	
Music:government.N		政府	seifu	
Music:music.N		音楽	ongaku	
Music:sing.V		歌う	utau	
Music:song.N		曲	kyoku	
Music:song.N		歌	uta	
Nature:flame.N		炎	honoo	
Nature:savanna.N		サバンナ	saban’na	
Nature:sea.N		海	umi (1)	
Nature:shore.N		岸	kishi	
Nature:shore.N		河岸	kagan	
Nature:shore.N		海岸	kaigan	
People:baby.N		赤ちゃん	aka-chan	
People:boy.N		少年	shōnen	
People:boy.N		男の子	otokonoko	
People:boy.N		男子	danshi	
People:child.N		子供	kodomo	
People:female.A		女	onna	
People:female.A		女性	josei	
People:girl.N		女の子	onnanoko	
People:girl.N		女子	joshi	
People:girl.N		少女	shōjo	
People:male.A		男	otoko	
People:male.A		男性	dansei	
People:man.N		男	otoko	
People:man.N		男性	dansei	
People:old man.N		お祖父さん (grandfather) お爺さん (old man)	ojiisan	
People:old man.N		年寄り	toshiyori	
People:old man.N		老人	rōjin	
People:old woman.N		お祖母さん (grandmother) お婆さん (old woman)	obāsan	
People:old woman.N		老婆	rōba	
People:old woman.N		老婦	rōfu	
People:twins.N		双子	futago	
People:woman.N		女	onna	
People:woman.N		女性	josei	
People:young man.N		若者	wakamono	
People:young man.N		青年	seinen	
People:young woman.N		乙女	otome	
People:young woman.N		青女	seijo	
Perception:touch.V		触る	sawaru	
Perception:touch.V		触れる	fureru	
Plant:Betula.N		樺	kaba	
Plant:branch or twig.N		枝	eda	
Plant:leaf.N		葉	ha (2)	
Plant:needle.N		針葉	shin’yō (1)	
Plant:plant.N		植物	shokubutsu	
Plant:root.N		根	ne	
Plant:sap.N		樹液	jueki	
Plant:seed.N		種	tane	
Plant:seed.N		種子	shushi	
Plant:tree stump.N		切り株	kirikabu	
Plant:tree trunk.N		幹	miki	
Plant:tree.N		木	ki (1)	
Plant:vine.N		葡萄の木	budō no ki	
Quantity:0.NUM		ゼロ	zero	
Quantity:0.NUM		零	rei	
Quantity:1.NUM		一	ichi (2)	
Quantity:1.NUM		一つ	hitotsu	
Quantity:10.NUM		十	jū (2)	
Quantity:10.NUM		十	tō (1)	
Quantity:100.NUM		百	hyaku	
Quantity:1000.NUM		千	sen (1)	
Quantity:11.NUM		十一	jūichi	
Quantity:12.NUM		十二	jūni	
Quantity:15.NUM		十五	jūgo	
Quantity:2.NUM		二	ni (1)	
Quantity:2.NUM		二つ	futatsu	
Quantity:20.NUM		二十	nijū	
Quantity:3.NUM		三	san	
Quantity:3.NUM		三つ	mittsu	
Quantity:4.NUM		四	shi	
Quantity:4.NUM		四	yon	
Quantity:4.NUM		四つ	yottsu	
Quantity:5.NUM		五	go (1)	
Quantity:5.NUM		五つ	itsutsu	
Quantity:6.NUM		六	roku	
Quantity:6.NUM		六つ	muttsu	
Quantity:7.NUM		七	nana	
Quantity:7.NUM		七	shichi	
Quantity:7.NUM		七つ	nanatsu	
Quantity:8.NUM		八	hachi (3)	
Quantity:8.NUM		八つ	yattsu	
Quantity:9.NUM		九	kyū (2)	
Quantity:9.NUM		九つ	kokonotsu	
Society:help.V		助ける	tasukeru	
Society:help.V		援助	enjo	
Sound:be silent.V		黙る	damaru	
Sound:flute.N		フルート	furūto	
Sound:flute.N		笛	fue	
Sound:howl.V		吼える・吠える・咆える	hoeru	
Sound:rattle.N		ガラガラ	garagara	
Sound:shout.V		叫ぶ	sakebu	
Sound:shout.V		怒鳴る (first character probably ateji)	donaru	
Sound:shriek.V		喚く	wameku	
Sound:shriek.V		悲鳴を上げる	himei o ageru	
Sound:stutter.V		吃る	domoru	
Sound:voice.N		声	koe	
Sound:whisper.V		囁く	sasayaku	
Sound:whistle.V		口笛を吹く	kuchibue o fuku	
Storage:basket.N		籠	kago	
Storage:bottle.N		瓶	bin	
Storage:can.N		缶 (a case of ateji), older variants: 罐、鑵	kan	
Storage:misplace.V		失う	ushinau	
Storage:misplace.V		無くす	nakusu	
Storage:netbag.N		ネットバッグ	nettobaggu	
Storage:pour.V		注ぐ	sosogu	
Time:autumn.N		秋	aki	
Time:calendar.N		カレンダー	karendā	
Time:calendar.N		暦	koyomi	
Time:final.A		最後	saigo	
Time:hour.N		時間	jikan	
Time:last.V		掛かる	kakaru	
Time:last.V		続く	tsuzuku	
Time:late.ADV		遅い	osoi	
Time:month.N		月	gatsu	
Time:month.N		月	tsuki	
Time:never.ADV		いつでも	itsudemo	
Time:never.ADV		決して	kesshite	
Time:new.A		新しい	atarashii	
Time:night.N		夜	yoru (2)	
Time:now.ADV		今	ima	
Time:often.ADV		しばしば・屡	shibashiba	
Time:often.ADV		よく	yoku	
Time:often.ADV		度々	tabitabi	
Time:often.ADV		頻繁	hinpan	
Time:old.A		古い	furui	
Time:old.A		年取る	toshitoru	
Time:season.N		季節	kisetsu	
Time:springtime.N		春	haru	
Time:summer.N		夏	natsu	
Time:time.N		時	toki	
Time:time.N		時間	jikan	
Time:today.ADV		今日	kyō (1)	
Time:tomorrow.ADV		明日	ashita	
Time:tomorrow.ADV		明日	asu	
Time:winter.N		冬	fuyu	
Time:year.N		年	nen	
Time:year.N		年	toshi (1)	
Time:year.N		年間	nenkan	
Time:yesterday.ADV		昨日	kinō	
Time:yesterday.ADV		昨日	sakujitsu	
Transit:airplane.N		飛行機	hikōki	
Transit:anchor.N		錨	ikari (1)	
Transit:bicycle.N		ちゃりんこ	charinko	
Transit:bicycle.N		自転車	jitensha	
Transit:boat.N		ボート	bōto	
Transit:boat.N		船 (”ship”), 舟 (”boat”)	fune	
Transit:brake.V		ブレーキ	burēki	
Transit:bus.N		バス	basu	
Transit:canoe.N		カヌー	kanū	
Transit:car.N		自動車	jidōsha	
Transit:car.N		車	kuruma	
Transit:cart.N		荷馬車	nibasha	
Transit:cart.N		車	kuruma	
Transit:driver's license.N		免許	menkyo	
Transit:license plate.N		ナンバープレート	nanbāpurēto	
Transit:motorcycle.N		オートバイ	ōtobai	
Transit:oar.N		オール	ōru	
Transit:oar.N		櫂	kai (2)	
Transit:oar.N		櫓・艪	ro	
Transit:paddle.N		パドル	padoru	
Transit:paddle.N		櫂	kai (2)	
Transit:road.N		道	michi	
Transit:road.N		道路	dōro	
Transit:row.V		漕ぐ	kogu	
Transit:rudder.N		舵	kaji	
Transit:sail.V		帆走	hansō	
Transit:sail.V		航行	kōkō	
Transit:sailcloth.N		帆	ho	
Transit:ship.N		船 (”ship”), 舟 (”boat”)	fune	
Transit:street.N		通り	tōri	
Transit:train.N		汽車	kisha	
Transit:train.N		電車	densha	
Transit:wheel.N		車輪	sharin	
Transit:wheel.N		輪	wa	
