id	style	word	morphology	etymology
PLX:1PL POSS.pro		mesi	mes’i	
PLX:1PL.pro		mes	mes	
PLX:1SG POSS.pro		mi	m’i	
PLX:1SG.pro		me	m’e	eng:fra:por:me, spa:mi; me, fas: من‎ (man), hin:मैं (mẽ), ben:আমি (ami), ful:mi, swa:mimi
PLX:2PL POSS.pro		tesi	tes’i	
PLX:2PL.pro		tes	tes	
PLX:2SG POSS.pro		ti	t’i	
PLX:2SG.pro		te	t’e	deu:du, fra:por:tu, spa:tú, rus:ты (ty), fas: تو‎ (to), hin:तू (tū), ben:তুই (tui)
PLX:3PL POSS.pro		lesi	les’i	
PLX:3PL.pro		les	les	
PLX:3SG POSS.pro		li	l’i	
PLX:3SG.pro		le	l’e	eng:he; her, ara: هُوَ (huwa); هِيَ (hiya), heb: הו (hū); הי (hī)
PLX:Pan-African.a		panafriki	pan.afrik’i	
PLX:Pan-American.a		panameriki	pan.amerik’i	
PLX:Pan-Asian.a		panasia’i	pan.as·ia’i	
PLX:Pan-European.a		paneuropi	pan.europ’i	
PLX:and.cnj		e	e	eng:and, fra:et, por:e, spa:y; e, zho:和 (hé), ful:e
PLX:antifascism.n		antifashisme	anti.fash·ism'e	
PLX:because.cnj		sababu	sabab’u	
PLX:genderology.n		jenerolojia	jen·er·o·loj·ia	
PLX:haha.int		haha	haha’	eng:fra:por:tur:haha, spa:jaja, rus:ха-ха (ha-ha), zho:哈哈 (hāhā), jpn:わはは (wa-ha-ha), ara:(hahah)
PLX:hello.int		halo	halo’	eng:hello,  zho:哈喽 (hālóu), hin:हेलो (helo), ben:হ্যালো  (hyalo), may:halo + fra:allô, spa:aló, por:alô, rus:алло (allo), ara: آلُو‎ (ʾālū), tur:alo
PLX:hello.int		sal	sal	ara:fas: سلام‎ (salâm), hin:सलाम (salām), ben: সালাম (salam), may:selamat, swa:salamu, ful:salaam, hau:salam, tur:selam + eng:salute, fra:salut, spa:salude, por:saúde + kor:잘 (jal)
PLX:heuristics.n		heuristia	heur·istia	
PLX:hey.int		hei	hei	eng:hey, fra:hé, spa:hey, por:ei, rus:эй (ey), zho:喂 (wèi), vie:ê; ơi, fas: هی‎ (hey), ful:héé
PLX:oganesson.n		oganeson	oganeson	eng:fra:por:may:oganesson, spa:oganesón, rus:оганесон, jpn:オガネソン, kor:우누녹튬
PLX:okay.n.01		okei	okei	
PLX:or.cnj		o	o	eng:or, spa:tgl:o, fra:por:ou, zho:或 (huò), ara:(ʾaw)
PLX:prepend.v		prepozita	pre.pozit’a	
PWN:age.n.01		umre	umr'e	ara: عُمُر‎ (ʿumur), fas: عمر (omr), hin:उमर (umar), ben:ওমর (omôr), swa:umri, may:umur, tur:ömür
PWN:aim.v.01		dika	dik’a	
PWN:air.n.01		aer	aer	eng:fra:spa:air, por:ar, rus:аэро- (aero-)
PWN:airport.n.01		aeroporte	aer·o·port'e	
PWN:alcohol.n.01		alkol	alk·ol	ara: كُحُول‎ (kuḥūl), eng:spa:alcohol, fra:alcool, por:álcool,  rus:алкоголь (alkohol), jpn:アルコール (arukōru), kor:알콜 (alkol), hin:ऐल्कोहॉल (ailkohŏl), ben:এলকোহল (elkohôl), ind:alkohol, tur:ful:alkol
PWN:alcoholic.a.01		alkoli	alk·ol·i	
PWN:alcoholic.n.01		alkoliste	alk·ol·ist'e	
PWN:alcoholism.n.01		alkolisme	alk·ol·ism'e	
PWN:alga.n.01		alga	alga	eng:spa:por:pol:may:alga, fra:algue, deu:Alge, tur:alg, fas:(âlg)
PWN:algometry.n.01		algometria	alg·o·metr·ia	
PWN:alike.a.01		idi	id’i	lat:idem, eng:identical, deu:identisch, fra:identique, spa:idéntico, por:idêntico, rus:идентичный (identičnyi), may:tur:identik
PWN:alkene.n.01		alken	alk·en	
PWN:alkyl.n.01		alkil	alk·il	
PWN:allergy.n.01		alergia	alerg·ia	eng:allergy, deu:fra:allergie, spa:por:alergia, rus:аллергия (allergiia), fas: لرژی‎ (âlerži), hin:एलर्जी (elarjī), ben:এলার্জি (elarji), may:alergi, hau:tur:alerji, jpn:アレルギー (arerugī), kor:알레르기 (allereugi)
PWN:allophone.n.01		alofone	al·o·fon'e	
PWN:almond.n.01		badam	badam	may:badam, tur:badem, hin:बादाम (bādām), ben:বাদাম (badam), tam:வாதுமை (vātumai), zho:巴旦木 (bādànmù)
PWN:aluminum.n.01		alumin	alumin	eng:aluminium, fra:aluminium, spa:aluminio, por:alumínio, rus:алюминий, zho:铝 (lǚ), jpn:アルミニウム, kor:알루미늄, vie:nhốm, hin:एल्युमिनियम, ben:অ্যালুমিনিয়াম, may:aluminium, swa:alumini, ara: الومينيوم (), hau:aluminum
PWN:amateur.n.01		hobiste	hob·ist'e	
PWN:amazon.n.03		Amazon	Amazon	
PWN:american.n.03		ameriki	amerik’i	
PWN:americium.n.01		amerikium	amerik·ium	eng:americium, fra:américium, spa:americio, por:amerício, rus:америций, zho:镅 (méi), jpn:アメリシウム, kor:아메리슘, vie:amerixi, hin:अमेरिशियम, ben:অ্যামেরিসিয়াম, may:amerisium, swa:ameriki, ara: أمريكيوم
PWN:amide.n.01		amide	amid’e	
PWN:amine.n.01		amin	amin	
PWN:amusing.s.02		komi	kom’i	eng:comic, fra:comique, spa:por:cómico + rus:комедия (komedija), jpn:コメディ (komedi), kor:코미디 (komidi)
PWN:anal.a.01		anusi	anus’i	
PWN:analgesia.n.01		inalgesia	in.alg·es·ia	
PWN:anchor.n.01		angar	angar	eng:anchor, fra:ancre, por:âncora, may:jangkar, rus:якорь, ara:(ʾanjar), hin:लंगर (laṅgar), urd:(laṅgar), tam:நங்கூரம் (naṅkūram), tel:లంగరు (laṅgaru), swa:nanga, hau:anga
PWN:android.n.01		homanide	hom·an·id'e	
PWN:anonymous.a.01		inonimi	in·o·nim’i	
PWN:answer.v.01		javabe	javab’e	ara: جَوَاب‎ (jawāb), ben: جواب (jawāb), hin:जवाब (javāb), ben:জবাব (jobab), may:jawab, ful:jaabaade, swa:jibu,jawabu, tur:cevap
PWN:antichrist.n.01		antikriste	anti.krist'e	
PWN:antimony.n.01		stibium	stib·ium	zho:锑 (tī), swa:stibi
PWN:antithesis.n.01		antites	anti.tes	
PWN:antithetic.s.01		antitesi	anti.tes’i	
PWN:antonym.n.01		antinim	anti.nim	
PWN:anus.n.01		anus	anus	eng:fra:anus, por:ânus, spa:ano, deu:Anus, rus:анус (anus), tur:anüs
PWN:appear.v.02		fenu	fen’u	
PWN:appearance.n.01		fen	fen	
PWN:append.v.01		pospozita	pos.pozit’a	
PWN:apple.n.01		aple	apl'e	eng:apple, deu:Apfel, rus:яблоко (yabloko), may:apel, ben:আেপল (apôl), hau:aful
PWN:archer.n.01		gunger	gung·er	
PWN:area.n.01		istan	istan	hin:स्थान (sthān), rus:стан (stan), fas:ـستان (-estān)
PWN:argon.n.01		argon	argon	eng:argon, fra:argon, spa:argón, por:argon, rus:аргон, jpn:アルゴン, kor:아르곤, vie:agon, hin:ऑर्गन, ben:আর্গন, may:argon, swa:arigoni, ara: أرجون
PWN:arrange.v.01		taxa	tax’a	
PWN:arrow.n.01		dikater	dik·at·er	
PWN:art.n.02		arte	art'e	spa:por:arte, eng:fra:art, jpn:アート (āto)
PWN:artist.n.01		artiste	art·ist'e	
PWN:asia.n.01		Asia	As·ia	eng:spa:Asia, rus:Азия (Aziya), tur:Asya, ara:آسيا (ʾāsiyā), fas:آسیا‎ (âsiyâ), hin:एशिया (eśiyā), ben:এশিয়া (eśiẏa), tam:ஆசியா (āsiyā), may:Asia, zho:亞洲 (yàzhōu), yue:亚洲 (aa3 zau1), wuu:亚洲 (ia tseu), jpn:アジア (ajia), kor:아시아 (asia), hau:Asiya
PWN:asian.a.01		asia’i	as·ia’i	
PWN:ask.v.01		suala	sual’a	
PWN:ask.v.02		chinga	ching’a	zho:請 (qǐng), kor:청 (cheong)
PWN:asparagus.n.01		asparge	asparg'e	eng:asparagus, deu:Spargel, fra:asperge, spa:espárrago, por:aspargo, rus:спаржа (sparža), jpn:アスパラガス (asuparagasu), kor:아스파라거스 (aseuparageoseu), swa:asparaga
PWN:astatine.n.01		astatin	astatin	eng:astatine, fra:astate, spa:ástato, por:astato, rus:астат(ин), zho:砹 (ài), jpn:アスタチン, kor:아스타틴, vie:astatin, hin:एस्टाटिन, ben:অ্যাস্টাটিন, may:astatin, swa:astatini, ara: استاتين
PWN:astrology.n.01		astrologia	astr·o·log·ia	
PWN:astronaut.n.01		astronaver	astr·o·nau·er	
PWN:astronaut.n.01		kosmonaver	kosm·o·nau·er	
PWN:astronomer.n.01		astronomer	astr·o·nom·er	
PWN:astronomy.n.01		astronomia	astr·o·nom·ia	
PWN:asunder.s.01		disi	dis’i	
PWN:atheist.n.01		indeviste	in.deu·ist'e	
PWN:athlete.n.01		sporter	sport·er	
PWN:atmospheric_pressure.n.01		aeroprese	aer·o·pres'e	
PWN:atom.n.01		atom	atom	eng:tur:may:atom, spa:por:átomo, rus:атом (atom), swa:atomi, jpn:アトム (atomu)
PWN:attack.v.01		afenda	a.fend'a	
PWN:attack.v.01		agresa	a.gres’a	
PWN:attacker.n.01		agreser	a.gres·er	
PWN:attention.n.01		jan	jan	hin:ध्यान (dhyān), ben:ধ্যান (dhyān), jpn:禅 (zen), eng:fra:por:zen, rus:дзэн (dzen), zho:禅 (chán), kor:선 (seon), vie:thiền, mya:ဈာန် (jhan)
PWN:attract.v.01		atrakta	a.trakt'a	
PWN:australia.n.01		Australia	Austral’ia	
PWN:autonomy.n.01		autonomia	aut·o·nom·ia	
PWN:avaricious.s.01		tami	tam’i	ara: طَمَّاع‎ (ṭammāʿ), zho:贪 (tān), yue:貪 (taam1), kor:탐욕 (tamyok), vie:tham
PWN:avocation.n.01		hobe	hob’e	eng:fra:por:spa:hobby, deu:Hobby, rus:хобби (hobbi), tur:hobi, jpn:ホビー, may:hobi
PWN:awake.a.01		budi	bud’i	
PWN:awaken.v.01		buda	bud’a	
PWN:axis.n.06		axe	ax'e	eng:axis, fra:axe, por:eixo, fas: آسه‎ (âse), hin:अक्ष (akṣ), ben:অক্ষ (ôkṣô), tam:அச்சு (accu), tel:అక్షము (akṣamu), may:as, tur:eksen
PWN:baby.n.01		bebe	beb'e	fra:bébé, por:bebê, spa:bebé, tur:bebek, eng:baby, yue:BB (bibi)
PWN:babylon.n.01		Babil	Babil	
PWN:babylonia.n.01		Babilia	Babil·ia	
PWN:bachelor's_degree.n.01		bacheler	bachel·er	deu:eng:swa:bachelor, spa:bachiller, por:bacharel, hin:बैचलर (bæcalar)
PWN:bad.a.01		dusi	dus’i	eng:fra:dys-, spa:por:dis-, rus:дис- (dis-) + hin:दुस्- (dus-), may:dur-, tur:düş-
PWN:bag.n.01		bage	bag’e	eng:bag; baggage, hin:बैग (bæg), jpn:バッグ (baggu) + fra:bagage, por:bagagem, rus:багаж (bagazh), ben:ব্যাগেজ (byagej), may:beg; bagasi, tur:bagaj
PWN:baggage.n.01		bagaje	bag·aj'e	
PWN:bahaism.n.01		baha’isme	baha·ism'e	
PWN:bake.v.02		baka	bak’a	eng:bake, hin:पकाना (pakānā), rus:печь (peč), deu:backen
PWN:baker.n.01		baker	bak·er	
PWN:bakery.n.01		bakeria	bak·er·ia	
PWN:ball.n.01		bol	bol	eng:ball, spa:por:may:tgl:bola, tha:บอล (bɔl), jpn:ボール (bōru), kor:볼 (bol), khm:បាល់ (bal), ben:বল (bôl), deu:Ball, fra:boule; balle, tur:may:balon, ful:bal, hau:balân
PWN:ball.n.09		bale	bal'e	
PWN:ballerina.n.01		balerin	bal·er·in	
PWN:ballet.n.01		balete	bal·et’e	
PWN:bamboo.n.01		bambu	bambu’	eng:bamboo, fra:bambou, spa:por:bambu, rus:бамбук (bambuk), may:bambu
PWN:banana.n.02		banan	banan	ful:wol:banaana, rus:банан (banan), pol:banan, fra:deu:banane, por:spa:eng:banana, jpn:バナナ (banana), kor:바나나 (banana)
PWN:bandage.n.01		bandaje	band·aj'e	
PWN:bangui.n.01		Bangi	Bangi	
PWN:bank.n.05		banke	bank’e	
PWN:banker.n.01		banker	bank·er	
PWN:bantam.s.01		mikri	mikr’i	eng:fra:spa:por:micro-, rus:микро- (mikro-), jpn:マイクロ- (maikuro-), may:tur:mikr-, zho:麦克 (mâikè)
PWN:bare.s.01		nudi	nud’i	eng:nude, spa:desnudo, por:fra:nu + rus:нудизм (nudizm), tur:nudizm, jpn:ヌーディズム (nūdizumu)
PWN:barium.n.01		barium	bar·ium	eng:barium, fra:baryum, spa:bario, por:bário, rus:барий, zho:钡 (bèi), jpn:バリウム, kor:바륨, vie:bari, hin:बेरियम, ben:বেরিয়াম, may:barium, swa:bari, ara: باريوم
PWN:barometer.n.01		aeropresometrer	aer·o·pres·o·metr·er	
PWN:barrel.n.01		tong	tong	zho:桶 (tǒng), yue:桶 (tung3), kor:통 (tong), vie:thùng, may:tong, khm:តុង (tong), tha:ถัง (tǎng), fas: تنگ‎ (tong) + fra:tonneau, spa:tonel
PWN:barricade.v.01		bare	bar'e	eng:bar + fra:barrière, por:barreira, spa:barrera, rus:барьер (baryer), hin:बाड़ (bāṛ), ben:বেড়া (beṛa), tur:baraj, zho:坝 (bà), yue:壩 (baa3)
PWN:barrier.n.01		barer	bar·er	
PWN:barroom.n.01		bar	bar	eng:fra:spa:por:may:tur:bar, rus:бар (bar), zho:酒吧 (jiǔbā), yue:酒吧 (zau2baa1), jpn:バー (bā), hin:बार (bār), ben:বার (bar), tam:பார் (pār)
PWN:baseball.n.01		bazobol	baz·o·bol	
PWN:be.v.01		sa	s’a	eng:is, deu:ist, fra:est, spa:es, rus:есть (yest'), fas: است (ast), scr:अस्ति (asti)
PWN:be.v.03		sta	st’a	eng:stay, deu:stehen; statisch, spa:por:estar; estático, fra:être, kor:싯다 (sitda), fra:statique, rus:стоять (stoyat'); статический (statičeskiy), may:statis
PWN:beer.n.01		bir	bir	eng:beer, deu:Bier, fra:bière, ara: بيرة (bīra), hin:बियर (biyar), ben:বিয়ার (biyar), may:bir, tur:bira, swa:bia, zho:啤(酒) (pí-jiǔ), yue:啤酒 (be2zau1), jpn:ビール (bīru), vie:bia
PWN:believe.v.01		kreda	kred’a	
PWN:bench.n.01		benke	benk'e	fra:banc, deu:Bank, spa:por:banco, may:bangku, ful:baŋ + eng:bench, swa:benchi, hin:बेंच (bẽc), jpn:ベンチ (benchi), kor:벤치 (benchi)
PWN:beryllium.n.01		berilium	beril·ium	eng:beryllium, fra:béryllium, spa:berilio, por:berílio, rus:бериллий, zho:铍 (pí), jpn:ベリリウム, kor:베릴륨, vie:swa:berili, hin:बेरिलियम, ben:বেরিলিয়াম, may:berilium, ara: بيريليوم
PWN:bible.n.01		Biblia	Bibl’ia	
PWN:biblical.a.01		Biblia’i	Bibl·ia’i	
PWN:bilingual.s.01		dubashi	du.bash’i	
PWN:biology.n.01		biolojia	bio·loj·ia	
PWN:birch.n.02		betul	betul	spa:abedul, por:bétula, fra:bouleau, vie:bu-lô, ara: بَتُولَا‎ (batūlā)
PWN:birthday.n.02		genodin	gen·o·din	
PWN:bismuth.n.01		bismute	bismut'e	eng:bismuth, fra:bismuth, spa:bismuto, por:bismuto, rus:висмут, zho:铋 (bì), jpn:ビスマス, kor:비스무트, vie:bitmut, bismut, hin:बिस्मथ, ben:বিসমাথ, may:bismut, swa:bismuthi, ara: بزموث
PWN:blend.v.03		mixa	mix'a	eng:mix, deu:mischen, rus:мешать (měšat'), pol:mieszać, ita:miscelare, hin:मिश्रण (miśrān)
PWN:bless.v.01		barka	bark’a	ara:(mubārak), fas: برکت (barekat), ben:বরকত (borkot), may:berkah, tur:tebrik, swa:baraka, hau:ful:(al)barka, yor:alubarika
PWN:bluish_green.s.01		ciani	cian’i	eng:fra:cyan, deu:zyan, spa:cian, por:ciano, rus:циан (tsian), ara:سيان (sayan), fas: سیان (siyân), hin:क्यान (kyāna), jpn:シアン (shian), may:sian + zho:青色 (qīngsè), yue:青 (ceng1), kor:청 (cheong), vie:xanh
PWN:boat.n.01		bote	bot’e	eng:boat, deu:Boot, fra:bateau, spa:bote, rus:бот (bot), hin:पोत (pot), swa:boti, jpn:ボート (bōto), kor:보트 (boteu)
PWN:bohrium.n.01		borium	bor·ium	eng:bohrium, fra:bohrium, spa:bohrio, por:bóhrio, rus:борий, zho: (bō), jpn:ボーリウム, kor:보륨, vie:bohri, hin:बोरियम, ben:বোহরিয়াম, may:bohrium, swa:bohri, ara: بوريوم
PWN:bolshevik.n.02		bolshiviste	bolsh.iv·ist'e	
PWN:bolshevism.n.01		bolshivisme	bolsh.iv·ism'e	
PWN:bomb.n.01		bombe	bomb’e	pol:por:spa:tur:bomba, rus:бомба (bomba), deu:fra:bombe, fas:(bomb), eng:bomb, ben:বোমা (boma), hin:बम (bam), jpn:ボム (bomu), kor:봄 (bom), vie:may:hau:bom, swa:bomu
PWN:bone.n.01		oste	ost'e	eng:deu:osteo-, rus:остео- (osteo-), ita:por:osso, fra:os, fas: استخوان (ostoxân), hin:अस्थि (asthi-)
PWN:book.n.01		buke	buk’e	eng:book, fra:bouquin, hin:बुक (buk), deu:Buch, may:buku, ful:swa:buku, wol:bukoo + rus:буклет (buklet)
PWN:boomerang.n.01		bumerang	bumerang	eng:fra:boomerang, deu:Bumerang, spa:bumerán, por:bumerangue, rus:бумеранг (bumerang), hin:बुमेरांग (bumerāṅg), ben:বুমেরাং (bumeraṅ), may:tur:bumerang, jpn:ブーメラン (būmeran), kor:부메랑 (bumerang), vie:bumơrang, ara: بُومَرَانْغ (būmarānḡ)
PWN:boron.n.01		boron	boron	eng:boron, fra:boron, spa:boro, por:boro, rus:бор, vie:bo, hin:बोरॉन्, ben:বোরন, may:boron, swa:boroni, ara: بورون
PWN:bow.n.04		gung	gung	zho:弓 (gōng), yue:弓 (gung1), jpn:弓 (kyū), kor:궁 (gung), vie:cung
PWN:bow.v.01		namasu	namas’u	san:नमस् (namas), hin:नमस्कार (namaskār), ben:নমস্কার (nomoskar), zho:南无 (nāmó), yue:南無 (naa1mou4), jpn:南無 (namu), fas:نماز (namâz), tur:namaz
PWN:bowl.n.01		tase	tas’e	ara: طَاس (ṭās), hau:tasa, swa:tasa, ful:taasa, tur:tas, deu:Tasse, fra:tasse, spa:taza, rus:таз (taz), hin:तश्तरी (tashtarī)
PWN:box.n.01		kase	kas’e	lat:capsa, deu:Kasse, eng:case, fra:caise, spa:caja, por:caixa, rus:касса (kassa), swa:kasha, ful:keesu + ara:(qafaṣ), hin:क़फ़स (qafas), tur:kafes + zho:卡式 (kǎshì), yue:卡式 (kaa1sik1), jpn:カセット (kasetto), kor:카세트 (kaseteu), hau:kaset
PWN:box.n.01		sinduke	sin.duk’e	
PWN:boxing.n.01		kuensute	kuen·sut’e	
PWN:break_up.v.16		fragu	frag’u	
PWN:bromine.n.01		brom	brom	eng:bromine, fra:brome, spa:bromo, por:bromo, rus:бром, kor:브롬, vie:brom, hin:ब्रोमिन, ben:ব্রোমিন, may:brom, swa:bromi, ara: بروم
PWN:bundle.n.02		fash	fash	ita:fascio, eng:fasces, fra:faisceau, por:faixa, spa:faja + rus:фашизм (fašizm), ara: فَاشِيَّة‎ (fāšiyya), zho:法西斯主义 (fǎxīsīzhǔyì), jpn:ファシズム (fashizumu), kor:파시즘 (pasijeum), vie:chủ nghĩa phát xít, hin:फ़ासीवाद (fāsīvād), may:fasisme ben:ফ্যাসিবাদ (phaśibad)
PWN:center.n.04		centre	centr’e	eng:fra:centre, deu:Zentrum, spa:por:centro, rus:центр (centr), hin:केंद्र (kendra), ben:কেন্দ্র (kendro), tam:கேந்திரம் (kēntiram), may:sentral, swa:senta
PWN:christianity.n.01		kristisme	krist·ism'e	
PWN:christmas.n.01		kristogen	krist·o·gen	
PWN:chromium.n.01		kromium	krom·ium	eng:chromium, fra:chrome, spa:cromo, por:crómo, rus:хром, jpn:クロム, kor:크로뮴, vie:crom, hin:क्रोमियम, ben:ক্রোমিয়াম, may:krom, swa:kromi, ara: كروم
PWN:chronology.n.01		krononomia	kron·o·nom·ia	
PWN:church.n.04		klesia	kles·ia	ell:ἐκκλησία (ekklesia), fra:église, spa:iglesia, por:igreja, fas:کِلیسا‎ (kelisâ), hin:कलीसा (kalīsā), ben:গির্জা (girja), may:gereja, tur:kilise
PWN:cinema.n.02		kino	kino’	
PWN:cinematic.a.01		kinografi	kin·o·graf’i	
PWN:city.n.01		matropol	ma·tr·o·pol	
PWN:class.n.01		jener	jen·er	
PWN:class.n.03		klas	klas	
PWN:classical.a.01		klasiki	klas·ik’i	
PWN:clean.a.01		safi	saf’i	ara: صَفِيّ‎ (ṣafiyy), tur:saf, swa:safi, hau:tsafta, may:safa, hin:साफ़ (sāf), ben:সাফ (śaph)
PWN:clean.v.01		safa	saf’a	
PWN:close.v.01		kluza	kluz’a	eng:fra:spa:por:-clus-, rus:ключить (-klyučítʹ)
PWN:club.n.02		klube	klube	eng:spa:fra:club, por:clube, deu:Klub, rus:клуб, tur:kulüp, swa:klabu, fas: کُلوب (kolub), hin:क्लब (klab), may:kelab, zho:俱乐部 (jùlèbù), yue:俱樂部 (keoi1 lok6 bou6), jpn:クラブ (kurabu), vie:câu lạc bộ
PWN:coat.n.01		kote	kote	eng:coat, swa:koti, hau:kwat, orm:koota, jpn:コート (kōto), fas:(kot), hin:कोट (kot)
PWN:cobalt.n.01		kobalte	kobalt'e	eng:cobalt, fra:cobalt, spa:cobalto, por:cobalto, rus:кобальт, zho:钴 (gǔ), jpn:コバルト, kor:코발트, vie:coban, hin:कोबाल्ट, ben:কোবাল্ট, may:kobalt, swa:kobalti, ara: كوبلت
PWN:code.n.02		kode	kod’e	eng:code, spa:por:código, ru:код, fas:کد‎ (kod), hin:कोड (koḍ), jpn:コード (kōdo)
PWN:coffee.n.01		kafe	kafe	deu:Kaffee, fra:spa:por:café, rus:кофе, zho: 咖啡 (kāfēi), yue:咖啡 (gaa3 fe1), eng:coffee, hin:काफ़ी (kāfī), ben:কফি (kôphi), tur:kahve, hau:kofi, ful:kafe
PWN:cold.n.01		zukam	zukam	ara:زُكَام‎ (zukām), hin:ज़ुकाम (zukām) + zho:感(冒) (gǎn(mào)), yue:感冒 (gam2mou6), jpn:感(冒) (kan(bō)), kor:감(기) (gam(gi)), vie:cảm
PWN:collaborate.v.01		kolabura	ko.lab·ur’a	
PWN:collection.n.01		jamia	jam·ia	ara: جَمَعَ‎ (jamaʿa), swa:jamii, tur:camia, fas: جمع (jam’), hau:jam'iyya + hin:जमात (jamāt)
PWN:collective.a.02		jamivi	jam·iv’i	
PWN:color.n.01		rang	rang	fas: رَنْگ (rang), hin:रंग (raṅg), ben:রং (rông), tam:ரங்கு (raṅku), tur:renk, swa:rangi
PWN:comedy.n.01		komodia	kom·od·ia	
PWN:commercial_enterprise.n.02	inf.	bize	biz’e	
PWN:committee.n.01		komisia	ko.mis·ia	
PWN:companion.n.01		sahibe	sahib’e	ara: صَاحِب (ṣāḥib), fas: صاحب (sāhib), hin:साहिब (sāhib), ben:সাহেব (śaheb), may:sahabat, swa:sahibu
PWN:compare.v.03		kompara	kom.par’a	
PWN:compassion.n.01		kompatia	kom.pat·ia	
PWN:complex.a.01		kompli	kom.pl’i	
PWN:computer.n.01		komputer	kom.put·er	
PWN:concave.a.01		enkurvi	en.kurv’i	
PWN:condition.n.01		ese	es’e	
PWN:connect.v.01		linka	link’a	
PWN:connection.n.06		ser	ser	eng:series, fra:série, spa:serie, rus:серия (seriya), tur:seri + ara:(silsila), fas: سلسله‎ (selsele), hin:सिलसिला (silsilā), tur:silsile, swa:silisili, hau:sasari + zho:系列 (xìliè) + kor:사슬 (saseul)
PWN:consequence.n.01		posfenomen	pos.fen·o·men	eng:fra:post-, spa:pos, por:pós-, rus:после- (posle-) + fas: پس (pas)
PWN:consider.v.04		fikra	fikr’a	
PWN:consist.v.03		konsistu	kon.sist'u	
PWN:conspiracy.n.01		komplote	kom.plot’e	
PWN:construct.v.01		konstruta	kon.strut’a	
PWN:container.n.01		kontener	kon.ten·er	
PWN:contend.v.06		janga	jang’a	fas: جنگ (jang), hin:जंग (jang), ben:জঙ্গ (jôṅg), tur:cenk + zho:仗 (zhàng); 爭 (zhēng), yue:争 (zang1), kor:전쟁 (jeonjaeng), vie:(chiến) tranh + may:juang
PWN:copper.n.01		kupre	kupr'e	eng:copper, fra:cuivre, spa:cobre, por:cobre, swa:kupri
PWN:copy.n.02		kopi	kopi’	eng:copy, fra:copie, spa:por:copia, rus:копия (kopiya), hin:कापी (kāpī), tur:kopya, may:kopi, zho:拷貝 (kǎobèi), jpn:コピー (kopī)
PWN:copyright.n.01		kopihake	kopi·hak’e	
PWN:coriander.n.01		kotumbar	kotumbar	tam: கொத்துமல்லி (kottumalli), tel:కొత్తిమీర (kottimīra), may:ketumbar, scr:कुस्तुम्बरी (kustumbarī), hin:कोथमीर (kothmīr), mar:कोथिंबीर (kothimbīr), ara: كُزْبَرَة‎ (kuzbara)
PWN:corn.n.01		mais	mais	eng:maize, deu:Mais, spa:maíz, fra:maïs, rus:маис (maís)
PWN:corner.n.03		gon	gon	hin:कोण (koṇ), tel:(kōnamu), swa:kona, eng:corner; -gon, hau:kwana, fra:-gone, spa:por:-gono
PWN:corporate.s.03		jami	jam’i	
PWN:correct.a.01		koreti	ko.ret’i	
PWN:correct.v.01		koretifa	koret·ifa	
PWN:cosmology.n.01		kosmogenia	kosm·o·gen·ia	
PWN:cosmology.n.02		kosmolojia	kosm·o·loj·ia	
PWN:cosmopolitan.s.03		pandunia’i	pan·dun·ia’i	
PWN:cotton.n.03		goton	goton	ara: قُطُن‎ (quṭun), spa:algodón, por:algodão, fra:coton, eng:cotton, may:katun, jpn:コットン (kotton), kor:코튼 (koteun) + hin:गुड (guḍ)
PWN:coulomb.n.01		kulombe	kulomb'e	
PWN:count.v.01		numa	num’a	
PWN:countryside.n.01		agristan	agr·istan	
PWN:couple.n.04		due	du’e	
PWN:cover.v.05		tema	tem’a	
PWN:cow.n.01		amu	amu’	(onom,) eng:moo, deu:muh, rus:му (mu), tha:มอ (mo), hin:(mū), jpn:モーモー (mō mō), zho:哞 (mōu), tur:mö
PWN:cream.n.02		krem	krem	fra:crème, por:creme, spa:crema, eng:cream, jpn:クリーム (kurīmu), zho:淇淋 (qílin), yue:淇淋 (kei4 lam4), ful:kerem + kor:아이스크림 (aiseukeurim), hin:आइसक्रीम (āisakrīm), ben:আইসক্রীম (aisôkrīm), may:es krim, swa:aiskrimu
PWN:creation.n.01		kreation	kreat·ion	
PWN:creation.n.02		kreatur	kreat·ur	
PWN:crisis.n.01		krize	kriz’e	eng:crisis, deu:Krise, fra:por:crise, spa:crisis, rus:кризис (krizis), tur:kriz, may:krisis
PWN:crisscross.n.01		krus	krus	eng:cross, por:spa:cruz, deu:Kreuz, fra:croix, jpn:クロス (kurosu), rus:крест (krest), kon:kuluzi, hin:क्रूश (krūś)
PWN:cross.n.01		krus	krus	
PWN:crossbow.n.01		krusgung	krusgung	
PWN:cube.n.01		kube	kub'e	
PWN:cuckoo.n.02		kuku	kuku’	eng:cuckoo, fra:coucou, spa:por:cuco, rus:кукушка (kukushka), fas: کوکو‎ (kuku), jpn:郭公 (kakkō), zho:布谷鸟 (bùgǔniǎo), yue:布谷鳥 (bou3 guk1 niu5), tur:guguk, hau:kukku
PWN:cumin.n.01		zira	zira’	fas: زیره‎ (zire), hin:ज़ीरा (zīrā), ben:জিরা (zīra), tam:சீரகம் (sīrakam), rus:зира (zira), zho:孜然 (zīrán), swa:mjira
PWN:curium.n.01		kurium	kur·ium	eng:curium, fra:curium, spa:curio, por:cúrio, rus:кюрий, jpn:キュリウム, kor:퀴륨, vie:curi, hin:क्यूरियम, ben:কুরিয়াম, may:kurium, swa:kuri, ara: كوريوم
PWN:curtain.n.01		parde	pard’e	fas: پرده‎ (parde), ben:পরদা (pôrda), hin:पर्दा (pardā), tur:perde, ara: پرده (parda), tam:பர்தா (partā)
PWN:curve.n.01		kurve	kurv'e	eng: curve, spa:curva, por:curva, fra:courbe, deu:Kurve, rus:крива́я
PWN:curved.a.01		kurvi	kurv’i	
PWN:cut.v.01		kata	kat’a	eng:cut, hin:काटना (kāṭnā), ben:কাটা (kata); কেতা (keta), tam:கடி (kaṭi), swa:-kata, ara: قَطَعَ (qaṭa’a), fas: قطعه‎ (qet'e), tur:kıta, zho:割 (gē), yue:割 (got3), wuu:割 (ga’), jpn:割 (katsu), vie:cắt, tha:กัด (kat)
PWN:dam.n.01		baraje	bar·aj'e	
PWN:dancing.n.01		danse	dans'e	eng:fra:dance, spa:danza, por:dança, deu:Tanz, rus:танец (taněc), may:dansa, tur:dans, jpn:ダンス (dansu), kor:댄스 (daenseu), swa:dansi
PWN:danger.n.01		hatre	hatr'e	ara: خطر‎ (xaṭar), fas: خطر‎ (xatar), urd: خطرہ‎ (xatrā), hin:ख़तरा (xatrā), swa:hatari, hau:hatsari, tur:muhatara
PWN:darmstadtium.n.01		darmestadium	darmestad·ium	eng:darmstadtium, fra:darmstadtium, spa:darmstatio, por:darmstádio, rus:дармштадтий, zho: (dá), jpn:ダームスタチウム, kor:다름슈타튬, vie:darmstadti, hin:डार्म्स्टेडशियम, ben:ডারমস্টাডটিয়াম, may:darmstadtium, swa:darmstadti, ara: دارمشتاتيوم
PWN:darwinism.n.01		darvinisme	darvin·ism'e	
PWN:data.n.01		date	dat’e	eng:may:data, vie:đa ta, deu:Daten, spa:tgl:datos, por:dados, fas:(dâde-hâ), hin:डेटा (ḍeṭā), urd:(ḍeṭā), jpn:データ (dēta)
PWN:database.n.01		datobanke	dat·o·bank'e	
PWN:day.n.05		din	din	eng:day, spa:día, por:dia, rus:день (deń), hin:दिन (din), ben:দিন (din), tam:தினம் (tiṉam), zho:天 (tiān), yue:天 (tin1)
PWN:debug.v.01		debuga	de.bug’a	
PWN:debugger.n.01		debuger	de.bug·er	
PWN:decibel.n.01		desibel	des·i·bel	
PWN:decrease.v.01		minifa	min·ifa	
PWN:deface.v.01		dusforma	dus.form’a	
PWN:defense.n.01		defende	de.fend'e	
PWN:deform.v.01		deforma	de.form’a	
PWN:deformed.s.01		dusformi	dus.form’i	
PWN:defunct.s.01		defunti	de.funt'i	
PWN:deity.n.01		deu	deu	por:deus, may:dewa, hin:देवता (devtā), kan:(dēva) + eng:theo-, fra:théo-, spa:teo-, rus:тео- (teo-)
PWN:delicate.s.03		fragili	frag·il’i	
PWN:democracy.n.01		demokratia	dem·o·krat·ia	
PWN:demography.n.01		demografia	dem·o·graf·ia	
PWN:demonic.s.01		dibli	dibl’i	
PWN:dentist.n.01		dantodokter	dant·o·dokt·er	
PWN:deny.v.04		denega	de.neg’a	
PWN:depopulate.v.01		depopuliza	de.pop·ul·iz’a	
PWN:deposit.v.02		banka	bank’a	eng:deu:pol:may:bank, tur:banka, rus:банк (bank), fra:banque, spa:por:banco, fas:(bânk), hin:बैंक (baiṅk), urd:(baiṅk), tel:బ్యాంకు (byāṅku), tam:(vaṅki), ful:banke, hau:banki
PWN:depository_financial_institution.n.01		banke	bank’e	
PWN:desert.n.01		sablistan	sabl·istan	
PWN:despair.v.01		dezasha	dez.ash’a	
PWN:destroy.v.01		destruta	de.strut’a	
PWN:devil.n.02		dible	dibl'e	eng:devil, fra:diable, spa:diablo, por:diabo, rus:дьявол (dyavol), ara: إِبْلِيس⁩ (ʔiblīs), tur:hau:iblis, swa:ibilisi
PWN:diagonal.s.01		diagoni	dia.gon’i	
PWN:diaspora.n.03		diaspore	dia.spor’e	
PWN:dichotomy.n.01		dutomia	du.tom·ia	
PWN:dictionary.n.01		lexobuke	lex·o·buk’e	
PWN:die.n.01		zarkube	zar·kub’e	
PWN:dinosaur.n.01		dinosaur	din·o·saur	
PWN:direction.n.01		dike	dik’e	eng:indicate, fra:indiquer, spa:por:indicar + hin:दिशा (diśā) + ben:দিকে (dike) + zho:的 (dí), yue:的 (dik1), jpn:的 (teki), vie:đích
PWN:dirty.a.01		darti	dart’i	
PWN:dirty.a.01		insafi	in.saf’i	
PWN:disbelieve.v.01		inkreda	in.kred’a	
PWN:disbeliever.n.01		inkreder	in.kred·er	
PWN:discipline.n.01		lojia	loj'ia	
PWN:disinter.v.01		exhuma	ex.hum’a	
PWN:disk.n.01		diske	disk'e	eng:tur:disk, fra:disque, spa:por:disco, rus:диск (disk), hin:डिस्क (ḍisk), ben:ডিস্ক (ḑisk), jpn:ディスク (disuku), kor:디스크 (diseukeu)
PWN:diskette.n.01		diskete	disk·et’e	
PWN:disparate.s.01		dispari	dis.par’i	
PWN:disperse.v.02		spora	spor’a	eng:fra:may:tur:diaspora, deu:Diaspora, spa:por:diáspora, rus:диаспора (diaspora), jpn:ディアスポラ (diasupora), kor:디아스포라 (diaseupora)
PWN:diss.v.01		dusnimiza	dus.nim·iz’a	
PWN:divination.n.03		mantia	mant·ia	
PWN:divine.s.01		devi	deu’i	
PWN:divine.v.01		manta	mant’a	
PWN:doctor.n.01		dokter	dokt·er	eng:spa:doctor, fra:docteur, por:doutor, deu:tur:doktor, rus:доктор (doktor), fas:دکتر‎ (doktor), hin:डॉक्टर (ḍŏkṭar), may:dokter, ara: دُكْتُور‎ (duktūr), ful:doktoor, swa:dokta
PWN:doctor.n.01		medi dokter	med’i dokt·er	
PWN:doctrine.n.01		isme	ism'e	eng:-ism, deu:ismus, fra:-isme, spa:por:-ismo, rus:-изм (-izm), may:-isme
PWN:doll.n.01		pupe	pup’e	fra:poupée, deu:Puppe, eng:puppet, rus:пупс (pups), vie:búp bê, ktu:popi, heb: בובה (bubá)
PWN:dollar.n.01		dolar	dolar	
PWN:dolphin.n.02		dolfin	dolfin	ell:δελφίνια (delphínia), eng:dolphin, spa:delfín, por:delfim, rus:дельфин (del’fin), ara:دلفين (dulfin), jpn:ドルフィン (dorufin), ben:ডলফিন (ḍalaphina), hin:डॉल्फ़िन (ḍŏlfin)
PWN:domestic_ass.n.01		iha	iha’	onom. eng:heehaw, fra:hi-han, rus:и-а (i-a), vie:hô hố, tur:aa-i
PWN:dominion.n.01		kratia	krat·ia	eng:-cracy, fra:-cratie, spa:por:-cracia, rus:-кратия (kratiya), ara:(-qratiya), may:swa:-krasi
PWN:double.s.03		dupli	du·pl'i	
PWN:doubt.n.01		shake	shak’e	ara: شَكَّ‎ (šakka), fas: شک‎ (šak), hin:शक (śak); शंका (śankā), may:syak; sangka, tur:şek, swa:shaka; -shuku, hau:shakka
PWN:doubt.v.02		shaka	shak’a	
PWN:download.v.01		dekarga	de.karg’a	
PWN:dragon.n.01		drake	drak’e	eng:fra:dragon, spa:dragón, por:dragão, deu:Drache, rus:дракон (drakon), jpn:ドラゴン (doragon), kor:드래곤 (deuraegon), swa:dragoni
PWN:draw.v.06		grafa	graf’a	
PWN:drawing.n.02		grafe	graf'e	eng:graphic, deu:Grafik, fra:graphique, spa:por:gráfico, rus:графика (grafika), jpn:グラフィック (gurafikku), kor:그래픽 (geuraepik)
PWN:drive.v.15		pela	pel’a	
PWN:drug_addict.n.01		narkiste	nark·ist'e	
PWN:dualism.n.01		dualisme	du·al·ism'e	
PWN:dubnium.n.01		dubnium	dubn·ium	eng:dubnium, fra:dubnium, spa:dubnio, por:dúbnio, rus:дубний, ²нильсборий, zho: (dù), jpn:ドブニウム, kor:더브늄, vie:dubni, hin:डब्नियम, ben:ডুবনিয়াম, may:dubnium, swa:dubni, ara: دبنيوم
PWN:durian.n.01		durian	durian	may:eng:deu:fra:tur:durian, spa:durián, ara: دُرْيَان‎ (duryān), fas: دوریان‎ (duriân), jpn:リアン (dorian), kor:두리안 (durian), rus:дуриан (durian), swa:duriani, hin:डुरियन (ḍuriyan), ben:দুরিয়ান (duriẏan)
PWN:dysfunction.n.01		dusfunte	dus.funt'e	
PWN:dysprosium.n.01		disprosium	dispros·ium	eng:dysprosium, fra:dysprosium, spa:disprosio, por:disprósio, rus:диспрозий, zho:镝 (dī), jpn:ジスプロシウム, kor:디스프로슘, vie:đysprosi, hin:डिस्प्रोसियम, ben:ডিসপ্রোসিয়াম, may:disprosium, swa:disprosi, ara: ديسبروسيوم
PWN:dystopia.n.01		dustopia	dus.top·ia	
PWN:east.n.01		dong	dong	zho:东 (dōng), yue:東 (dōng), vie:đông, kor:동 (dong), tur:doğu
PWN:eat.v.01		yama	yam’a	khm:ញ៉ាំ (nyam), ful:nyaamude, tur:yemek, vie:ăn, yue:飲 (yam2) + spa:ñam, rus:ням (nyam), ita:gnam, eng:yum, kor:냠냠 (nyamnyam), hun:nyam
PWN:ecclesiastical.a.01		klesi	kles’i	
PWN:egypt.n.01		Misre	Misr'e	ara:(miṣr), tur:Mısır, swa:Misri, hin:मिस्र (misra), ben:মিশর (miśôr), hau:Masar
PWN:einsteinium.n.01		ainshtainium	ainshtain·ium	eng:einsteinium, fra:einsteinium, spa:einsteinium, por:einstânio, rus:эйнштейний, zho:锿 (āi), jpn:アインスタイニウム, kor:아인시타이늄, vie:ensteni, hin:आइन्स्टाइनियम, ben:আইনস্টাইনিয়াম, may:einsteinium, swa:einsteni, ara: انيشتنيوم
PWN:eject.v.01		ejeta	e.jet’a	
PWN:elephant.n.01		gaja	gaja’	hin:गज (gaj), tam:கசம் (kacam), tel:గజము (gajamu), kan:ಗಜ (gaja), may:gajah, tgl:gadya
PWN:elf.n.01		elfe	elf'e	eng:elf, spa:por:elfo, fra:elfe, rus:эльф (el’f), jpn:エルフ (erufu), kor:엘프 (elpeu)
PWN:emigrate.v.01		exmigra	ex.migr'a	
PWN:emirate.n.01		amiria	amir·ia	
PWN:emit.v.02		exmisa	ex.mis'a	
PWN:enemy.n.01		inamike	in.am·ik’e	
PWN:energy.n.01		energia	en.erg·ia	eng:energy, spa:energía, por:energia, fra:énergie, rus:энергия (energiya), tur:enerji, fas:انرژی‎ (enerži), jpn:エネルギー (enerugī)
PWN:english.a.01		engli	engl'i	
PWN:entertainment_industry.n.01		shoubize	shou·biz’e	
PWN:equal.a.01		pari	par’i	eng:peer, fra:pair, spa:por:par, ita:pari, rus:пара (para) + fas: برابر‎ (barâbar), hin:बराबर (barābar), ben:বরাবর (bôrabôr), tur:beraber, swa:barabara
PWN:erbium.n.01		erbium	erb·ium	eng:erbium, fra:erbium, spa:erbio, por:érbio, rus:эрбий, zho:铒 (ěr), jpn:エルビウム, kor:에르븀, vie:eribi, hin:अर्बियम, ben:ইরবিয়াম, may:erbium, swa:erbi, ara: إربيوم
PWN:esperanto.n.01		esperante	esperant'e	
PWN:ethane.n.01		etan	et·an	
PWN:ethyl.n.01		etil	et·il	
PWN:ethyl_alcohol.n.01		etanol	et·an·ol	
PWN:etymology.n.01		lexasle	lex·asl'e	
PWN:etymology.n.02		lexaslia	lex·asl·ia	
PWN:eugenics.n.01		eugenisme	eu·gen·ism'e	
PWN:euro.n.01		euro	euro’	
PWN:europium.n.01		europium	europ·ium	eng:europium, fra:europium, spa:europio, por:európio, rus:европий, jpn:ユウロピウム, kor:유로퓸, vie:europi, hin:युरोपियम, ben:ইউরোপিয়াম, may:europium, swa:europi, ara: يروبيوم
PWN:even.r.01		hato	hat’o	ara: حَتَّى (ḥatta), fas:حَتّی, tur:hau:hatta, swa:hata, ful:haa, spa:hasta, por:até
PWN:excessively.r.01		tayo	tai’o	
PWN:exclude.v.01		exkluza	ex.kluz'a	
PWN:excuse.v.02		exkuza	ex.kuz’a	
PWN:exist.v.01		esista	e.sist'a	
PWN:exobiology.n.01		astrobiolojia	astr·o·bio·loj·ia	
PWN:expel.v.01		expela	ex.pel'a	
PWN:explain.v.01		explika	ex.pl·ik’a	
PWN:explicit.a.01		expliki	ex.pl·ik’i	
PWN:explosion.n.01		bum	bum	eng:boom, deu:Bumm, fra:boum, spa:por:bum, hin:बूम (būm), zho:砰 (pēng), kor:펑 (peong), vie:bùm
PWN:expose.v.01		expozita	ex.pozit’a	
PWN:expose.v.03		expozita	ex.pozit’a	
PWN:expressive_style.n.01		stil	stil	eng:style, por:style, spa:estilo, rus:сти́ле, tur:stil, may:stail, jpn:スタイル
PWN:extent.n.01		extendia	ex.tend·ia	
PWN:extreme.s.01		tayi	tai’i	zho:太 (tài), yue:太 (taai3), vie:thái, jpn:太 (tai), kor:태 (tae)
PWN:eye.n.01		ain	ain	eng:eye + ara: عين (ʕayn), may:ain + zho:眼 (yǎn)
PWN:fabrication.n.01		mite	mit’e	ell:μῦθος (mythos), eng:myth, deu:Mythos, fra:mythe, spa:por:mito, rus:миф (mif), hin:मिथक (mithak), tur:mit, zho:迷思 (mísī)
PWN:face.n.01		muke	muk’e	ben:মুখ (mukh), hin:मुख (mukh), tam:முகம் (mukam), tel:(mukhamu), may:muka, tgl:mukha
PWN:fake.s.02		falsi	fals’i	eng:false, por:spa:falso, fra:faux, deu:falsch, rus:фальшь
PWN:false.a.01		falsi	fals’i	
PWN:family.n.02		famil	famil	deu:Familie, eng:family, spa:familia, por:família, fra:famille, fas: فامیل‎ (fâmil), swa:familia, may:famili
PWN:farmer.n.01		agrer	agr·er	
PWN:fat.n.01		lipe	lip’e	
PWN:father.n.01		pa	pa	eng:fra:papa, spa:papá, por:pai, rus:папа (papa), ara:(bābā), zho:爸 (bà), yue:爸 (baa1), jpn:パパ (papa), kor:아빠 (appa), hin:बाप (bāp), ben:বাবা (baba), may:bapa, hau:swa:tur:baba, ful:ba; baaba
PWN:fatherland.n.01		matria	ma·tr·ia	
PWN:fatherland.n.01		patria	pa·tr·ia	
PWN:fecal_matter.n.01		shite	shit’e	eng:shit, zho:屎 (shǐ), yue:屎 (si2)
PWN:felt.n.01		felte	felt'e	eng:felt, deu:Filz, fra:feutre, spa:fieltro, por:feltro, rus:фетр (fetr), jpn:フェルト (feruto), kor:펠트 (pelteu)
PWN:female.a.01		femi	fem’i	
PWN:female.n.01		fem	fem	eng:female, fra:femme, ita:femmina, spa:por:femenino
PWN:feminism.n.01		feminisme	fem·in·ism'e	
PWN:feminist.n.01		feministe	fem·in·ist'e	
PWN:fencing.n.03		gemsute	gem·sut’e	
PWN:fermium.n.01		fermium	ferm·ium	eng:fermium, fra:fermium, spa:fermio, por:férmio, rus:фермий, zho:镄 (fèi), jpn:フェルミウム, kor:페르뮴, vie:fecmi, hin:फर्मियम, ben:ফার্মিয়াম, may:fermium, swa:fermi, ara: فرميوم
PWN:field_hockey.n.01		hoke	hok’e	
PWN:fight.v.03		jihada	jihad’a	
PWN:filming.n.01		kinografia	kin·o·graf·ia	
PWN:find.v.03		heura	heur’a	
PWN:fire.n.01		pir	pir	eng:deu:fra:pyro-, spa:por:tur:piro-, rus:пиро- (piro-)
PWN:fire.n.03		flem	flem	eng:flame, fra:flamme, ita:fiamma, spa:inflamable, por:inflamável + zho:炎 (yán), yue:炎 (jim4), kor:염 (yeom), vie:viêm
PWN:fist.n.01		kuen	kuen	zho:拳 (quán), yue:拳 (kyun4), vie:quyền, jpn:拳 (ken), kor:권 (gwon)
PWN:flat.s.01		plati	plat’i	
PWN:fleawort.n.01		spagul	spagul	eng:ispaghula, fra:ispaghul, rus:исфагула, fas:اسپغول‎ (espağôl), hin:इसबग़ोल (isabġol), ben:ইসবগুল (isobgul)
PWN:flow.n.01		dare	dar'e	hin:धारा (dhārā); दर्या (daryā), tel:ధార (dhāra), fas: دریا‎ (daryâ), ben:দরিয়া (dôriẏa), tur:derya, ara: دَرَّ‎ (darra)
PWN:fluid.s.02		dari	dar’i	
PWN:fluorine.n.01		flur	flur	eng:fluorine, fra:fluor, spa:flúor, por:flúor, rus:фтор, zho:氟 (fú), jpn:フッ素, kor:플루오르, vie:flo, hin:फ्लोरीन, ben:ফ্লুরিন, may:fluor, swa:florini, ara: فلور
PWN:focus.n.01		koncentration	kon.centr·at·ion	
PWN:folk.n.01		pope	pop’e	eng:people, fra:peuple, spa:pueblo, por:povo + deu:populär, rus:популярный (populyarnïy), may:populer, tur:popüler, zho:波普 (bōpǔ) + jpn:ポピュリズム (popyurizumu), kor:포퓰리즘 (popyullijeum)
PWN:foot.n.01		fute	fut’e	eng:foot, deu:Pfote
PWN:football.n.01		futobol	fut·o·bol	eng:fra:football, spa:fútbol, por:futebol, deu:Fußball, hin:फ़ुटबॉल (fuṭbŏl), urd:(fuṭ bāl), ben:ফুটবল (phuṭbôl), rus:футбол (futbol), tha:ฟุตบอล (th) (fút-bɔn), jpn:フットボール (futtobōru), zul:ibhola
PWN:foreigner.n.01		alian	al·ia·n	
PWN:forest.n.01		jangle	jangl'e	eng:fra:jungle, spa:jungla, por:jângal, rus:джунгли (džungli), hin:जंगल (jangal), ben:জঙ্গল (jônggôl), may:jenggela, jpn:ジャングル (janguru), kor:정글 (jeonggeul), tur:cengel
PWN:forget.v.02		demema	de.mem’a	
PWN:forgive.v.01		perdona	per.don’a	
PWN:fork.n.01		forke	fork’e	eng:fork, spa:horca, por:forcado, fra:fourche, tam:போர்க் (pōrk), jpn:フォーク (fōku), kor:포크 (pokeu)
PWN:fortress.n.01		burge	burg'e	deu:Burg, egy: برج‎ (burg), ara:urd: بُرْج‎ (burj), hin:बुर्ज (burj), may:puri, + hin:दुर्ग (durg), ben:দুর্গ (durg)
PWN:fountain.n.01		fontin	font·in	
PWN:francium.n.01		francium	franc·ium	eng:francium, fra:francium, spa:francio, por:frâncio, rus:франций, zho:钫 (fāng), jpn:フランシウム, kor:프랑슘, vie:franxi, hin:फ्रान्सियम, ben:ফ্রান্সিয়াম, may:fransium, swa:fransi, ara: فرنسيوم
PWN:free.a.01		huri	hur’i	ara: حر (ḥurr), tur:hür, swa:huru, spa:horro, por:forro
PWN:freedom.n.01		huria	hur-ia	
PWN:fresh.a.01		tazi	taz’i	fas: تازه (tâze), hin:ताज़ा (tāzā), ben:তাজা (taja), tur:taze, ara: طَازَج (ṭāzaj)
PWN:fruit.n.01		frute	frut’e	eng:fra:fruit, spa:por:fruta, rus:фрукт (frukt), jpn:フルーツ (furūtsu)
PWN:function.n.01		funtion	funt·ion	
PWN:function.n.03		rol	rol	eng:role, fra:rôle, deu:Rolle, rus:роль (rol’), tur:rol, kat:როლი (roli), fas:رل‎ (rol)
PWN:gadolinium.n.01		gadolinium	gadolin·ium	eng:gadolinium, fra:gadolinium, spa:gadolinio, por:gadolínio, rus:гадолиний, zho:钆 (gá), jpn:ガドリニウム, kor:가돌리늄, vie:gađolini, hin:ग्याडोलिनियम, ben:গ্যাডোলিনিয়াম, may:gadolinium, swa:gadolini, ara: جدولينيوم
PWN:galaxy.n.03		galaxia	galax·ia	eng:galaxy, spa:galaxia, por:galáxia, fra:galaxie, rus:галактика (galaktika), tur:may:galaksi, hin:गैलेक्सी (gaileksī)
PWN:gallium.n.01		galium	gal·ium	eng:gallium, fra:gallium, spa:galio, por:gálio, rus:галлий, zho:镓 (jiā), jpn:ガリウム, kor:갈륨, vie:gali, hin:गैलियम, ben:গ্যালিয়াম, may:galium, swa:gali, ara: جاليوم
PWN:game.n.03		joke	jok’e	fra:jeu, por:jogo, spa:juego + eng:joke, fas:جوک‎ (jok), jpn:ジョーク (jōku) + zho:笑话 (xiàohuà), nan:笑詼 (chhiò-khoe)
PWN:garlic.n.01		lasun	lasun	hin:लहसुन (lahsun), ben:রসুন (rôśun) + zho:大蒜 (dàsuàn), yue:大蒜 (daai6 syun3), kor:대산 (daesan)
PWN:gas.n.01		gas	gas	deu:eng:spa:may:gas, por:gás, ben:গ্যাস (gyas), zho:瓦斯 (wǎsī), yue:瓦斯 (ngaa5 si1), jpn:ガス (gasu), kor:가스 (gaseu), hin:गैस (gais), fra:tur:gaz, rus:газ (gaz), ara:(ḡāz), ful:gaas, swa:gesi
PWN:gasoline.n.01		benzin	benzin	deu:Benzin, spa:bencina, rus:бензин (benzin), tur:benzin, ara:بنزين (banzīn), hin:बेंज़ीन (benzīn), may:bensin, jpn:ベンジン (benjin), swa:benzini
PWN:gate.n.01		dor	dor	eng:door, deu:Tür, rus:дверь (dverʹ), fas: دَر (dar), hin:द्वार (dvār), ben:দরজা (dorja), tel:ద్వారము (dvāramu), jpn:(doa)
PWN:gel.n.01		jel	jel	eng:gel, fra:gelée, rus:желе (žele), tur:jel, hin:जेल (jel), kor:젤 (jel), zho:啫哩 (zhělī)
PWN:generator.n.03		auter	aut·er	
PWN:generic.s.03		jeneri	jen·er’i	
PWN:genus.n.02		jenus	jen·us	
PWN:germanium.n.01		germanium	german·ium	eng:germanium, fra:germanium, spa:germanio, por:germânio, rus:германий, jpn:ゲルマニウム, kor:게르마늄, vie:gecmani, hin:जर्मेनियम, ben:জার্মেনিয়াম, may:germanium, swa:gerimani, ara: جرمانيوم
PWN:gesticulate.v.01		ishara	ishar’a	
PWN:gesture.n.02		ishare	ishar’e	ara: إِشَارَة (ʔišāra), fas: اشاره‎ (ešâre), hin:इशारा (iśārā), ben:ইশারা (iśara), may:isyarat, tur:işaret, hau:swa:ishara
PWN:giant_panda.n.01		panda	panda’	eng:spa:por:fra:may:panda, rus:панда (panda), hin:पांडा (pāṇḍā), jpn:パンダ (panda)
PWN:gift.n.01		donaje	don·aj'e	
PWN:gild.v.01		auriza	aur·iz’a	
PWN:ginseng.n.01		jensen	jensen	zho:人蔘 (rénshēn), min:人蔘 (jîn-sam), eng:spa:por:tur:may:ginseng, rus:женьшень (zhen’shen’), hind:जिनसेंग (jinseṅg), jpn:人参 (ninjin)
PWN:giraffe.n.01		zirafe	ziraf’e	fas: زرناپا‎ (zornâpâ), ara: زَرَافَة (zarāfa), tur:zürafa, deu:eng:fra:giraffe, por:girafa, spa:jirafa, rus:жираф (žiraf),may:zirafah; jerapah, kor:지라프 (jirapeu), hin: जिराफ़ (jirāf), ben:জরৈফ (jôrôph)
PWN:give.v.01		dona	don’a	spa:por:dar, rus:дать (dat'), fas: دادن‎ (dâdan), scr:দদাতি (dadāti), hin:देना (denā); दान (dān), ben:দেওয়া  (deva); দান (dan), tam:தா (tā), zho:檀那 (tánnà), jpn:旦那 (danna), tha:ทาน (taan), khm:ទាន (tiən)
PWN:glass.n.01		glas	glas	deu:Glas, eng:glass + fas: گیلاس‎ (gilâs), hin:गिलास (gilās), ben:গ্লাস (glaś), jpn:グラス (gurasu), kor:글라스 (geullaseu), may:gelas, swa:glasi, hau:gilashi + rus:глазурь, spa:glasear
PWN:global.s.01		dunia’i	dun·ia’i	
PWN:goal.n.01		gol	gol	por:spa:gol, eng:goal, jpn:ゴール (gōru), kor:골 (gol), hin:गोल (gola), tel:గోలు (gōlu), rus:гол (gol)
PWN:gold.n.03		aur	aur	ltn:aurum, por:ouro, spa:oro, fra:or, rus:аурум (aurum), may:aurum, swa:auri
PWN:govern.v.03		krata	krat’a	
PWN:grain.n.01		gran	gran	eng:fra:grain, spa:grano, por:grão + rus:гранит (granit), tur:vie:may:granit, ara:جرانيت (jaraniat), hin:ग्रेनाइट (grenait)
PWN:gram.n.01		gram	gram	eng:gram, deu:Gramm, fra:gramme, spa:gramo, por:grama, rus:грамм (gramm), fas: گرم‎ (geram), hin:ग्राम (grām), ben:গ্রাম (gram), ara: غْرَام‎ (ḡrām), ful:giram, swa:gramu, jpn:グラム (guramu), kor:그램 (geuraem), vie:gam, may:tur:gram
PWN:granule.n.01		granul	gran·ul	
PWN:grass.n.01		gras	gras	eng:grass, deu:Gras, hin:घास (ghās), ben:ঘাস (ghaś)
PWN:grassland.n.01		grasistan	gras·istan	
PWN:grave.n.02		gabre	gabr'e	ara: قبر (qabr), fas: قبر (qabr), hin:क़ब्र (qabra), ben:কবর (kôbôr), may:kubur, hau:kabari, swa:kaburi, tur:kabir + deu:Grab, pol:grób, rus:гроб (grob)
PWN:greasy.s.02		lipi	lip’i	
PWN:greece.n.01		Helen	Helen	
PWN:greens.n.01		cai	cai	zho:菜 (cài), yue:菜 (coi3), eng:-choy, may:-coy
PWN:greet.v.01		salama	sal.am’a	
PWN:grind.v.05		mola	mol’a	zho:磨 (mò), yue:磨 (mo4) tha:โม่ (mo), fra:moulin, spa:molino, rus:молоть  (molot’)
PWN:grok.v.01		komprenda	kom.prend'a	
PWN:group.n.01		grupe	grup’e	deu:Gruppe, fra:groupe, eng:group, spa:por:grupo, rus:группа (gruppa), kor:그룹 (geurup), jpn:グループ (gurūpu), tur:grup, hin:ग्रूप (grūp), tel:గుంపు (gumpu)
PWN:grow.v.03		kresu	kres’u	spa:crecer, por:crescer, fra:croître, eng:increase
PWN:guitar.n.01		gitar	gitar	eng:guitar, fra:guitare, spa:por:guitarra, rus:гитара (gitara), ara:(qīṯāra), hin:गिटार (giṭār), ben:গিটার (giṭar), zho:吉他 (jítā), yue:結他 (git6taa1), jpn:ギター (gitā), kor:기타 (gita), swa:gitaa
PWN:gunnysack.n.01		sake	sak’e	deu:eng:sack, fra:sac, spa:por:saco, fas: ساک‎ (sâk), may:saku, ful:saakuuru, jpn:サック (sakku)
PWN:guru.n.03		guru	guru’	hin:गुरु (guru), ben:গুরু (guru), tam:குரு (kuru), tgl:guro, tha:ครู (gruu), may:eng:por:guru, spa:gurú, rus:гуру (guru), fra:gourou, kor:구루 (guru), jpn:グル (guru)
PWN:hafnium.n.01		hafnium	hafn·ium	eng:hafnium, fra:hafnium, spa:hafnio, por:háfnio, rus:гафний, zho:铪 (hā), jpn:ハフニウム, kor:하프늄, vie:hafini, hin:हाफ्नियम, ben:হাফনিয়াম, may:hafnium, swa:hafni, ara: هفنيوم
PWN:hammock.n.02		hamake	hamak’e	eng:hammock, spa:hamaca, fra:hamac, rus:гамак (gamak), tur:hamak, jpn:ハンモック (hanmokku)
PWN:hang.v.01		pendu	pend’u	eng:pendant, fra:pendre, por:pender + spa:péndulo, tur:pandül, fas:پاندول‎ (pândul), ara: بَنْدُول‎ (bandūl), may:bandul
PWN:hassium.n.01		hesium	hes·ium	eng:hassium, fra:hassium, spa:hasio, por:hássio, rus:хассий, zho: (hēi), jpn:ハッシウム, kor:하슘, vie:hassi, hin:हसियम, ben:হ্যাসিয়াম, may:hassium, swa:hassi, ara: هاسيوم
PWN:head.n.04		shef	shef	fra:chef, por:chefe, spa:jefe, rus:шеф (šef), eng:chief, swa:chifu, jpn:チーフ (chīfu) + ara: شَيْخ‎ (šayx), swa:shehe, ben:শেখ (śekh), tur:şeyh
PWN:head_covering.n.01		hijiabe	hijab’e	ara:(ḥijāb), fas:(hejâb), swa:hijabu, hau:hijabi, hin:हिजाब (hijāb), ben:হিজাব (hijab), eng:por:hijab, fra:hidjab, spa:hiyab, rus:хиджаб (xidžab)
PWN:hedonism.n.01		hedonisme	hedon·ism’e	
PWN:hedonist.n.01		hedoniste	hedon·ist’e	
PWN:helium.n.01		helium	hel·ium	eng:helium, fra:hélium, spa:helio, por:hélio, rus:гелий, zho:氦 (hài), jpn:ヘリウム, kor:헬륨, vie:swa:heli, hin:हिलियम, ben:হিলিয়াম, may:helium, ara: هيليوم
PWN:help.v.01		helpa	help’a	eng:help, deu:helfen
PWN:hero.n.01		hero	hero’e	eng:hero, fra:héros, spa:héroe, por:héroi, rus:герой (geroy), hin:हीरो (hīro), jpn:ヒーロー (hīrō), kor:히로 (hiro)
PWN:heroic.s.03		hero’i	hero’i	
PWN:hertz.n.01		herze	herz'e	
PWN:heuristic.a.01		heuristi	heur·ist’i	
PWN:hiccup.n.01		hike	hik’e	eng:hiccup, rus:икота (ikota), hin:हीक (hīk), jpn:ヒック (hikku)
PWN:hiccup.v.01		hika	hik’a	
PWN:hide.v.01		siru	sir’u	
PWN:hinduism.n.01		hindisme	hind·ism'e	
PWN:history.n.01		historia	histor·ia	
PWN:history.n.02		histor	histor	eng:history, spa:swa:historia, por:história, fra:histoire, rus:история (istoriya)
PWN:hold.v.11		kontena	kon.ten’a	
PWN:holism.n.01		holisme	hol·ism'e	
PWN:holistic.a.01		holistik	hol·ist·ik	
PWN:holmium.n.01		holmium	holm·ium	eng:holmium, fra:holmium, spa:holmio, por:hólmio, rus:гольмий, zho:钬 (huǒ), jpn:ホルミウム, kor:홀뮴, vie:honmi, hin:होल्मियम, ben:হলমিয়াম, may:holmium, swa:homi, ara: هلميوم
PWN:holocaust.n.01		holokauste	hol·o·kaust'e	
PWN:hologram.n.01		holografe	hol·o·graf'e	
PWN:holography.n.01		holografia	hol·o·graf·ia	
PWN:holy.a.01		santi	sant'i	por:spa:santo, eng:fra:saint, kon:santu, zho:圣 (shèng)
PWN:hominid.n.01		homide	hom·id’e	
PWN:homo.n.02		hom	hom	fra:homme, spa:hombre, por:homem, eng:human
PWN:homo.n.02		homan	hom·an	
PWN:hope.n.02		ashe	ash’e	hin:आस (ās); आशा (āśā), tel:ఆశ (āśa), tam:ஆசை (āsai), may:tgl:asa
PWN:hopeless.a.01		dezashi	dez.ash’i	
PWN:horse.n.01		mar	mar	mon:морь (mor'), kor:말 (mal), zho:马 (mǎ), yue:馬 (maa5), jpn:馬 (uma), vie:mã, tha:ม้า (maa), tam:மா (mā), eng:mare, deu:Mähre, isl:mar
PWN:hotel.n.01		hotel	hotel	eng:deu:spa:por:may:hotel, fra:hôtel, hin:होटल (hoṭal), ben:হোটেল (hoṭel), tam:ஹோட்டல் (hottal), jpn:ホテル (hoteru), kor:호텔 (hotel), rus:отель (otel), swa:hoteli, hau:otal
PWN:hour.n.01		haur	haur	eng:hour, fra:heure, spa:hora, por:hora, hau:ful:awa
PWN:house.n.12		kan	kan	
PWN:humane.s.03	fig.	homanik	hom·an’i	
PWN:humanism.n.02		homanisme	hom·an·ism'e	
PWN:humanist.a.02		homaniste	hom·an·ist'e	
PWN:hundred.s.01		cente	cent’e	
PWN:hurrah.n.01		hura	hura	rus:ура (ura), ita:urrà, deu:spa:hurra, fra:hourra, eng:hurrah, may:hore, fas:(hurâ)
PWN:hydrogen.n.01		hidre	hidr'e	eng:fra:hydro-, spa:por:may:swa:hidro-, vie:hyđrô, ara: هيدروجين
PWN:hypothesis.n.02		hipotes	hip·o.tes	
PWN:ice.n.01		ais	ais	eng:ice, deu:Eis, may:és
PWN:ice_cream.n.01		aiskrem	aiskrem	
PWN:ice_hockey.n.01		ais’hoke	ais·hok’e	
PWN:idea.n.01		fikre	fikr'e	
PWN:idealism.n.01		idialisme	id·ial·ism’e	
PWN:identical.s.01		identi	id·ent’i	
PWN:identify.v.06		identifa	id·ent·if’a	
PWN:igloo.n.01		iglu	iglu’	eng:igloo, fra:iglou, spa:iglú, por:tur:may:iglu, rus:иглу (iglu), hin:इग्लू (iglū), jpn:イグルー (igurū), kor:이글루 (igeullu)
PWN:ill.a.01		pati	pat’i	
PWN:imaging.n.02		tomografia	tom·o·graf·ia	
PWN:immigrate.v.01		enmigra	en.migr’a	
PWN:immigrate.v.03		enmigra	en.migr’a	
PWN:imperialism.n.01		imperialisme	imper·ia·l·ism'e	
PWN:imperialism.n.01		imperisme	imper·ism'e	
PWN:implicit.a.01		empli	em.pl’i	
PWN:important.a.01		hami	ham’i	ara: هَامّ (hāmm), hin:अहम (aham), urd: اہم (aham), swa:muhimu, tur:mühim, fas:(mohemm), hau:muhimmi
PWN:inactive.s.10		stati	st·at’i	
PWN:india.n.01		Bartia	Bart·ia	
PWN:indium.n.01		hindium	hind·ium	eng:indium, fra:indium, spa:indium, por:índio, rus:индий, zho:铟 (yīn), jpn:インジウム, kor:인듐, vie:indi, hin:इण्डियम, ben:ইন্ডিয়াম, may:indium, swa:indi, ara: انديوم
PWN:infinite.a.01		infini	in.fin’i	
PWN:inhumane.a.01	fig.	inhomani	in.hom·an’i	
PWN:insult.n.02		dusnim	dus.nim	
PWN:intend.v.01		plana	plan’a	
PWN:internet.n.01		internete	internet’e	
PWN:intolerable.a.01		intolerabli	in.tol·er·abl’i	
PWN:invent.v.01		heura	heur’a	ell:ευρίσκω (evrísko) + eng:spa:eureka, por:eureca, fra:eurêka, deu:heureka, rus:эврика (evrika), tur:evreka, jpn:ユーレカ (yūreka), zho:尤里卡 (yóulǐkǎ), vie:ơ-rê-ca
PWN:inventor.n.01		heuriste	heur·ist’e	
PWN:iodine.n.01		iode	iod'e	eng:iodine, fra:iode, spa:yodo (iodo), por:iodo, rus:йод, jpn:ヨウ素, kor:요오드, vie:iot, hin:आयोडिन, ben:আয়োডিন, may:yodium, swa:iodini, ara: يود
PWN:iridium.n.01		iridium	irid·ium	eng:iridium, fra:iridium, spa:iridio, por:irídio, rus:иридий, jpn:イリジウム, kor:이리듐, vie:iriđi, hin:इरिडियम, ben:ইরিডিয়াম, may:iridium, swa:iridi, ara: إريديوم
PWN:islam.n.01		islamisme	islam·ism'e	
PWN:islamophobia.n.01		islamofobia	islam·o·fob·ia	
PWN:island.n.01		nes	nes	ell:νήσος (nēsos), eng:spa:may:-nesia, por:-nésia, fra:-nésie, rus:-незия (-nezija), tur:-nezya, zho:-尼西亚 (níxīyà), jpn:ネシア (neshia) + may:nusa, mlg:nosy
PWN:jacket.n.01		jaket	jak·et	eng:jacket, deu:Jacke, rus:жакет (žaket), por:jaqueta, zho:夹克 (jiākè), jpn:チョッキ (chokki), kor:조끼 (jokki)
PWN:jade.n.01		yoke	yok’e	
PWN:japanese.a.01		niponi	nipon’i	
PWN:jersey.n.03		T-sherte	T-shert'e	
PWN:jesus.n.01		Kriste	Krist'e	
PWN:jew.n.01		yahude	yahud’e	heb: יְהוּדִי‎ (yehudí), ara: يَهُودِيّ‎ (yahūdiyy), hau:yahudu, swa:-yahudi, may:tur:Yahudi, fas: یهودی‎ (yahudi), hin:यहूदी (yahūdī), ben:ইহুদি (ihudi)
PWN:jihad.n.01		jihadisme	jihad·ism'e	
PWN:jihad.n.02		jihade	jihad’e	
PWN:jihadist.n.01		jihadiste	jihad·ist'e	
PWN:journey.n.01		safar	safar	
PWN:judaism.n.01		yahudisme	yahud·ism'e	
PWN:judge.n.01		juder	jud·er	
PWN:judge.v.01		juda	jud’a	eng:judge, fra:juge, spa:juez, por:juiz, hin:जज (jaj), ben:জজ (jôj), swa:jaji, ful:juuju + rus:судья (sud'ya)
PWN:judo.n.01		jiudau	jiu·dau	
PWN:juice.n.01		jus	jus	eng:juice, swa:jusi, tam:ஜூஸ் (jūs), jpn:ジュース (jūsu), kor:주스 (juseu)
PWN:jujutsu.n.01		jiusute	jiu·sut’e	
PWN:jump.v.01		jampe	jamp'e	eng:jump, jpn:ジャンプ (janpu), kor:점프 (jŏmp), ben:ঝাঁপ (jhãpô), ass:জাঁপ (zãp)
PWN:kangaroo.n.01		kangaru	kangaru’	eng:kangaroo, spa:canguro, por:canguru, rus:кенгуру (kenguru), tur:kanguru, swa:kangaruu, ara:كَنْغَر‎ (kanḡar), hin:कंगारू (kaṅgārū), may:kanggaru, jpn:カンガルー (kangarū)
PWN:kilogram.n.01		kilogram	kil·o.gram	
PWN:kind.n.01		jen	jen	eng:genre, fra:genre, spa:género, por:gênero, fas: جنس‎ (jens), ara: جِنْس‎ (jins), ful:hau:swa:jinsi, tur:cins, jpn:ジェンダー (jendā)
PWN:knot.n.02		node	nod'e	eng:node, spa:nudo, por:nó, fra:nœud + vie:nút
PWN:korea.n.01		Hangogia	Hangog·ia	kor:조선 (Joseon), jpn:朝鮮 (chōsen), zho:朝鲜 (zh) (Cháoxiǎn)
PWN:krypton.n.01		kripton	kript·on	eng:krypton, fra:krypton, spa:criptón (kriptón), por:krípton, rus:криптон, zho:氪 (kè), jpn:クリプトン, kor:크립톤, vie:kripton, hin:क्रिप्टन, ben:ক্রিপ্টন, may:kripton, swa:kriptoni, ara: كربتون
PWN:kung_fu.n.01		vusute	vu·sut’e	
PWN:lagoon.n.01		lagon	lag·on	
PWN:lake.n.01		lage	lag’e	eng:lake, spa:por:ita:lago, fra:lac + rus:лагуна (laguna), fas: لگون‎ (lagun), may:lagun, tur:lagün, jpn:ラグーン (ragūn), kor:라군 (ragun)
PWN:lamp.n.01		lampe	lamp’e	eng:lamp, deu:fra:lampe, spa:lámpara, por:lâmpada, rus:лампа (lampa), ara: لمبة‎(lamba), jpn:ランプ (ranpu), kor:램프 (raempeu), hin:लैंप (laimp), ben:ল্যাম্প (lyamp), ful:lampa, may:lampu, tur:lamba
PWN:land.n.04		arde	ard'e	ara: أرض (ʔarḍ), fas: ارض (arz), tur:arz, swa:ardhi + eng:earth, deu:Erde, ned:aarde, may:arde
PWN:language.n.01		bashe	bash’e	hin:भाषा (bhāṣā), urd:(bhāṣā), ben:ভাষা (bhaṣa), pnb:ਭਾਸ਼ਾ (bhāshā), tel:భాష (bhāṣa), tam:பாசை (pāsai), tha:ภาษา (phasa), may:bahasa, jav:basa
PWN:language.n.01		linguaje	lingu·aj·e	
PWN:lanthanum.n.01		lantan	lantan	eng:lanthanum, fra:lanthane, spa:lantano, por:lantâno, rus:лантан, zho:镧 (lán), jpn:ランタン, kor:란탄, vie:lantan, hin:लाञ्थनम, ben:ল্যান্থানাম, may:lantanium, swa:lanthani, ara: لنثانوم
PWN:larva.n.01		larve	larv’e	deu:fra:larve, eng:tur:larva, hin:लार्वा (lārvā), urd:(lārvā), pol:larwa
PWN:latin.a.01		latin’i	latini	
PWN:laugh.v.01		haha’a	haha’a	
PWN:laughter.n.02		haha	haha’	
PWN:law.n.01		kanun	kanun	ara:(qānūn), tur:kanun, swa:kanuni, hin:क़ानून (qānūn), + eng:fra:canon, por:cânone, rus:канон (kanon)
PWN:lawrencium.n.01		laurencium	laurenc·ium	eng:lawrencium, fra:lawrencium, spa:laurencio, por:lawrêncio, rus:лоуренсий, zho:铹 (láo), jpn:ローレンシウム, kor:로렌슘, vie:lorenxi, lawrenci, hin:लॉरेंशियम, ben:লরেনসিয়াম, may:lawrensium, swa:lawirensi, ara: لورنسيوم
PWN:lead.n.02		plumbe	plumb'e	fra:plomb, spa:plomo, por:chumbo, swa:plumbi
PWN:lead.v.01		lida	lid’a	eng:lead, spa:liderar + fra:leader, por:líder, rus:лидер (lider), tur:lider, hin:लीडर (līdar), jpn:リーダー (rīdā), kor:리더 (rideo)
PWN:leader.n.01		lider	lid·er	
PWN:least.r.01		minim	min·im	
PWN:leave.v.01		chuta	chuta	zho:出 (chū), yue:出 (ceot1), wuu:出 (ceq4), hak:出 (chut), jpn:出 (shutsu), kor:출 (chul), vie:xuất + hin:छूटना (chūtnā), may:cuti + tur:çıkmak
PWN:left.r.01		leve	lev'e	ltn:laevus, eng:left; levo-, fra:lévo-, spa:por:levo-, rus:левый (levyy), pol:lewy
PWN:lemon.n.01		limon	lim·on	fas:(limun), eng:lemon, tur:limon, rus:лимон (limon), spa:limón, por:limão, hin:नींबू (nīmbū), urd:(nībū), zho:柠檬 (níngméng), yue:檸檬 (ning4mung1), jpn:檸檬 (remon), kor:레몬 (remon), vie:lêmon, swa:ndimu; limau, ful:leemuure, ben:লেবু (lebu)
PWN:lens.n.01		lense	lens'e	eng:lens, deu:Linse, fra:lentille, spa:por:lente, rus:линза (linza), hin:लेंस (lens), ben:লেন্স (lenś), may:lensa, jpn:レンズ (renzu), kor:렌즈 (renjeu), swa:lensi
PWN:less.r.01		min	min	eng:minimum, spa:por:menos; mínimo, fra:moins; minimum, rus:менее (meneye); минимум (minimum), eng:minimum + zho:迷你 (mínǐ)
PWN:lexeme.n.01		lexem	lex·em	
PWN:library.n.01		bukokan	buk·o·kan	
PWN:life.n.11		bio	bio	eng:deu:fra:spa:por:pol:may:swa:tur:bio-, rus:био- (bio-)
PWN:light.n.01		fote	fot’e	ell:φωτο- (foto-), eng:fra:deu:photo-, spa:por:foto-, rus:фото- + hin:फ़ोटो (foṭo), ben:ফটো (phôṭo), may:foto, tur:fotoğraf, hau:hoto
PWN:limit.n.01		hade	had’e	ara: حَدّ‎ (ḥadd), fas: حد‎ (hadd), hin:हद (had), ben:হদ্দ (hôddô), tel:హద్దు (haddu), swa:hadi, hau:haddi, tur:hat
PWN:line.n.04		line	lin'e	eng:line, fra:ligne, port:linha, spa:línea, deu:Linie, rus:ли́ния (línija)
PWN:linguist.n.02		multobashiste	mult·o·bash·ist’e	
PWN:linguistic.a.01		bashi	bash’i	
PWN:link.n.02		linke	link’e	eng:link, fra:lien, deu:Link, fas:لینک • (link), jpn:リンク (rinku) + zho:連結 (liánjié), yue:連結 (lin4 git3), hak:連結 (lièn-kiet), vie:liên kết
PWN:link.n.09		linke	link’e	
PWN:lip.n.01		lebe	leb’e	fas: لب‎ (lab), hin:लब (lab), tgl:labi, spa:labio, por:lábio, hau:leɓe
PWN:lipid.n.01		lipide	lip·id’e	
PWN:list.n.01		liste	list'e	eng:list, deu:Liste, fra:liste, spa:por:lista, rus:лист (list), fas: لیست (list), hin:लिस्ट (lisṭ), jpn:リスト (risuto)
PWN:liter.n.01		litre	litr'e	eng:fra:tur:litre, deu:may:liter, spa:por:litro, rus:литр (litr), pol:litr, ara: لتر‎(litr), hin:लीटर (līṭar), ben:লিটার (liṭar), jpn:リットル (rittoru), kor:리터 (riteo), vie:lít, swa:hau:lita, ful:liter
PWN:lithium.n.01		litium	lit·ium	eng:lithium, fra:lithium, spa:litio, por:lítio, rus:литий, zho:锂 (lǐ), jpn:リチウム, kor:리튬, vie:swa:lithi, hin:लिथियम, ben:লিথিয়াম, may:litium, swa:lithi, ara: ليثيوم
PWN:little.r.01		kam	kam	deu:kaum + fas: کم‎ (kam), hin:कम (kam), ben:কম (kôm) + yue:減 (gaam2), jpn:減 (-gen), kor:감 (gam), vie:giảm
PWN:lizard.n.01		saur	saur	ell:σαύρα (saura), eng:-saur, fra:-saure, spa:-saurio, por:-sauro, rus:-завр (-zavr), hin:ben: may:-saur(us) + hin:सरट (saraṭ)
PWN:load.v.02		karga	karg’a	
PWN:loin.n.02		lumbe	lumb'e	eng:lumbus, fra:lombes, spa:lomo, por:lombo
PWN:long.a.02		longi	long’i	eng:fra:long, deu:lang, por:longo
PWN:lottery.n.02		loteria	lot·er·ia	
PWN:luck.n.02		vun	vun	zho:运 (yùn), yue:運 (wan6), jpn:運 (un), kor:운 (un), vie:vận 
PWN:luck.n.02		zar	zar	ara: زَهْر (zahr), tur:zar, fas: زار (zâr) + eng:hazard, spa:por:azar, hau:hazari
PWN:lumbago.n.01		lumbalgia	lumb·alg·ia	
PWN:lumen.n.01		lumen	lumen	
PWN:lutetium.n.01		lutecium	lutec·ium	eng:lutetium, fra:lutécium, spa:lutecio, por:lutécio, rus:лютеций, zho:镥 (lǔ), jpn:ルテニウム, kor:루테튬, vie:lutexi, hin:लुटेटियम, ben:লুটেসিয়াম, may:lutetium, swa:luteti, ara: لوتيتيوم
PWN:lutheran.a.01		luteri	luter’i	
PWN:lutheran.n.01		luteriste	luter·ist’e	
PWN:lutheranism.n.01		Luterisme	Luter·ism'e	
PWN:madagascar.n.01		Madagasia	Madagas·ia	
PWN:maestro.n.01		master	mast·er	por:mestre, fra:maître, pol:mistrz, eng:master, rus:мастер (master), spa:maestro, deu:Meister, hin:(mistrī)
PWN:mafia.n.01		mafia	maf·ia	
PWN:magic.n.01		magia	mag·ia	fas: مغ‎ (moğ), ara: مُوغِيّ‎ (mūḡiyy), ell:μάγος (magos), eng:magic, fra:magie, spa:por:magia, rus:магия (magiya) + zho:魔 (mó), jpn:魔 (ma), kor:마 (ma), vie:ma
PWN:magnesium.n.01		magnesium	magnes·ium	eng:magnesium, fra:magnésium, spa:magnesio, por:magnésio, rus:магний, zho:镁 (měi), jpn:マグネシウム, kor:마그네슘, vie:magiê, hin:मैग्नेशियम, ben:ম্যাগনেসিয়াম, may:magnesium, swa:magnesi, ara: مغنيسيوم
PWN:magnet.n.01		magnete	magnet’e	
PWN:mail.n.01		poste	post'e	eng:post, por:postagem, fra:poste, rus:почта (pochta), tur:posta, ara:بوسطة‎ (busṭa), swa:posta, may:pos, fas:پست‎ (post)
PWN:mail.v.01		posta	post’a	
PWN:make.v.49		pisa	pis’a	
PWN:mammal.n.01		mamale	mam·al’e	
PWN:mammalia.n.01		mamalia	mam·al·ia	
PWN:man.n.06		vir	vir	
PWN:manganese.n.01		mangan	mangan	eng:manganese, fra:manganèse, spa:manganeso, por:manganésio, rus:марганец, zho:锰 (měng), jpn:マンガン, kor:망가니즈, vie:mangan, hin:मैंगनीज, ben:ম্যাঙ্গানিজ, may:manggan, swa:manganisi, ara: منجنيز
PWN:mango.n.01		mango	mango’	mal:മാങ്ങ (māṅṅa), eng:spa:tur:mango, por:manga, rus:манго (mango), may:mangga, jpn:マンゴー (mangō), kor:망고 (manggo), hau:mangora, ful:mannguure
PWN:many.a.01		multi	mult’i	
PWN:mark.n.04		marke	mark'e	eng:mark, por:marco, spa:marca, deu:Marke, ben:মার্কা, jpn:マーク
PWN:mark.n.10		marke	mark'e	
PWN:marketplace.n.02		bazar	bazar	fas:urd: بازار (bāzār), hin:बाज़ार (bāzār), tam:பசார் (pasār), fra:spa:por:bazar, eng:bazaar, rus:базар (bazar), may: pasar, zho:巴扎 (bāzhā); 巴剎 (bāshā)
PWN:marriage.n.01		gamia	gam·ia	eng:-gamy, fra:-gamie, spa:por:-gamia, rus:-гамия (-gamiya)
PWN:martial_art.n.01		vudau	vu·dau	
PWN:martial_art.n.01		vusute	vu·sut’e	
PWN:master.n.04		senseng	sen·seng	zho:先生 (xiānshēng), yue:先生 (sin1saang1), jpn:先生 (sensei), kor:선생 (seonsaeng), vie:tiên sinh, may:sinse, tha:ซินแส (sin-see), eng:sensei
PWN:master.n.08		master	mast·er	
PWN:match.n.02		mache	mach'e	eng:fra:match, hin:मैच (mɛc), swa:meci, pol:mecz, rus:матч (matč), tur:maç
PWN:matter.n.03		made	mad'e	
PWN:maximally.r.01		maxim	max·im	
PWN:meal.n.01		can	can	zho:餐 (cān), yue:餐 (caan1), jpn:餐 (san)
PWN:mean.v.03		sema	sem’a	
PWN:meaning.n.01		seme	sem’e	ara:(maʿnā), fas:urd:(ma'ni), hin:मानी (maani), ben:মানে (mane), tur:mana; mani, swa:maana, haw:manaʻo, eng:meaning, deu:Meinung
PWN:measure.v.01		metra	metr’a	eng:-meter, fra:-métrie, spa:-metría, por:-metria, rus:-метрия (-metriya), hin:मात्रा (mātrā), ben:মাত্রা (matra), may:matra, tur:-metri
PWN:medicate.v.02		meda	med’a	eng:medical; medicine, deu:Medizin, fra:médical, spa:por:médico, rus:медицина (medicina), hin:मेडिसिन (meḍisin), may:medis
PWN:medicine.n.01		medikia	med·ik·ia	
PWN:medicine.n.01		medolojia	med·o·loj·ia	
PWN:meitnerium.n.01		meitnerium	meitner·ium	eng:meitnerium, fra:meitnérium, spa:meitnerio, por:meitnério, rus:майтнерий, jpn:マイトネリウム, kor:마이트너륨, vie:meitneri, hin:मेइट्नेरियम, ben:মিটনেরিয়াম, may:meitnerium, swa:meitneri, ara: مايتنريوم
PWN:melt.v.01		fuza	fuz’a	
PWN:memory.n.01		memur	mem·ur	
PWN:mendelevium.n.01		mendelevium	mendelev·ium	eng:mendelevium, fra:mendélévium, spa:mendelevio, por:mendelévio, rus:менделевий, zho:钔 (mén), jpn:メンデレビウム, kor:멘델레븀, vie:menđelevi, hin:मेण्डेलीवियम, ben:মেন্ডেলিভিয়াম, may:mendelevium, swa:mendelevi, ara: مندلفيوم
PWN:mercury.n.01		hidrargente	hidr·argent’e	swa:hidrajiri
PWN:message.n.01		misaje	mis·aj'e	
PWN:message.n.02		kontenaje	kon.ten·aj’e	
PWN:metallic_element.n.01		metal	metal	eng:spa:por:tur:metal, fra:métal, deu:Metall, rus:металл (metall), tur:metal
PWN:meter.n.01		mitre	mitr'e	eng:tur:metre, deu:may:meter, fra:mètre, spa:por:metro, rus:метр (metr), ara: متر‎ (mitr), zho:米 (mǐ), jpn:メートル (mētoru), kor:미터 (miteo), vie:mét, hin:मीटर (mīṭar), ben:মিটার (miṭar), swa:hau:mita, ful:meter
PWN:meter.n.02		metrer	metr·er	
PWN:microbiology.n.01		mikrobiolojia	mikr·o·bio·loj·ia	
PWN:microscope.n.01		mikroskope	mikr·o·skop'e	
PWN:middle.n.02		mide	mid’e	eng:mid; medium, deu:Mitte, spa:medio, por:meio, hin:मध्य (madhya), ben:মধ্য (môddh), tam:மத்தியம் (mattiyam) + fra:médias, rus:медиа (media), zho:媒体 (méitǐ), jpn:メディア (media), kor:미디어 (midieo), tur:medya
PWN:migration.n.01		migration	migr·at·ion	
PWN:million.s.01		mega	mega	eng:fra:spa:por:may:tur:mega-, rus:мега- (mega-), jpn:メガ (mega), kor:메가- (mega-)
PWN:minor.s.10		mini	min’i	
PWN:minority.n.01		minur	min·ur	
PWN:mint.n.02		minte	mint'e	eng:mint, spa:por:menta, fra:menthe, rus:мята (m’ata), jpn:ミント (minto)
PWN:minute.n.01		minute	minut’e	eng:minute, spa:por:minuto, rus:мину́та (minúta), hin:मिनट (minaṭ), ben:মিনিট (miniṭ), may:minit
PWN:molybdenum.n.01		molibden	molibden	eng:molybdenum, fra:molybdène, spa:molibdeno, por:molibdénio, rus:молибден, zho:钼 (mù), jpn:モリブデン, kor:몰리브덴, vie:molypđen, hin:मोलिब्डेनम, ben:মলিবডেনাম, may:molibden, swa:molibdeni, ara: مولبيدنيوم
PWN:monism.n.01		monisme	mon·ism’e	
PWN:monogamy.n.01		monogamia	mon·o.gam·ia	
PWN:monologue.n.03		monologe	mon·o·log’e	
PWN:more.a.01		max	max	spa:mas; máximo, por:mais; máximo + eng:fra:maximum, rus:максимум (maksimum), may:maksimum, fas: ماکسیمم‎ (mâksimom)
PWN:more.a.02		max	max	
PWN:mother.n.01		ma	ma	por:mãe + zho:妈 (mā), vie:má, ben:মা (ma), hin:मां (mã) + eng:swa:mama, spa:mamá, fra:maman, rus:мама (mama), jpn:ママ (mama), kor:엄마 (eomma)
PWN:motley.s.02		multorangi	mult·o·rang’i	
PWN:mountain.n.01		shan	shan	zho:山 (shān), yue:山 (saan1), jpn:山 (san), kor:산 (san), vie:sơn
PWN:mouse.n.01		mush	mush	rus:мышь (myś), pol:mysz, fas: موش‎ (muš) + zho:鼠 (shǔ)
PWN:move.v.04		migra	migr’a	fra:eng:migration, spa:migración, por:migração, rus:миграция (migratsiya)
PWN:music.n.01		muzike	muz·ik’e	eng:music, deu:Musiek, fra:musique, spa:por:música, rus:музика (muzika), fas: موسیقی (musiği), hin:मूसीक़ी (mūsīqī), ara: موسيقى (mūsīqā), swa:muziki, tur:müzik, may:musik
PWN:musician.n.01		muziker	muz·ik·er	
PWN:muslim.n.01		islamiste	islam·ist'e	
PWN:mythology.n.01		mitologia	mit·o·log·ia	
PWN:mythology.n.02		mitolojia	mit·o·loj·ia	
PWN:nail.n.01		nage	nag’e	deu:Nagel, rus:ноготь (nogot'), fas:ناخن‎ (nâxon), hin:नाख़ुन m (nāxun), ben:নখ (nôkh), pan:नख (nakh), tam:நகம் (nakam)
PWN:name.n.01		nim	nim	deu:eng:name, fra:nom, hin:नाम (nām), ben:নাম (nam), may:nama, tur:nam, tha:นาม (naam) + jpn:名前 (namae)
PWN:narcosis.n.01		narkos	nark·os	
PWN:narcotic.n.01		narke	nark'e	eng:narcotic, fra:narcotique, spa:por:narcótico, rus:наркотик (narkotik), may:narkotik
PWN:narrative.n.01		loge	log’e	
PWN:nation.n.02		nasia	nas·ia	
PWN:naturalistic.s.01		hakiki	hak·ik’i	
PWN:nature.n.01		tabia	tab.ia	
PWN:necromancy.n.02		nekromantia	nekr·o·mant·ia	
PWN:negative.a.01		negativi	negat·iv’i	
PWN:negative.s.08		yimi	yim’i	
PWN:neodymium.n.01		neodimium	neodim·ium	eng:neodymium, fra:néodyme, spa:neodimio, por:neodímio, rus:неодим, zho:钕 (nǚ), jpn:ネオジム, kor:네오디뮴, vie:neođim, hin:नियोडाइमियम, ben:নিওডিমিয়াম, may:neodinium, swa:neodimi, ara: نيودميوم
PWN:neon.n.01		neon	neon	eng:neon, fra:néon, spa:neón, por:néon, rus:неон, zho:氖 (nǎi), jpn:ネオン, kor:네온, vie:neon, nê-ông, hin:नियोन, ben:নিয়ন, may:neon, swa:neoni, ara: نيون
PWN:neptunium.n.01		neptunium	neptun·ium	eng:neptunium, fra:neptunium, spa:neptunio, por:neptúnio, rus:нептуний, zho:镎 (ná), jpn:ネプツニウム, kor:넵투늄, vie:neptuni, hin:नेप्ट्यूनियम, ben:নেপচুনিয়াম, may:neptunium, swa:neptuni, ara: نبتونيوم
PWN:net.n.06		nete	net’e	eng:net, deu:Netz
PWN:new.a.01		nevi	neu’i	eng:nov-, fra:nouveau, spa:nuevo, por:novo, rus:новый (novyy), hin:नव (nav), ben:নয় (nôy); নও- (nôo-), may:nawa
PWN:news.n.01		habar	habar	ara: خَبَر‎ (xabar), fas: خبر‎ (xabar), hin:ख़बर (xabar), ben:খবর (khôbôr), tam:கபர் (kapar), may:kabar, tur:haber, swa:habari, hau:labari, yor:làbarè, ful:habaru
PWN:nickel.n.01		nikel	nikel	eng:nickel, fra:nickel, spa:níquel, por:níquel, rus:никель, zho:镍 (niè), jpn:ニッケル, kor:니켈, vie:nikel, hin:निकेल, ben:নিকেল, may:nikel, swa:nikeli, ara: نيكل
PWN:nightingale.n.01		bulbul	bulbul	ara: بلبل‎ (bulbul), fas:(bolbol), hin:बुलबुल (bulbul), may:bulbul, tur:bülbül
PWN:niobium.n.01		niobium	niob·ium	eng:niobium, fra:niobium, spa:niobio, por:nióbio, rus:ниобий, zho:铌 (ní), jpn:ニオブ, kor:나이오븀, vie:niobi, hin:नायोबियम, ben:নাইওবিয়াম, may:niobium, swa:niobi, ara: نيوبيوم
PWN:nitrogen.n.01		nitre	nitr'e	eng:nitrogen, fra:azote, spa:nitrógeno, por:nitrogénio, rus:азот, vie:nitơ, hin:नाइट्रोजन, ben:নাইট্রোজেন, may:nitrogen, swa:nitrojeni, ara: نيتروجين
PWN:no.r.03		no	n’o	eng:spa:no, fra:non, por:não, ben:না (na), rus:не (nye), hin:नहीं (nahī̃), kor:아니 (ani), jpn:-ない (-nai)
PWN:nobelium.n.01		nobelium	nobel·ium	eng:nobelium, fra:nobélium, spa:nobelio, por:nobélio, rus:нобелий, zho:锘 (nuò), jpn:ノーベリウム, kor:노벨륨, vie:nobeli, hin:नोबेलियम, ben:নোবেলিয়াম, may:nobelium, swa:nobeli, ara: نوبليوم
PWN:noodle.n.01		men	men	zho:面 (miàn), yue:麵 (min6), jpn:麺 (men), kor:면 (myeon), vie:mì; miến, may:mie, tha:หมี่ (mii), khm:មី (mi)
PWN:normal.a.01		normi	norm’i	
PWN:north.n.03		norde	nord'e	eng:north, spa:por:norte, deu:Nord, fra:nord, rus:норд (nord)
PWN:nose.n.01		naze	naz'e	eng:nose, spa:por:nariz, deu:Nase, rus:нос (nos), fas:نس‎ (nos), hin:नासिका (nāsikā), ben:নাক (nak), tam:நாசி (nāsi)
PWN:nostalgia.n.01		nostalgia	nost·alg·ia	
PWN:nudism.n.01		nudisme	nud·ism'e	
PWN:nudist.n.01		nudiste	nud·ist'e	
PWN:number.n.02		num	num	eng:number, fra:nombre, spa:por:número, rus:номер (nomer), deu:Nummer, jpn:ナンバー (nanbā), hin:नंबर (nambar), ben:নম্বর (nômbôr), tur:numara, may:nombor, swa:namba(ri)
PWN:okay.n.01		okei	okei	eng:okay, spa:tur:may:okey, por:OK, rus:окей (okej), ara:أُوكِي‎‎‎ (ʾokey), hin:ओके (oke), zho:OK (ōukèi), jpn:オーケー (ōkē)
PWN:okra.n.01		bamia	bamia	ara: بَامْيَة‎ (bāmya), swa:bamia, amh:ባሚያ (bamiya), tur:bamya, fas: بامیه‎ (bâmiye), rus:бамия (bamiya)
PWN:olive.n.01		zaitun	zaitun	ara: زَيْتُون‎ (zaitūn), spa:aceituna, may:zaitun, swa:zeituni, tur:zeytin, hau:swa:zaituni, fas: زیتون‎ (zeytun), hin: ज़ैतून (zaitūn), ben:জয়তূন (zôẏtūn), tam:சைதூண் (caitūṇ), zho:齊墩果 (qídūn-guǒ)
PWN:one.s.01		un	un	fra:un, spa:uno, por:um,una, eng:one
PWN:orange.n.03		aranje	aranj'e	eng:fra:orange, spa:naranja, por:laranja, fas: نارنج‎ (nâranj), hin:नारंगी (narangi), tam:ஆரஞ்சு (ārañcu), jpn:(orenji) + rus:оранжевый (oranževiy)
PWN:organ.n.05		orgen	orgen	eng:may:organ, deu:Orgel, fra:orgue, spa:órgano, por:órgão, rus:орган (organ), fas: ارگ (org), hin:ऑर्गन (ŏrgan), tam:ஓர்கன் (ōrkaṉ), ara: أُرْغُن (ʔurḡun), tur:org, jpn:オルガン (orugan), kor:오르간 (oreugan), vie:oóc-gan
PWN:orientation.n.03		dike	dik’e	
PWN:original.n.02		idia	id·ia	eng:spa:idea, fra:idée, deu:Idee, por:ideia, rus:идея (ideya), may:ide, jpn:アイデア (aidea), kor:아이디어 (aidieo), vie:ý định
PWN:original.s.01		asli	asl’i	
PWN:osmium.n.01		osmium	osm·ium	eng:osmium, fra:osmium, spa:osmio, por:ósmio, rus:осмий, jpn:オスミウム, kor:오스뮴, vie:osimi, hin:अस्मियम, ben:অসমিয়াম, may:osmium, swa:osmi, ara: ازميوم
PWN:other.a.01		ali	al’i	ell:άλλος (állos), ltn:alius, eng:fra:allo-, por:spa:alo-, rus: алло- (allo-)
PWN:outer.a.01		exi	ex’i	
PWN:oxide.n.01		oxide	ox·id’e	
PWN:oxygen.n.01		oxe	ox'e	eng:oxygen, fra:oxygène, spa:oxígeno, por:oxigénio, rus:кислород, vie:oxy, oxi, hin:ऑक्सीजन, ben:অক্সিজেন, may:oksigen, swa:oksijeni, ara: أكسجين
PWN:pack.v.01		paka	pak’a	
PWN:package.n.01		pakaje	pak·aj'e	
PWN:package.n.01		pake	pak’e	
PWN:pain.n.03		alge	alg'e	eng:por:spa:-algia, fra:deu:-algie, rus:-альгия (-alʹgiya) + jpn:ノスタルジー (nosutarujī), fas: نوستالژی‎ (nostâlži), tur:nostalji
PWN:painful.a.01		algi	alg’i	
PWN:palladium.n.01		paladium	palad·ium	eng:palladium, fra:palladium, spa:paladio, por:paládio, rus:палладий, zho:钯 (bǎ), jpn:パラジウム, kor:팔라듐, vie:palađi, hin:पलाडियम, ben:প্যালাডিয়াম, may:paladium, swa:paladi, ara: بلاديوم
PWN:panama.n.01		Panama	Panama	
PWN:panhellenic.a.01		panheleni	pan.helen’i	
PWN:parameter.n.01		parametre	para.metr'e	
PWN:park.n.01		parke	park'e	eng:deu:tur:pol:park, spa:por:parque, fra:parc, rus:парк (park), hin:पार्क (pārk)
PWN:part.n.02		parte	part'e	eng:part, por:spa:parte + fas: پارچه (pârče), hin:पारचा (pārcā), tur:parça
PWN:party.v.01		festa	fest’a	por:festa, spa:fiesta, fra:fête, deu:Fest, eng:festival, rus:фестиваль (festival'), may:pesta
PWN:patronymic.n.01		patronim	pa·tr·o·nim	
PWN:pause.n.01		paus	paus	deu:Pause, eng:deu:fra:pause, spa:por:pausa, rus:пауза (pauza)
PWN:peafowl.n.01		mayur	mayur	hin:मयूर (mayūr), ben:ময়ূর (môyūr), tam:மயில் (mayil) + may:merak
PWN:peat.n.01		turfe	turf’e	eng:turf, fra:tourbe, spa:tur:turba, por:turfa, rus:торф (torf)
PWN:peer.n.01		par	par	
PWN:penguin.n.01		pinguin	pinguin	eng:may:penguin, spa:pingüino, por:pinguim, rus:пингвин (pingvin), tur:penguen, hin:पेंगुइन (peṅguin), ben:পেঙ্গুইন (peṅguin), jpn:ペンギン (pingin)
PWN:person.n.01		hom	hom	
PWN:phenol.n.01		fenol	fen·ol	
PWN:phenomenon.n.01		fenomen	fen·o·men	
PWN:phenotype.n.01		fenotipe	fen·o·tip’e	
PWN:philosopher.n.01		filosofer	fil·o·sof·er	
PWN:philosophic.a.01		filosofi	fil·o·sof’i	
PWN:philosophy.n.02		filosofia	fil·o·sof·ia	eng:philosophy, fra:philosophie, spa:por:filosofia, rus:философия (filosofiya), ara: فَلْسَفَة (falsafa), hin:फ़लसफ़ा (falsafā), may:filsafat, swa:hau:falsafa, tur:felsefe
PWN:phoneme.n.01		fonem	fon·em	
PWN:phonograph_record.n.01		diske	disk'e	
PWN:phonology.n.01		fonolojia	fon·o·loj·ia	
PWN:phosphorus.n.01		fosfe	fosf'e	eng:phosphorus, fra:phosphore, spa:fósforo, por:fósforo, rus:фосфор, vie:photpho, hin:फास्फोरस, ben:ফসফরাস, may:fosfor, swa:posfori, ara: فوسفور
PWN:photograph.n.01		fotografe	fot·o·graf’e	
PWN:pinch.v.01		pinca	pinc’a	eng:pincers, deu:Pinzette, fra:pinces, por:pinça, spa:pinzas, rus:пинцет (pincet), tur:pense, jpn:ペンチ (penchi), kor:펜치 (penchi)
PWN:pineapple.n.01		ananas	ananas	deu:Ananas, fra:tur:ful:ananas, por:ananás, rus:ананас (ananas), fas: آناناس‎ (ânânâs), hin:अनन्नास (anānnas), tam:அன்னாசிப் பழம் (aṉṉācip paḻam), ara: أَنَانَاس‎ (ʾanānās), may:nanas, swa:nanasi
PWN:piston.n.02		piston	pist·on	
PWN:pizza.n.01		piza	piza’	eng:deu:fra:spa:tur:vie:pizza, rus:пицца (pitsa), fas: پیتزا‎ (pitzâ), hin:पिज़ा (pizā), ben:পিৎজা (pitja), tam:பீத்சா (pītcā), may:piza, zho:比萨 (bǐsà), jpn:ピザ (piza), kor:피자 (pija), ara: بِيتْزَا‎ (bītzā)
PWN:plain.n.01		platistan	plat·istan	
PWN:plan.n.01		plan	plan	eng:spa:fra:plan, deu:Plan, por:plano, rus:план (plan), fas:پلان‎ (plân), hin:प्लैन (plain), jpn:プラン (puran)
PWN:plane.n.02		plate	plat’e	eng:plate, spa:por:placa, deu:Platte, rus:пластина (plastina)
PWN:plant.n.02		fite	fit’e	eng:phyto-, -phyte, deu:fra:phyto-, spa:por:fito-, rus:фито- (fito-)
PWN:plastic.n.01		plastike	plast·ik’e	
PWN:plate.n.04		plati tase	plat’i tas’e	
PWN:platinum.n.01		platin	platin	eng:platinum, fra:platine, spa:platino, por:platina, rus:платина, zho:铂 (bó), vie:platin, hin:प्लाटिनम, ben:প্লাটিনাম, may:platina, swa:platini, ara: بلاتين
PWN:pleasure.n.01		hedon	hedon	ell:ἡδονή (hēdonḗ) + eng:tur:hedonist, deu:Hedonist, fra:hédoniste, spa:por:hedonista, rus:гедонист
PWN:pliers.n.01		pincer	pinc·er	
PWN:plot.n.01		plote	plot’e	eng:plot, deu:Komplott, fra:spa:complot, por:complô, tur:komplo, may:komplot
PWN:plug.n.01		tape	tap’e	
PWN:plug.v.05		tape	tap’e	
PWN:plunder.v.03		luta	lut’a	hin:लूटना (lūṭnā), urd:(lūṭnā), ben:লুটা (luṭā), pnb:ਲੁੱਟ (luṭ), eng:loot, + zho:掠夺 (lüèduó), yue:掠 (loek6)
PWN:plunderer.n.01		luter	lut·er	
PWN:plutonium.n.01		plutonium	pluton·ium	eng:plutonium, fra:plutonium, spa:plutonio, por:plutónio, rus:плутоний, zho:钚 (bù), jpn:プルトニウム, kor:플루토늄, vie:plutoni, hin:प्लूटोनियम, ben:প্লুটোনিয়াম, may:plutonium, swa:plutoni, ara: بلوتونيوم
PWN:pocket.n.01		jebe	jeb’e	ara: جَيْب‎ (jayb), fas: جیب‎ (jib), hin:जेब (jeb), pnb:ਜੇਬ (jeb), tel:(jēbu), tur:cep, por:algebeira, ful:jeyba, hau:aljihu, ful:jiiba, wol:jiba, amh:ጅብ (ǧəb)
PWN:poison.n.01		toxe	tox'e	eng:toxic, fra:toxique, spa:por:tóxico, rus:токсичний (toksicniy), may:toksik + zho:毒 (dú), yue:毒 (duk6), wuu:毒 (do’), jpn:毒 (doku/toku), kor:독 (dok), vie:độc
PWN:poisonous.s.01		toxi	tox’i	
PWN:polonium.n.01		polskium	polsk·ium	eng:polonium, fra:polonium, spa:polonio, por:polónio, rus:полоний, zho:钋 (pō), jpn:ポロニウム, kor:폴로늄, vie:poloni, hin:पोलोनियम, ben:পোলনিয়াম, may:polonium, swa:poloni, ara: بولونيوم
PWN:polygamy.n.01		poligamia	poli.gam·ia	
PWN:polygon.n.01		poligon	poli·gon	
PWN:polyhedron.n.01		polihedre	poli·hedr'e	
PWN:polysemous.s.01		polisemi	poli.sem’i	
PWN:polystyrene.n.01		polistiren	poli·stir·en	
PWN:pop_music.n.01		popmuzike	pop·muz·ik’e	
PWN:population.n.01		popul	pop·ul	
PWN:populism.n.01		populisme	pop·ul·ism'e	
PWN:positive.s.10		yangi	yang’i	
PWN:postpone.v.01		pospozita	pos.pozit’a	
PWN:postpose.v.01		pospozita	pos.pozit’a	
PWN:pot.n.01		pote	pot’e	eng:fra:pot, spa:por:pote, may:poci, jpn:ポット (potto), kor:포트 (poteu), ful:pooti; fotiire
PWN:potassium.n.01		kalium	kal·ium	rus:калий, jpn:カリウム, vie:kali, may:kalium, swa:kali
PWN:potter.n.01		poter	pot·er	
PWN:praise.v.01		eulogiza	eu.log·iz’a	
PWN:praseodymium.n.01		prazedimium	prazedim·ium	eng:praseodymium, fra:praséodyme, spa:praseodimio, por:praseodímio, rus:празеодим, jpn:プラセオジム, kor:프라세오디뮴, vie:prazeođim, hin:प्रासियोडाइमियम, ben:প্র্যাসেওডিমিয়াম, may:praseodinium, swa:praseodimi, ara: براسوديميوم
PWN:prepose.v.01		prepozita	pre.pozit’a	
PWN:press.v.01		presa	pres’a	
PWN:prevail.v.03		persista	per.sist'a	
PWN:print.v.04		impresa	im.pres’a	
PWN:printer.n.02		impreser	im.pres·er	
PWN:promethium.n.01		prometium	promet·ium	eng:promethium, fra:prométhium, spa:prometio, por:promécio, rus:прометий, zho:钷 (pǒ), jpn:プロメチウム, kor:프로메튬, vie:prometi, hin:प्रोमेथियम, ben:প্রমিথিয়াম, may:prometium, swa:promethi, ara: بروميثيوم
PWN:pronounce.v.01		fona	fon’a	
PWN:propose.v.01		propozita	pro.pozit’a	
PWN:protactinium.n.01		protacinium	protacin·ium	eng:protactinium, fra:protactinium, spa:proactinio, por:protacnídio, rus:протактиний, zho:镤 (pú), jpn:プロトアクチニウム, kor:프로트악티늄, vie:protactini, hin:प्रोटैक्टीनियम, ben:প্রোটেক্টিনিয়াম, may:protaktinium, swa:protaktini, ara: بروتكتنيوم
PWN:prototype.n.01		prototipe	prot·o·tip’e	
PWN:public.a.01		demi	dem’i	
PWN:pump.n.01		pompe	pomp'e	eng:pump, spa:por:bomba, fra:ful:pompe, deu:Pumpe, rus:помпа (pompa), fas: پمپ‎ (pomp), hin:पंप (pamp), ben:পাম্প (pamp), tel:పంపు (pampu), tur:may:pompa, hau:famfo, zho:泵 (bèng), yue:泵 (bam1), jpn:ポンプ (ponpu), kor:펌프 (peompeu), vie:bơm
PWN:put.v.01		pozita	pozit’a	eng:pose, por:posição, spa:posición, deu:Position, rus:пози́ция (pozícija)
PWN:pyramid.n.01		piram	piram	eng:pyramid, fra:pyramide, spa:por:pirámide, rus:пирамида (piramida), hin:पिरमिड (pirmiḍ),अहराम (ahrām), ben:পিরামিড (piramiḍ), may:piramida, jpn:ピラミッド (piramiddo), kor:피라미드 (piramideu) + ara:(haram), swa:haram
PWN:quartz_glass.n.01		kuarze	kuarz'e	deu:Quarz, eng:fra:quartz, spa:cuarzo, rus:кварц (kvarc), tur:kuvars, hin:क्वार्ट्ज (kvārtj), jpn:クオーツ (kuōtsu), may:kuarza
PWN:question.n.03		sual	sual	ara: سؤال (su'āl), fas: سؤال‎ (so'âl), hin:सवाल (savāl), ben:সওয়াল (śôwal), may:soal, swa:swali, tur:sual + khm:សួរ (suə)
PWN:quote.v.01		cita	cit’a	eng:cite, spa:por:citar, fra:citer, deu:zitieren, rus:цитировать (citirovat’)
PWN:race.n.03		rase	ras'e	eng:fra:race, spa:raza, por:raça, rus:раса (rasa), may:ras
PWN:radium.n.01		radium	rad·ium	eng:radium, fra:radium, spa:radio, por:rádio, rus:радий, zho:镭 (léi), jpn:ラジウム, kor:라듐, vie:rađi, hin:रेडियम, ben:রেডিয়াম, may:radium, swa:radi, ara: راديوم
PWN:radon.n.01		radon	rad·on	eng:radon, fra:radon, spa:radón, por:rádon, rus:радон, zho:氡 (dōng), jpn:ラドン, kor:라돈, vie:rađơn, hin:रेडन, ben:রেডন, may:radon, swa:radoni, ara: رادون
PWN:random.a.01		zari	zar’i	
PWN:rank.n.02		dang	dang	zho:等 (děng),  yue:等 (dang2), kor:등 (dang), vie:đẳng, jpn:段 (dan) + fra:rang, spa:rango
PWN:rare.s.04		nadri	nadr’i	ara: نَادِر‎ (nādir), fas: نادر (nâder), hin:नादिर (nādir), swa:nadra, tur:nadir, hau:nadiri
PWN:razor.n.01		razer	raz·er	
PWN:real.a.01		hakiki	hak·ik’i	
PWN:reality.n.03		hakikia	hak·ik·ia	
PWN:reasoning.n.01		ration	rat·ion	
PWN:reflector.n.01		reflexer	re.flex·er	
PWN:regulate.v.02		noma	nom’a	
PWN:regulation.n.06		nomia	nom·ia	eng:-nomy, deu:fra:-nomie, spa:por:-nomia, rus:-номия (-nomiya), may:-nomi
PWN:relax.v.01		relaxa	re.lax’a	
PWN:religion.n.02	fig.	den	den	
PWN:resemble.v.01		ida	id’a	
PWN:resist.v.02		resista	re.sist'a	
PWN:revolve.v.01		rota	rot’a	eng:rotate, por:spa:rotar, rus:ро́тор (rótor)
PWN:rock.n.02		petre	petr'e	hin:पत्थर (patthar), urd:(patthar), ita:pietra, por:pedra, spa:piedra, fra:pierre
PWN:room.n.01		kamre	kamr'e	may:kamar, por:câmara, hin:कमरा, (kamrā), deu:Kammer, rus:камера (kamera)
PWN:rotten.s.03		futri	futr’i	zho:腐 (fǔ), yue:腐 (fu6), jpn:腐 (fu), tha:ผุ (phu) + eng:putrid, fra:pourri; putride, spa:por:podre
PWN:rubidium.n.01		rubium	rub·ium	eng:rubidium, fra:rubidium, spa:rubidio, por:rubídio, rus:рубидий, zho:铷 (rú), jpn:ルビジウム, kor:루비듐, vie:rubiđi, hin:रुबिडियम, ben:রুবিডিয়াম, may:rubidium, swa:rubidi, ara: روبيديوم
PWN:rule.n.01		norme	norm’e	
PWN:russian.a.01		rusi	rus’i	
PWN:ruthenium.n.01		rusium	rus·ium	
PWN:rutherfordium.n.01		ruterfordium	ruterford·ium	eng:rutherfordium, fra:rutherfordium, spa:rutherfordio, por:rutherfórdio, rus:резерфордий, ²курчатовий, zho: (lú), jpn:ラザホージウム, kor:러더포듐, vie:rutherfordi, hin:रुथरफोर्डियम, ben:রাদারফোর্ডিয়াম, may:rutherfordium, swa:rutherfordi, ara: رذرفورديوم
PWN:saga.n.01		heromite	heromit’e	
PWN:save.v.02		hazina	hazin’a	
PWN:shard.n.01		fragmen	frag·men	
PWN:shipwreck.n.03		naufrage	nau·frag’e	
PWN:shirt.n.01		sherte	shert'e	eng:shirt, deu:T-Shirt, fra:por:T-shirt, fas: تی‌شِرْت (ti-šert), hin:टी-शर्ट (ṭī-śarṭ), ben:শার্ট (śarṭo), tur:tişört, zho:T恤衫 (tī-xùshān), yue:恤衫 (seot1 saam1), jpn:シャツ (shatsu), kor:셔츠 (syeocheu), tam:சட்டை (caṭṭai), ara: تِي شِيرْت (tī šīrt), swa:shati, yor:ṣẹ́ẹ̀tì
PWN:short.a.01		korti	kort’i	eng:curt, por:curto, spa:corto, fra:court, deu:Kürze
PWN:short.a.02		korti	kort’i	
PWN:show.v.01		shova	shou’a	eng:deu:fra:spa:por:show, rus:шоу (šou), tur:şov, swa:shoo, kor:쇼 (syo), jpn:ショー (shō), zho:秀 (xiù), yue:騷 (sou1)
PWN:shower.n.01		dush	dush	fra:douche, spa:por:ducha, deu:Dusche, rus:душ (duš), ara: دوش (dūš), may:dus, tur:duş
PWN:shrink.v.03		dekresu	de.kres’u	
PWN:shudder.v.02		horu	hor’u	eng:spa:por:horror, fra:horreur, jpn:ホラー (horā), kor:호러 (horeo)
PWN:sign.v.01		nimkitaba	nim·kitab’a	
PWN:sign_language.n.01		ishari bashe	ishar’i bash’e	
PWN:signature.n.01		nimkitabe	nim·kitab’e	
PWN:silicon.n.01		silike	silik'e	eng:silicon, fra:silicium, spa:silicio, por:silício, vie:silic, hin:सिलिकॉन, ben:সিলিকন, may:silikon, swa:silikoni, hau:siliki, ara: سيلكون (silikōn)
PWN:silk.n.01		sil	sil	zho:丝 (sī), yue:絲 (si1), wuu:絲 (sr1), kor:사 (sa) + eng:silk, spa:por:sérico, rus:шёлк (sholk)
PWN:silver.n.01		argente	argent'e	por:ita:argento, fra:argent, may:argentum, swa:agenti
PWN:similar.a.01		simili	sim·il’i	
PWN:simple.a.01		simpli	sim·pl'i	
PWN:sit.v.01		sidu	sid’u	
PWN:ski.n.01		ski	ski	eng:fra:ski, deu:Ski, spa:esquí, por:esqui, hin:स्की (skī), ben:স্কী (ski), jpn:スキー (sukī), kor:스키 (seuki)
PWN:skill.n.01		sute	sut’e	zho:术 (shù), yue:術 (seot6), jpn:術 (jutsu), kor:술 (sul), vie:thuật
PWN:sleep.n.01		somna	somn’a	fra:sommeil, por:sono, rus:сон (son), hin:सोना (sonā), ben:শোয়া (śoya) + ara: سِنَة (sina)
PWN:sleep.v.01		somna	somn’a	
PWN:slide_fastener.n.01		ziper	zip·er	
PWN:snake.n.01		serpe	serp'e	hin:सर्प (sarp), ben:সাপ (sap), tel:(sarpamu), fra:eng:serpent, spa:serpiente, + zho:蛇 (shé), + yor:sèbé
PWN:soap.n.01		sabun	sabun	fra:savon, spa:jabón, por:sabão, ara: صَابُون‎ (ṣābūn), fas: صابون‎ (sâbun), hin:साबुन (sābun), ben:সাবান (śaban), tel:సబ్బు (sabbu), may:tur:sabun, swa:sabuni, ful:saabunde, hau:sabulu, jpn:シャボン (shabon), vie:xà bông
PWN:social.a.01		sociali	soc·ia·l’i	
PWN:social.s.06		soci	soc’i	
PWN:social_station.n.01		klas	klas	eng:class, spa:clase, por:fra:classe, rus:класс (klass), کلاس‎ (kelâs), may:kelas, jpn:クラス (kurasu), ful:kalaas
PWN:socialism.n.01		socialisme	soc·ia·l·ism'e	
PWN:socialist.n.01		socialiste	soc·ia·l·ist'e	
PWN:society.n.01		socia	sos·ia	rus:социум (socium), eng:society, fra:société, spa:sociedad, por:sociedade, deu:sozial, may:sosial
PWN:sodium.n.01		natrium	natr·ium	eng:sodium, fra:sodium, spa:sodio, por:sódio, rus:натрий, zho:钠 (nà), jpn:ナトリウム, kor:나트륨, vie:natri, hin:सोडियम, ben:সোডিয়াম, may:natrium, swa:natiri
PWN:sofa.n.01		sofa	sofa’	eng:deu:fra:sofa, spa:por:sofá, rus:софа (sofa), zho:沙发 (shāfā), yue:梳化 (so1faa32), jpn:ソファ (sofa), kor:소파 (sopa), hin:सोफ़ा (sofā)
PWN:soil.n.02		darte	dart'e	eng:dirt, hin:धरती (dhartī), urd: دھرتی‎ (dhartī), may:darat, vie:đất
PWN:sonic.s.02		soni	son’i	
PWN:sound.n.01		son	son	zho:声 (shēng), yue:聲 (seng1), wuu:声 (sən), jpn:声 (sei), kor:성 (seong) + fra:son, spa:son; sonido, por:som
PWN:source_code.n.01		asli kode	asl’i kod’e	
PWN:south.n.03		sude	sud’e	deu:Süden, fra:sud, spa:sur, por:sul, eng:south, rus:зюйд (zyuyd)
PWN:space.n.01		kosme	kosm'e	eng:fra:spa:cosmos, deu:Kosmos, por:cosmo, rus:космос (kosmos), tur:kozmo-
PWN:spain.n.01		Espania	Espan·ia	
PWN:spanish.a.01		espani	espan’i	
PWN:spell.v.01		kitaba	kitab’a	
PWN:spin.v.01		rot’u	rotu	
PWN:spinach.n.01		spanak	spanak	
PWN:spit.v.01		tuka	tuk’a	hin: थूकना (thūknā), zho: 吐 (tǔ), yue:吐 (tou3), tur:tükürmek, ful:tuutde
PWN:sponge.n.01		sponje	sponj'e	eng:sponge, spa:por:esponja, ara:إسفنج (ʾisfanj), fas:اسفنج‎ (esfanj), hin:स्पंज (spanja), jpn:スポンジ (suponji), may:spon, swa:sponji
PWN:sport.n.01		sporte	sport'e	eng:deu:fra:sport, spa:deporte, por:esporte, rus:спорт (sport), jpn:スポーツ (supōtsu), kor:스포츠 (seupocheu), hin:स्पोर्ट (sporṭ), swa:spoti, tur:spor
PWN:spouse.n.01		zuge	zug’e	heb: זוּג (zúg), ara: زَوْج‎ (zawj), fas: زوج‎ (zowj), ben:জওজ (jouj), tur:zevc
PWN:stairs.n.01		trape	trap'e	deu:Treppe, ned:trap, rus:трап (trap), may:terap, jpn:タラップ (tarappu) + spa:por:trepar
PWN:stamp.v.02		chapa	chap’a	hin:छाप (chāp), ben:ছাপ (chap), tam:சாப்பா (cāppā), may:cap, eng:chop
PWN:stand.v.03		sista	sist’a	
PWN:stand.v.04		sista	sist’a	eng:(re)sist, fra:(ré)sister, spa:por:(re)sistir
PWN:starship.n.01		astronau	astr·o·nau	
PWN:starship.n.01		kosmonau	kosm·o·nau	
PWN:state.n.02		hal	hal	ara:حال (ḥāl), hin:हालत (hālat), swa:hau:hali, ful:haala; alhaali, tur:hâl
PWN:state.v.01		loga	log’a	ell:λόγος (logos), eng:fra:-logue, spa:por:-logo, rus:-лог (-log) + ara: لُغَة‎ (luğa), fas: لغت‎ (loğat), hin:लुग़त (luġat), swa:lugha, tur:lügat, may:logat
PWN:static.s.03		stati	st·at’i	
PWN:steam.n.01		vapur	vap·ur	eng:vapor, fra:vapeur, spa:por:vapor + (vaper) tur:vapur, ara: بابور‎ (bābōr), hau:babur
PWN:still.n.01		stati grafe	st·at’i graf’e	
PWN:stool.v.04		kaka	kaka	
PWN:stool.v.04		shite	shit’e	
PWN:stop.v.01		halta	halt’a	
PWN:store.n.02		hazina	hazin’a	ara: خَزَنَ‎ (xazana) + fas: خزینه‎ (xazine), hin:ख़िज़ाना (xizānā), swa:hazina, tur:hazine; mahzen; mağaza + eng:magazine, deu:Magazin, fra:magasin, spa:almacén, por:armazém, rus:магазин (magazin); казна (kazna)
PWN:storehouse.n.01		hazinkan	hazin·kan	
PWN:storehouse.n.01		mahazin	ma.hazin	
PWN:stretch.v.04		tenda	tend'a	eng:tense, fra:tendu, spa:por:tenso + fas: تاندون‎ (tândon), tur:may:tendon
PWN:strontium.n.01		strontium	stront·ium	eng:strontium, fra:strontium, spa:strontium, por:estrôncio, rus:стронций, zho:锶 (sī), jpn:ストロンチウム, kor:스트논듐, vie:stronti, hin:स्ट्रोन्सियम, ben:স্ট্রনসিয়াম, may:strontium, swa:stronti, ara: سترانشيوم
PWN:struggle.n.01		jihade	jihad’e	ara: جهاد (jihād), tur:cihat, ful:jihaadi, swa:jihadi + eng:fra:por:may:jihad, spa:yihad, rus:джихад (džihad), zho:吉哈德 (jíhādé), jpn:ジハード (jihādo), kor:지하드 (jihadeu), hin:जिहाद (jihād)
PWN:study.n.02		stude	stud'e	
PWN:study.v.05		loja	loj'a	eng:-logy, fra:deu:-ologie, spa:-ología, por:-logia, rus:ология (-ologiya), fas: ـلوژی‎ (-loži), ara: ـلُوجِيَا‎ (-lūjiyā), tur:-loji, may:-logi, jpn:-ロジー (-rojī), zho:逻辑 (luóji)
PWN:study.v.05		studa	stud’a	eng:study, fra:étudier, spa:estudiar, por:estudar, rus:студент (student), hin:स्टूडेंट (sṭūḍeṇṭ)
PWN:stupid.a.01		idioti	idiot’i	
PWN:subject.n.01		tem	tem	fra: thème, spa: tema, rus: тема (tema), deu:Thema + zho:题目 (tímù)
PWN:submit.v.02		propozita	pro.pozit’a	
PWN:substitute.n.01		vice	vic’e	eng:fra:spa:por:vice-, rus:вице- (vitse-), deu:vize-
PWN:substitute.v.01		vica	vic’a	
PWN:suffer.v.02		patu	pat’u	deu:eng:fra:patho-, spa:por:pol:tur:may:pato-, rus:пато- (pato-)
PWN:suffering.n.04		pation	pat·ion	
PWN:sulfide.n.01		sulfide	sulf·id’e	
PWN:sulfur.n.01		sulfe	sulf'e	eng:sulfur, fra:soufre, spa:azufre, por:enxofre, swa:sulfuri
PWN:sun.n.01		sor	sor	fra:soleil, spa:por:sol, fas: خورشید (xor-šid), hin:सूर्य (sūrya), ben:সূর্য (śurjo), tam:சூரியன் (sūriyaṉ), may:suria, khm:សុរិយ (suriya)
PWN:sun.n.01		taiyang	tai·yang	
PWN:surname.n.01		familnim	famil·nim	
PWN:sustain.v.04		subtena	sub.ten'a	
PWN:sword.n.01		gem	gem	zho:剑 (jiàn), yue:劍 (gim3), jpn:剣 (ken), kor:검 (geom), vie:gươm; kiếm
PWN:symmetry.n.01		simmetria	sim.metr·ia	
PWN:sympathy.n.02		simpatia	sim.pat·ia	
PWN:synonym.n.01		simnim	sim·nim	
PWN:synonymous.a.01		simnimi	sim·nim’i	
PWN:synthesis.n.02		sintes	sin.tes	
PWN:synthetic.a.02		sintesi	sin.tes’i	
PWN:t'ai_chi.n.01		taigikkuen	tai·gik·kuen	
PWN:tae_kwon_do.n.01		taikuendau	tai·kuen·dau	
PWN:take.v.04		prend’a	prenda	
PWN:talk.v.01		loga	log’a	
PWN:tampon.n.01		tapon	tap·on	
PWN:tank.n.01		tanke	tank'e	eng:tank, spa:por:tanque, rus:танк (tank), fas: تانْک (tânk), hin:टैंक (ṭaiṅk), ben:ট্যাংক (ṭêṅko), zho:坦克车 (tǎnkèchē), kor:탱크 (taengkeu), tur:may:tank
PWN:tantalum.n.01		tantalium	tantal·ium	eng:tantalum, fra:tantale, spa:tántalo, por:tântalo, rus:тантал, zho:钽 (tǎn), jpn:タンタル, kor:탄탈, vie:tantali, hin:टाण्टलम, ben:ট্যান্টালাম, may:tantalum, swa:tantali, ara: تنتالم
PWN:taoism.n.01		davisme	dau·ism'e	
PWN:taoist.n.01		daviste	dau·ist'e	
PWN:tap.n.06		tongtape	tong·tap’e	
PWN:tattoo.n.02		tatu	tatu’	sam:tah:tatau, haw:kākau, may:tgl:tato, eng:tattoo, fra:tatouage, spa:tatuaje, por:tatuagem, rus:тату (tatu)
PWN:tea.n.01		cha	cha’	zho:茶 (chá), yue:茶 (caa4), jpn:茶 (cha), kor:차 (cha), vie:trà, tur:çay, swa:chai, rus:чай (čay), hin:चाय (cāy), ara:(šāy), hau:shayi, por:chá
PWN:team.n.01		tim	tim	eng:team, deu:Team, swa:timu, fas: تیم‎ (tim), hin:टीम (ṭīm), ben:টীম (ṭim), jpn:チーム (chīmu), kor:팀 (tim)
PWN:teapot.n.01		chapote	cha·pot'e	
PWN:tear.v.01		fraga	frag’a	
PWN:teashop.n.01		chakan	cha·kan	
PWN:technetium.n.01		teknetium	tekn·et·ium	eng:technetium, fra:technétium, spa:tecnetio, por:tecnécio, rus:технеций, zho:锝 (dé), jpn:テクネチウム, kor:테크네튬, vie:tecnexi, hin:टेक्निशियम, ben:টেকনিসিয়াম, may:teknetium, swa:tekineti, ara: تكنيتيوم
PWN:technology.n.01		teknolojia	tekn·o·loj·ia	
PWN:telephone.n.01		telefon	tele·fon	
PWN:telescope.n.01		teleskope	tele·skop'e	
PWN:television.n.01		televizion	tele·viz·ion	
PWN:tellurium.n.01		telurium	telur·ium	eng:tellurium, fra:tellure, spa:telurio, por:telúrio, rus:теллур, zho:碲 (dì), jpn:テルル, kor:텔루르, vie:telu, hin:टेलुरियम, ben:টেলুরিয়াম, may:telurium, swa:teluri, ara: تيلوريوم
PWN:temperature.n.01		terme	term'e	deu:eng:fra:thermo-, spa:por:termo-, rus:термо- (termo-)
PWN:ten.s.01		des	des	
PWN:tendon.n.01		tendon	tend·on	
PWN:tennis.n.01		tenis	tenis	
PWN:tent.n.01		haime	haim’e	ara: خَيْمَة‎ (xayma), spa:jaima, fas: خیمه (xeyme), hin:ख़ैमा (xEmā), swa:hema, hau:laima, may:kemah; khemah, mng:майхан (mayhan)
PWN:terbium.n.01		terbium	terb·ium	eng:terbium, fra:terbium, spa:terbio, por:térbio, rus:тербий, zho:铽 (tè), jpn:テルビウム, kor:테르븀, 2터븀, vie:tecbi, hin:टर्बियम, ben:টার্বিয়াম, may:terbium, swa:taribi, ara: تربيوم
PWN:tesla.n.01		tesla	tesla’	
PWN:thallium.n.01		talium	tal·ium	eng:thallium, fra:thallium, spa:talio, por:tálio, rus:таллий, zho:铊 (tā), jpn:タリウム, kor:탈륨, vie:tali, hin:थैलियम, ben:থ্যালিয়াম, may:tallium, swa:tali, ara: ثاليوم
PWN:theism.n.01		devisme	deu·ism'e	
PWN:theist.n.01		deviste	deu·ist'e	
PWN:theocracy.n.01		deukratia	deu·krat·ia	
PWN:theology.n.01		deulojia	deu·loj·ia	
PWN:theoretical.a.02		teori	teor’i	
PWN:theory.n.01		teoria	teor·ia	eng:theory, deu:Theorie, fra:théorie, spa:teoría, por:teoria, rus:теория (teoriya), fas:تئوری‎ (teori), tur:may:teori
PWN:theosophy.n.01		deusofia	deu·sof·ia	
PWN:thermometer.n.01		termometrer	term·o·metr·er	
PWN:thesis.n.01		tes	tes	eng:thesis, deu:These, fra:thèse, spa:tesis, por:tese, rus:тезис (tezis), fas: تز‎ (tez), tur:tez, jpn:テーゼ (tēze), kor:테제 (teje)
PWN:think.v.11		fikra	fikr’a	ara: فِكْر (fikr), swa:fikiri, tur:fikir, fas: فکر‎ (fekr), hin:फ़िक्र (fikr), ben:ফিকির (fikir), may:pikir
PWN:thorium.n.01		torium	tor·ium	eng:thorium, fra:thorium, spa:torio, por:tório, rus:торий, zho:钍 (tǔ), jpn:トリウム, kor:토륨, vie:thori, hin:थोरियम, ben:থোরিয়াম, may:torium, swa:thori, ara: ثوريوم
PWN:thousand.s.01		kil	kil	eng:fra:spa:por:may:tur:kilo-, rus:кило- (kilo-), jpn:キロ- (kiro-), kor:킬로- (killo-)
PWN:thrust.v.01		jeta	jet’a	fra:projet, por:projeto, eng:project, spa:proyecto, rus:проект (proyekt), hin:प्रोजैक्ट (projaikṭ), ben:প্রজেক্ট (prôjekṭ), jpn:プロジェクト (purojekuto), kor:프로젝트 (peurojekteu), tur:proje
PWN:thulium.n.01		tulium	tul·ium	eng:thulium, fra:thulium, spa:tulio, por:túlio, rus:тулий, zho:铥 (diū), jpn:ツリウム, kor:툴륨, vie:tuli, hin:थुलियम, ben:থুলিয়াম, may:tulium, swa:thuri, ara: ثليوم
PWN:tie.v.01		banda	band’a	eng:bind; band, deu:Band, fra:bande, spa:venda, rus:бинт (bint), fas: بند‎ (band), hin:बाँधना (bāndhnā), zho:绑 (bǎng), yue:綁 (bong2), vie:băng, tur:bant, ful:banda; bandaas + swa:bendeji, hau:bandeji
PWN:tiger.n.02		bagre	bagr'e	hin:बाघ (bāgh), ben:বাঘ (bagh); ব্যাঘ্র (bêghro) + fas:(babr) + fra:spa:por:tigre, rus:тигр (tigr)
PWN:time.n.02		vakte	vakt’e	
PWN:time.n.03		vakte	vakt’e	ara: وَقْت (waqt), fas: وقت (vaqt), hin:वक़्त (vaqt), ben:ওয়াক্ত (owakto), may:waktu, tur:vakit, ful:waktu, hau:wokaci; lokaci, swa:wakati
PWN:time.n.05		kron	kron	
PWN:timeline.n.01		kronline	kron·lin'e	
PWN:tin.n.01		stanium	stan·ium	spa:estaño, por:estanho, fra:étain, ita:stagno, eng:tin, swa:stani
PWN:titanium.n.01		titanium	titan·ium	eng:titanium, fra:titane, spa:titanio, por:titânio, rus:титан, zho:钛 (tài), jpn:チタン, kor:타이타늄, vie:titan, hin:टाइटानियम, ben:টাইটেনিয়াম, may:titanium, swa:titani, ara: تيتانيوم
PWN:tobacco.n.01		tabake	tabak’e	deu:Tabak, rus:табак (tabak), fra:tabac, spa:por:tabaco, jpn:タバコ (tabako), eng:tobacco, ara:تَبْغ‎ (tabḡ), fas:تنباکو‎ (tanbâku), tur:tömbeki, hin:तंबाकू (tambākū), ben:তামাকু (tāmāku), may:tembakau, swa:mtubaku, hau:taba
PWN:tomato.n.01		tomate	tomat’e	eng:tomato, por:spa:tomate, deu:Tomate, rus:томат (tomat), tur:domates, hau:tumatiri, may:tomat, hin:टमाटर (ṭamāṭar), ben:টম্যাটো (ṭamyāṭo), jpn:トマト (tomato), kor:토마토 (tomato)
PWN:tomograph.n.01		tomografe	tom·o·graf’e	
PWN:tonicity.n.01		ton	ton	eng:tone, deu:Tonus, fra:tonus, spa:tono, rus:тонус
PWN:tooth.n.01		dante	dant'e	spa:diente, por:dente, fra:dent, eng:dental, hin:दाँत (dā̃t), ben:দাঁত (dãtô), tam:தந்தம் (tantam), may:danta
PWN:top.a.01		topi	top’i	
PWN:top.n.01		tope	top’e	
PWN:top.n.02		tope	top’e	eng:fra:top, por:spa:topo, vie:tốp, deu:top, rus:топ- (top-)
PWN:toucan.n.01		tukan	tukan	eng:fra:toucan, deu:Tukan, spa:tucán, por:tucano, rus:тукан (tukan), fas: توکان (tukân), ara: طُوقَان (ṭūqān),tam:தூக்கான் (tūkkāṉ), may:tur:tukan, zho:鵎鵼 (tuǒkōng), vie:tucăng
PWN:towel.n.01		tual	tual	eng:towel, fra:touaille, spa:toalla, por:toalha, jpn:タオル (taoru), kor:타월 (tawol), hin:तौलिया (tauliyā), ben:তোয়ালে (toẏale), tam:துவாலை (tuvālai), may:tuala + deu:Toilette, rus:туалет (tualet), ara: تْوَالِيتّ‎ (twālitt), fas: توالت‎ (tuâlet), vie:toa-lét, tur:tuvalet
PWN:town.n.01		pol	pol	eng:spa:-polis, deu:fra:por:-pole, rus:-поль (-pol'), may:tur:-pol
PWN:toxin.n.01		biotoxe	bio·tox'e	
PWN:tractor.n.01		traktor	trakt·or	
PWN:tragic.s.01		tragi	trag’i	eng:tragic, fra:tragique, spa:por:trágico, rus:трагический (tragičeskij)
PWN:train.n.01		tren	tren	eng:fra:train, spa:tur:tren, por:trem, fas: ترن‎ (tran), hin:ट्रेन (ṭren), ben:ট্রেন (ṭren), swa:treni
PWN:transport.v.02		porta	port’a	fra:porter, spa:por:portar, eng:(trans)port, deu:-portieren, rus:-портация (-portaciya) + hin:रिपोर्ट (riporṭ), hau:rahoto, swa:ripoti, tur:rapor, jpn:レポート (repōto)
PWN:transport.v.02		traporta	tra.port’a	
PWN:traveler.n.01		safarer	safar·er	
PWN:trick.n.01		truke	truk’e	eng:trick, deu:Trick, fra:truc, spa:truco, por:truque, hun:trükk, rus:трюк (tr’uk)
PWN:true.a.01		veri	ver’i	
PWN:trust.v.01		amena	amen’a	
PWN:tube.n.01		tube	tub'e	spa:por:tubo, eng:fra:tube, jpn:チューブ (chūbu), zul:ithumbu, xho:íthumbu
PWN:tundra.n.01		tundra	tundra’	eng:spa:por:tur:tundra, rus:тундра (tundra), ara:تندرا‎ (tundrā), hin:टुंड्रा (ṭuṇḍrā), jpn:ツンドラ (tsundora)
PWN:tungsten.n.01		volfram	volfram	eng:wolfram, spa:wolframio, rus:вольфрам, zho:钨 (wū), vie:vonfam, may:wolfram, swa:wolframi
PWN:turnip.n.01		shalgam	shalgam	fas: شلغم‎ (šalğam), hin:शलगम (śalgam), ben:শালগম (śalgom), tur:şalgam, ara: شَلْجَم (šaljam)
PWN:two.s.01		du	du	fra:deux, spa:dos, rus:два (dva), hin:दो (do), ben:দুই (dui) + may:dua + kor:둘 (dul) + zho:對 (duì), yue:對 (deoi3), vie:đôi
PWN:type.n.01		tipe	tip’e	eng:fra:type, spa:por:tipo, ru:тип (tip), tur:tip, jpn:タイプ (taipu)
PWN:ugly.a.01		dusfeni	dus.fen’i	
PWN:understand.v.02		aha’a	aha’a	
PWN:unequal.a.01		impari	im.par’i	
PWN:union.n.04		unia	un·ia	
PWN:unit.n.02		unaje	un·aj'e	
PWN:unpack.v.01		depaka	de.pak'a	
PWN:ununbium.n.01		kopernium	kopern·ium	eng:fra:copernicium, spa:copérnico, por:copernício, rus:коперниций, jpn:コペルニシウム, kor:코페르니슘, vie:copernici, may:copernicium, swa:kopernici
PWN:ununhexium.n.01		livermorium	livermor·ium	eng:fra:livermorium, spa:livermorio, por:livermório, rus:ливерморий, zho: (lì), jpn:リバモリウム, kor:리버모륨, vie:livermori, may:livermorium, swa:livermori
PWN:ununpentium.n.01		moskovium	moskov·ium	eng:fra:moscovium, spa:moscovio, por:moscovio, rus:московий, jpn:モスコビウム, kor:우눈펜튬, vie:moscovi, may:moskovium, swa:moscovi
PWN:ununquadium.n.01		flerovium	flerov·ium	eng:may:flerovium, fra:flérovium, spa:flerovio, por:fleróvio, rus:флеровий, zho: (fū), jpn:フレロビウム, kor:플레로븀, vie:flerovi, swa:flerovi
PWN:ununtrium.n.01		niponium	nipon·ium	eng:fra:may:nihonium, spa:nihonio, por:nihonium, rus:нихоний, jpn:ニホニウム, kor:우눈트륨, vie:swa:nihoni
PWN:update.v.02		nevifa	neu·ifa	
PWN:upload.v.01		akarga	a.karg’a	
PWN:uranium.n.01		uranium	uran·ium	eng:uranium, fra:uranium, spa:uranio, por:urânio, rus:уран, jpn:ウラン, kor:우라늄, vie:urani (uran), hin:युरेनियम, ben:ইউরেনিয়াম, may:uranium, swa:urani, ara: يورانيوم
PWN:urban.a.01		poliki	pol·ik’i	
PWN:urine.n.01		pis	pis	eng:piss, deu:Pisse, fra:pisse, fas:پیشاب (pišâb), hin:पेशाब (pešāb), ben:পেশাব (peśab), may:pipis
PWN:use.v.01		uz’a	uza	eng:use, fra:user, spa:por:usar, pol:używać
PWN:valley.n.01		vale	val’e	eng:valley, fra:vallée, spa:valle, por:vale + ara: وَادٍ‎ (wādin), hin:वादी (vādī), may:wadi, tur:vadi
PWN:valve.n.01		valve	valv'e	eng:fra:valve, spa:por:válvula, hin:वाल्व (vālv), jpn:バルブ (barubu), kor:밸브 (baelbeu), yue:嘩佬 (waa1 lou2), swa:valvu, tur:valf
PWN:vanadium.n.01		vanadium	vanad·ium	eng:vanadium, fra:vanadium, spa:vanadio, por:vanádio, rus:ванадий, zho:钒 (fán), jpn:バナジウム, kor:바나듐, vie:vanađi, hin:वनेडियम, ben:ভ্যানাডিয়াম, may:vanadium, swa:vanadi, ara: فناديوم
PWN:vegetable.n.01		vege	veg’e	eng:vegetable, fra:végétal, spa:por:vegetal, zho:維根 (wéigēn)
PWN:version.n.02		version	vers·ion	
PWN:virile.s.01		virili	vir·il’i	
PWN:vitamin.n.01		vitamin	vitamin	eng:may:vitamin, fra:vitamine, spa:por:vitamina, rus:витамин (vitamin), zho:维他命 (wéitāmìng), jpn:ビタミン (bitamin), kor:비타민 (bitamin), vie:vi ta min, hin:विटामिन (viṭāmin), ben:ভিটামিন (bhiṭamin), ara: فِيتَامِين‎ (fitamīn), hau:bitamin
PWN:vivisection.n.01		biotomia	bio.tom·ia	
PWN:vocabulary.n.01		lexia	lex·ia	
PWN:voice.n.02		fon	fon	eng:fra:phone, spa:fono, por:fone, rus:фона (fona), may:fon + fas: تلفن‎ (telefon), hin:फ़ोन (fon), ben:ফোন (phon), tur:telefon
PWN:volt.n.01		volta	volta’	
PWN:voodoo.n.03		vodu	vodu’	ewe:vodun, hat:vodou, bra:vodum, eng:deu:voodoo, fra:vaudou, spa:vudú, por:vodu, tur:vudu, zho:巫毒教 (wūdújiào), jpn:ブードゥー教 (būdū-kyō), kor:부두교 (budugyo)
PWN:wake_up.v.02		budu	bud’u	san:बोधि (bodhi), hin:बुद्धि (buddhi), jpn:菩提 (bodai), zho:菩提 (pútí), mon:бодь (bodʹ), kor:보리 (bori), vie:Bụt, tha:โพธิ (potí) + rus:будить
PWN:walk.v.01		marcha	march’a	eng:march, fra:marche, spa:por:marcha, rus:марш (marš), hin:मार्च (mārc), tur:marş, swa:machi
PWN:watermelon.n.01		arbuze	arbuz’e	rus:арбуз (arbuz), pol:arbuz, tur:karpuz, fas: تربز (tarboz), hin:तरबूज़ (tarbūz), ben:তরমুজ (tôrmuj), tam:தர்பூசணி (tarpūcaṇi)
PWN:wax.n.01		mum	mum	hin:मोम (mom), ben:মোম (mom), fas: موم‎ (mum), tur:mum + ara: مومياء (mumiya), eng:mummy, fra:momie, spa:momia, por:múmia, rus:мумия (mumiya), zho:木乃伊 (mùnǎiyī), may:mumia
PWN:web.n.01		nete	net’e	
PWN:web_log.n.01		bloge	blog’e	eng:fra:spa:por:tur:may:blog, rus:блог (blog), ara:بلوغ‎ (blūḡ), hin:ब्लॉग (blŏg), zho:博客 (bókè), jpn:ブログ (burogu)
PWN:west.n.02		veste	vest'e	eng:west, deu:West, fra:ouest, spa:por:oeste, rus:вест (vest)
PWN:whale.n.02		valen	valen	eng:whale, deu:Wal, fas: وال‎ (vâl), hin:व्हेल (vhel), pol:waleń, fra:baleine, spa:ballena, por:baleia, tur:balina
PWN:wheat.n.01		gandum	gandum	fas:گندم‎(gandom), hin:गोधूम (godhūm), ben:গম (gom), tam:கோதுமை (kōtumai), tel:గోధుమ (gōdhuma), may:gandum, swa:ngano
PWN:whiskey.n.01		viski	viski’	
PWN:whole.a.01		holi	hol’i	eng:whole; all; holo-, deu:fra:spa:por:holo-, rus:голо- (golo-); хол- (hol-), jpn:ホログ- (holo-), kor:홀로- (hollo-) + ara: كُلّ‎ (kull), fas: کل (koll)
PWN:wind.n.01		vante	vant’e	eng:wind, deu:Wind, fra:vent, spa:viento, por:vento, rus:ветер (veter), fas: باد (bâd), hin:वात (vāt), ben:বাতাস (bataś), tam:(vāṭai), tel:వాతము (vātamu), may:badai✱
PWN:wine.n.01		vain	vain	fra:vin, spa:vino, por:vinho, rus:вино (vino), eng:wine, deu:Wein, hin:वाइन (vāin), tam:வைன் (vaiṉ), may:wain, swa:divai, jpn:ワイン (wain), kor:와인 (wain), vie:vang
PWN:winery.n.01		vaineria	vain·er·ia	
PWN:wisdom.n.01		sofia	sof·ia	ell:σοφία (sofía) + eng:philosophy, fra:philosophie, spa:filosofia, rus:философия (filosofiya), may:filsafat, ara:(falsafa), swa:falsafa, tur:felsefe, hin:फ़लसफ़ा (falasfā)
PWN:wise.a.01		sofi	sof’i	
PWN:wish.v.05		plesa	ples’a	eng:please, fra:plaîre, spa:placer, hin:प्लीज़ (plīz), ben:প্লীজ (plij)
PWN:wood_sugar.n.01		xilos	xil·os	
PWN:word.n.01		lexe	lex'e	deu:eng:fra:spa:por:lex-, rus:лекс- (leks-), may:leks-
PWN:workshop.n.01		kan	kan	fas:خانه‎ (xâne), rus:-хана (-hana), hin:ख़ाना (xānā), ben:খানা (khana), tur:hane, swa:(kara)kana + zho:馆 (guǎn), yue:館 (gun2), kor:관 (gwan), jpn:館 (-kan), vie:quán
PWN:world.n.02		dunia	dun·ia	ara: دُنْيَا‎ (dunyā), hin:दुनिया (duniyā), ben:দুনিয়া (duniya), tam:துனியா (tuṉiyā), may:swa:dunia, tur:dünya, fas: دنیا (donya), urd: دنیا (duniyā), hau:duniya, ful:duniyaaru
PWN:world.n.08		homania	hom·an·ia	
PWN:worm.n.01		verme	verm'e	eng:worm, spa:por:verme, fra:ver, deu:Wurm
PWN:worship.n.01		puje	puj’e	hin:पूजा (pūjā), urd: پوجا‎ (pūjā), tam:பூசை (pūcai), tel:పూజ (pūja), may:puja, tha:บูชา (bucha)
PWN:worship.v.02		puja	puj’a	hin:पूजा (pūjā), urd: پوجا‎ (pūjā), tam:பூசை (pūcai), tel:పూజ (pūja), may:puja, tha:บูชา (bucha)
PWN:write.v.02		kitaba	kitab’a	ara: كِتَاب‎ (kitāb), fas: کتاب‎ (ketâb), hin:किताब (kitāb), tur:kitap; katip, may:kitab, katib, swa:kitabu; katibu, hau:littafi
PWN:xenon.n.01		xenon	xenon	eng:xenon, fra:xénon, spa:xenón, por:xénon, rus:ксенон, zho:氙 (xiān), jpn:キセノン, kor:크세논, vie:xenon, hin:ज़ेनान, ben:জেনন, may:xenon, swa:zenoni, ara: إكسينون
PWN:yang.n.01		yang	yang	zho:阳 (yáng), yue:陽 (joeng4), jpn:陽 (yō), kor:양 (yang), vie:dương, eng:deu:fra:spa:por:yang, rus:ян (yan)
PWN:yeast.n.01		hamir	hamir	ara:(xamīra), hin:ख़मीर (xamīr), tur:hamur, swa:hamira, fas:(moxammer), + kor:효모 (hyomo)
PWN:yin.n.01		yim	yim	zho:阴 (yīn), yue:陰 (jam1), jpn:陰 (in), kor:음 (eum), vie:âm, eng:deu:fra:spa:por:yin, rus:инь (in')
PWN:yoga.n.02		yoge	yog’e	hin:योग (yog), pnb:ਯੋਗ (yog), urd:(yog), ben:যোগ (jog), tel:యోగా (yōgā), tha:โยคะ (yōga), eng:fra:spa:may:tur:yoga, por:ioga, rus:йога (yoga), zho:瑜伽 (yújiā), jpn:ヨーガ (yōga), kor:요가 (yoga)
PWN:yogurt.n.01		yogurte	yogurt'e	
PWN:young.a.01		juni	jun’i	eng:fra:may:junior + spa:joven, por:jovem, fas: جوان‎ (javân), hin:जवान (javān) + kor:젊다 (jeomda)
PWN:youth.n.05		junes	jun·es	
PWN:ytterbium.n.01		yutrobium	yutr·o·b·ium	eng:ytterbium, fra:ytterbium, spa:iterbio, por:itérbio, rus:иттербий, zho:镱 (yì), jpn:イッテルビウム, kor:이테르븀, vie:ytecbi, hin:यिट्टरबियम, ben:ইটারবিয়াম, may:iterbium, swa:yitebi, ara: يتربيوم
PWN:yttrium.n.01		yutrium	yutr·ium	eng:yttrium, fra:yttrium, spa:itrio, por:itrio, rus:иттрий, zho:钇 (yǐ), jpn:イットリウム, kor:이트륨, vie:ytri, hin:इत्रियम, ben:ইটরিয়াম, may:itrium, swa:yitri, ara: يتريوم
PWN:zinc.n.01		zinke	zink'e	eng:zinc, fra:zinc, spa:cinc, por:zinco, rus:цинк, zho:锌 (xīn), ben:জিঙ্ক, may:seng, swa:zinki
PWN:zip_up.v.01		zipa	zip’a	eng:zipper, ben:জিপার (jipar), hin:ज़िपर (zipar), jpn:ジッパー (jippā), kor:지퍼 (jipeo), fas:(zip), hau:zif
PWN:zirconium.n.01		zirkonium	zirkon·ium	eng:zirconium, fra:zirconium, spa:circonio, por:zircónio, rus:цирконий, jpn:ジルコニウム, kor:지르코늄, vie:ziriconi, hin:जर्कोनियम, ben:জিরকোনিয়াম, may:zirkonium, swa:zirikoni, ara: زيركونيوم
PWN:zygote.n.01		zugote	zug·ot’e	
