id	style	word	transcription	etymology
Agriculture:cultivate.V		xk’anjelankil		
Agriculture:farmer.N		aj k’alom		
Agriculture:harvest or harvest season.N		ch'oqom		
Agriculture:harvest or harvest season.N		q'olom		
Agriculture:mow.V		setok		
Agriculture:paddy field.N		xna’aj aros		
Agriculture:pitchfork.N		orkeet		spa:horqueta
Agriculture:pitchfork.N		rastriyo		spa:rastrillo
Agriculture:rake.N		rastriyo		spa:rastrillo
Agriculture:shovel.N		paal		spa:pala
Agriculture:sickle or scythe.N		k'onk'ookil ch'iich'		
Agriculture:sow seeds.V		awok		
Agriculture:sow seeds.V		hirok		
Agriculture:thresh.V		ch'epok		
Agriculture:thresh.V		iximak		
Agriculture:thresh.V		pech'ok		:pech’
Animal:Acridomorpha.N		saak’		
Animal:Anatidae.N		patux		spa:patos
Animal:Annelida.N		b’itzkiri’		
Animal:Annelida.N		chajal		
Animal:Annelida.N		chupil		
Animal:Annelida.N		hay		
Animal:Annelida.N		koton is		
Animal:Annelida.N		kuluk		:*kuluk
Animal:Annelida.N		k’ixix		
Animal:Annelida.N		k’utub’		
Animal:Annelida.N		motzo’		:motzo’
Animal:Annelida.N		pirik’		
Animal:Annelida.N		tin		
Animal:Annelida.N		tzonok’		
Animal:Anthophila.N		seer		spa:cera
Animal:Anura.N		amoch		
Animal:Anura.N		pelpel		
Animal:Araneae.N		aj am ~ x’am		
Animal:Aves.N		tz’ik		
Animal:Blattodea.N		paachach		caa:pachajk
Animal:Bos taurus.N		wakax		spa:vacas
Animal:Canis lupus familiaris.N		tz’i’		
Animal:Canis lupus.N		aj xoj		
Animal:Canis lupus.N		lob’o		spa:lobo
Animal:Capra hircus.N		yuk		:*yuuk
Animal:Cervidae.N		kej		
Animal:Cetacea.N		b’ayeen		spa:ballena
Animal:Corvus.N		qoch		
Animal:Culicidae.N		ch’een		
Animal:Culicidae.N		kok’ utz’		
Animal:Culicidae.N		suq		
Animal:Diptera.N		b’ujl		
Animal:Diptera.N		utz’		
Animal:Elephantidae.N		elefaant		spa:elefante
Animal:Equus asinus × caballus.N		muul		spa:mula
Animal:Equus asinus.N		b’uro, b’uur		spa:burro
Animal:Equus ferus caballus.N		kawaay		spa:caballo
Animal:Felis catus.N		mes, mis		
Animal:Felis leo.N		kaq koj		
Animal:Formicidae.N		sank		
Animal:Gallus gallus domesticus.N		kaxlan		spa:castellano
Animal:Homo sapiens.N		poyanam		
Animal:Insecta.N		insekto		spa:insecto
Animal:Lacertidae.N		tolokok		:*tohloki
Animal:Lampyridae.N		mams		
Animal:Leporidae.N		imul		
Animal:Ovis aries.N		karneer		spa:carnero
Animal:Rhopalocera.N		peepem		
Animal:Sciuridae.N		kuk		
Animal:Serpentes.N		k’anti’		
Animal:Simiiformes.N		b’atz’		
Animal:Sus scrofa domestica.N		kuy		
Animal:Testudines.N		kok		
Animal:Ursidae.N		oos		spa:oso
Animal:Vespinae.N		ch’ub’		
Animal:Vulpes.N		yak		
Animal:animal.N		xul		
Animal:female.A		ixq		
Animal:fish.N		kar		
Animal:male.A		k’ol		
Animal:wool.N		laan		spa:lana
Art:sculptor.N		aj pech’onel		
Art:statue.N		jalam ’uuch		
Atmosphere:cloud.N		choq		
Atmosphere:fan (action).V		waalesink		
Atmosphere:fan (object).N		apusinel na’ajej		
Atmosphere:fan (object).N		waal		:*wahl
Atmosphere:fog.N		sujew		
Atmosphere:fog.N		tuntunkil choq		
Atmosphere:rain.N		hab’		
Atmosphere:rainbow.N		kaqlaaq’		
Atmosphere:sky.N		choxa, choxaal		
Atmosphere:storm.N		kaq sut iq’		
Atmosphere:thunder.N		kaaq		
Atmosphere:weather.N		kutan		
Atmosphere:wind.N		iq’		
Belief:Catholic priest.N		chimam		
Belief:Catholic priest.N		payr		spa:padre
Belief:altar.N		artal		spa:altar
Belief:bless.V		osob'tesink		
Belief:curse.V		hob'ok		:*hob’
Belief:deity.N		qaawa’		
Belief:deity.N		yos, tyox		spa:dios
Belief:demon.N		anum		
Belief:demon.N		tza		
Belief:ghost.N		anumal		
Belief:heaven.N		choxa, choxaal		
Belief:hell.N		tojleb'aal maak		
Belief:hell.N		xb'alb'a, b'alb'a		
Belief:holy.A		osob'tesinb'il		
Belief:holy.A		wankil		
Belief:idol.N		jalam 'uuch		
Belief:magic.N		tuul		
Belief:magician.N		awasinel		
Belief:magician.N		tuulanel		
Belief:omen.N		xq’ehinkil		
Belief:pray.V		tijok		
Belief:religion.N		paab'aal		
Belief:sermon.V		k'eelenk		
Belief:soul.N		ch'oolej		
Belief:temple.N		ermiit		spa:ermita
Belief:temple.N		kapiiy		spa:capilla
Belief:worship.V		xb’aanunkil mayejak		
Body:ankle.N		kux oq		
Body:ankle.N		xmap oq		
Body:arm.N		tel		
Body:armpit.N		sa’ tel		
Body:back.N		ix		
Body:back.N		xaal it		
Body:bald.A		t'ojt'o		
Body:bald.A		t'uru'		
Body:bald.A		t'uru' xjolom		
Body:beak.N		ruuch e		
Body:beard.N		mach		
Body:belly.N		sa’		
Body:blink.V		eek'asink rix u		
Body:blink.V		mutz'mutz'ink		
Body:blink.V		rik'ok		
Body:blink.V		yuqyuqink		
Body:blister.N		porha'		
Body:blister.N		puchha'		
Body:blood vessel.N		ich’		
Body:blood.N		kik’		
Body:body hair.N		q’ol is		
Body:body.N		tz’ejwal		
Body:bone.N		b’aq		
Body:brain.N		ulul		
Body:breast.N		tu’		
Body:breath.V		musiq'ak		:*mus iik’
Body:bruise.N		raxtint		
Body:buttock.N		ko it		
Body:calf of leg.N		xsu oq, su oq		
Body:carcass.N		kamenaq		
Body:cheek.N		ko		:*ko:h
Body:chest.N		maqab’		
Body:chest.N		re maqab’		
Body:chin.N		rub’el e, rub’el eh		
Body:corpse.N		kamenaq		
Body:dribble.V		leeleb’ak		
Body:ear.N		xik (1)		
Body:earwax.N		xk’ot xik		
Body:elbow.N		ch’uukum		
Body:eye.N		sa’ u		
Body:eye.N		xnaq’ u		
Body:eyebrow.N		maatzab'		
Body:eyelash.N		rismal u		
Body:eyelid.N		rix u		
Body:face.N		u		
Body:fart.V		kisik		
Body:fat.N		manteek		spa:manteca
Body:feather.N		rismal xul		
Body:feather.N		xik’		
Body:feces.V		k'otak		
Body:feces.V		tz'eqok ib'		
Body:finger.N		ru’uj uq’		
Body:fingernail.N		ixi’ij		
Body:flesh.N		tib’		
Body:foot.N		oq		
Body:footprint.N		nums		
Body:forehead.N		peekem		
Body:forehead.N		u		
Body:fur.N		ta		
Body:goiter.N		b’uq’ ja’j		
Body:gum.N		sa’ e		
Body:hand.N		uq’m		
Body:head hair.N		ismal		
Body:head.N		jolom		
Body:heart.N		ch'ool		
Body:heel.N		rit oq		
Body:hiccup.V		chuq'ub'ak		
Body:hiccup.V		k'ehok chuq'ub'		
Body:hip.N		k’onx a’		
Body:horn.N		xukub'		:*xukub’
Body:intestines.N		k'amk'ot		
Body:intestines.N		sooyom		
Body:jaw.N		rub'el e		
Body:kidney.N		kenq'		
Body:knee.N		aq (1)		
Body:leg.N		a’		
Body:lip.N		tz'uumal e		
Body:liver.N		ch'och'		
Body:lung.N		pospo'oy		
Body:molar tooth.N		ka’ e		
Body:mouth.N		e		
Body:nape.N		rix ja'aj		
Body:nape.N		rix kux		
Body:navel.N		ch’up		
Body:neck.N		ja’aj		
Body:neck.N		kux		
Body:nipple.N		ru'uj tu'		
Body:nose.N		u’uj		
Body:nostril.N		sa’ u’uj		
Body:palm.N		sa’ uq’		
Body:penis.N		kun		
Body:penis.N		tz'ejwal		
Body:penis.N		tz’ik		
Body:piss.V		chu'uk		
Body:pubic hair.N		ismal		
Body:rib.N		poolok'il		
Body:scar.N		reetalil tiq'ilal		
Body:scar.N		xna'aj tiiq'		
Body:scar.N		yotolal		
Body:shell.N		soch		
Body:shoulder.N		xb’een tel		
Body:shoulderblade.N		b'aqel xb'een tel		
Body:skin.N		rix xul		
Body:skin.N		tz’uumal		
Body:skull.N		b'aqel jolom		
Body:sneeze.V		at'isb'ak		
Body:spine.N		juruch'		
Body:spit.V		chuub'ak, chuub'ank		
Body:stomach.N		job’nil		:*job’nel
Body:sweat.V		tiqob'ak, tiqob'ank		
Body:swell.N		siipilal, siip		
Body:swell.N		teb'elal		
Body:tail.N		ye		
Body:tear.N		xya'al u		
Body:temple.N		k'atq jolom		
Body:tendon.N		ich'		
Body:tendon.N		ich'mul		
Body:testicle.N		ab'aj		
Body:testicle.N		naq'		
Body:testicle.N		naq' it		
Body:testicle.N		naq' kun		
Body:throat.N		xolol		
Body:thumb.N		na' uq'm		
Body:toe.N		ru'uj oq		
Body:tongue.N		ru'uj aq'		
Body:tooth.N		e		
Body:tooth.N		ruuch e		
Body:udder.N		xtu’ wakax		
Body:upper leg.N		ru a’		
Body:vagina.N		mi’		:mi’
Body:vulva.N		b’irk		
Body:vulva.N		pirk’		
Body:waist.N		sa' yi		
Body:waist.N		yiib'ej		
Body:waist.N		yiitoq		
Body:wing.N		xik’		
Body:womb.N		alob'aal		
Body:wound.N		tiq'ilal, tiiq’		
Body:wound.N		yok'olal		
Body:wrist.N		kux uq'm		
Body:yawn.V		japink e		
Building:adobe.N		q'ut		
Building:adobe.N		xan		
Building:arch.N		arko		spa:arco
Building:beam.N		tz'amb'a		
Building:board.N		tz'alamche'		
Building:brick.N		xan		
Building:build.V		kab'lank		
Building:camp.N		kampameent		spa:campamento
Building:chimney.N		releb’ sib’		
Building:chimney.N		xb’ehil sib’		
Building:cookhouse.N		k'uub'leb'aal		
Building:cookhouse.N		xna'aj xam		
Building:door.N		okeb’al		
Building:door.N		pwerta		spa:puerta
Building:door.N		re kab’		
Building:doorpost.N		champa		spa:jamba
Building:fireplace.N		k'ub'		
Building:fireplace.N		xna'aj xam		
Building:floor.N		ch’och’		
Building:garden-house.N		tz'alam		
Building:house.N		kab', kab’l		
Building:house.N		ochoch		
Building:hut.N		paapa'x		
Building:hut.N		po’lem		:*po’lem
Building:mason.N		aj tz’ak		
Building:oven.N		oorn		spa:horno
Building:post.N		oqech		
Building:rafter.N		b'aqsotz'		
Building:rafter.N		xb'e ch'o		
Building:ridgepole.N		tz'amb'a		
Building:roof.N		xb'een kab'l		
Building:room.N		kwaart		spa:cuarto
Building:room.N		warib’aal		
Building:thatch.N		k’imal kab’l		
Building:tower.N		tore		spa:torre
Building:wall.N		tz’ak		:*tz’ahk
Building:window.N		b’entaan		spa:ventana
Building:window.N		rokeb’ iq’		
Building:yard.N		neb'aal		
Cleaning:broom.N		mesleb'		
Cleaning:clean.A		ch'ajmich'aj		
Cleaning:dirty.A		b'alak'		
Cleaning:dirty.A		b'ulux, b’alux		
Cleaning:dirty.A		pes		
Cleaning:dirty.A		tz'aj, tz'ajn		
Cleaning:dirty.A		yib'ob'aal ru		
Cleaning:sweep.V		mesunk		
Cleaning:wash.V		ch'ajok		
Cleaning:wash.V		puch'uk		
Cleaning:wipe.V		mesok		
Clothing:Gossypium.N		noq’		
Clothing:awl.N		formon		spa:formón
Clothing:belt.N		nimla sinch		
Clothing:boot.N		b’oot		spa:bote
Clothing:braid.N		tz’uluk		:*tz’ul
Clothing:button.N		b'otonx		spa:botones
Clothing:cloth.N		t’ikr		
Clothing:clothes.N		tiqb'al		
Clothing:coat.N		koton		spa:cotón
Clothing:collar.N		kux aaq’		
Clothing:collar.N		q’ol		
Clothing:dress.N		po'ot		
Clothing:dress.N		tiqb'al		
Clothing:dye.V		b’onok		
Clothing:glove.N		b'atb'a uq'		
Clothing:glove.N		xta uq'		
Clothing:headband or headdress.N		t'upuy		:t’upuy
Clothing:headgear.N		punit		
Clothing:leather.N		tz’uumal		
Clothing:loom.N		kemleb'		
Clothing:naked.A		mich'mo		
Clothing:naked.A		moq'mo		
Clothing:naked.A		t'urt'u		
Clothing:naked.A		t'ust'u		
Clothing:needle.N		akuux, kuus		spa:aguja
Clothing:pin.N		alpiler		spa:alfiler
Clothing:pocket.N		b'oox		:*box
Clothing:poncho.N		isb’		
Clothing:put on.V		tiqok ib'		
Clothing:rag.N		sut		
Clothing:sew.V		b'ojok		
Clothing:sew.V		kuuxink		
Clothing:shirt.N		kamiis		spa:camisa
Clothing:shoe.N		xaab’		
Clothing:shoemaker.N		aj yiib’om xaab’		
Clothing:silk.N		seda		spa:seda
Clothing:skirt.N		uuq		
Clothing:spin.V		k’aamak		
Clothing:spindle.N		peteet, pet’eet’		
Clothing:stocking.N		b'atb'al oq		
Clothing:stocking.N		tz'apb'al oq		
Clothing:stocking.N		xta oq		
Clothing:tailor.N		aj b’ojonel		
Clothing:thread.N		noq’		
Clothing:towel.N		tuwaay		spa:toalla
Clothing:trousers.N		wex		
Clothing:veil.N		b’elo, b’eel		spa:velo
Clothing:weave.V		kemok		
Cognition:same.A		junaj		
Cognition:same.A		juneet		
Cognition:same.A		juntaq'eet		
Cognition:same.A		na'ajil		
Cognition:study.V		tzolok		
Cognition:true.A		yaal		
Cognition:wake up.V		ajk		:*aj
Combat:bomb.N		b’oom		spa:bomba
Combat:fight.V		ch'e'ok		
Communication:answer.V		chaq'b'enk		
Communication:answer.V		sumenk		
Communication:boast.V		k’anasink rix		
Communication:boast.V		nimob’eresink ib’		
Communication:book.N		hu		
Communication:book.N		liib'r		spa:libro
Communication:call.V		b'oqok		
Communication:deny.V		jalmuqank, jalmuqink		
Communication:forgive.V		kuyuk maak		
Communication:kiss.V		tz'ub'uk		
Communication:language.N		aatinob'aal		
Communication:letter.N		hu		
Communication:lie.V		b'alaq'ik		
Communication:lie.V		pak'ok aatin		
Communication:lie.V		tik'ti'ink		
Communication:lie.V		yik'ti'ink		
Communication:mail.N		taql		
Communication:newspaper.N		periood		spa:periódico
Communication:postage stamp.N		eetal		
Communication:postage stamp.N		tiimbr		spa:timbre
Communication:postcard.N		tarjeet postal		spa:tarjeta postal
Communication:praise.N		nimank u		
Communication:praise.N		terq'usink k'ab'a'		
Communication:radio.N		ray		spa:radio
Communication:refuse.V		ink’a’ xq’ulub’ank		
Communication:telephone.N		b’oqleb’		
Communication:telephone.N		teleef		spa:teléfono
Communication:television set.N		teleb’ision		spa:televisión
Communication:tell.V		saaraq'ik		
Cosmos:Sun.N		saq’e		
Cosmos:moon.N		po		
Cosmos:star.N		chahim		
Degree:more.ADV		toj (2)		
Element:Ag.N		plaat		spa:plata
Element:Ag.N		saqi ch’iich’		
Element:Au.N		ka'xik		
Element:Au.N		q'an ch'iich’		
Element:Cu.N		q'an ch'iich'		
Element:Fe.N		ch'iich'		
Element:Pb.N		rax ch'iich'		
Emotion:anger.N		josq'il		
Emotion:anger.N		po'jik		
Emotion:anger.N		waxerk		
Emotion:anxiety.N		yot'ik		
Emotion:blame.N		maak (1)		
Emotion:courageous.A		kaw rib'		
Emotion:courageous.A		wankil		
Emotion:cry.V		yaab'ak		
Emotion:envy.N		kaqal		
Emotion:fear.N		xiw		
Emotion:feel.V		ch'e'ok		
Emotion:grief.N		rahil ch'oolej		
Emotion:happy.A		k'ojk'o xch'ool		
Emotion:hate.V		jatz'uuchink		
Emotion:hope.V		yo’nink		
Emotion:love.V		oxloq'ink		
Emotion:love.V		rahok		
Emotion:shame.N		xutaan		
Emotion:surprised.A		sachaamil xch’ool		
Emotion:want.V		atawank		
Emotion:want.V		rahink		
Family:ancestors.N		xe’toon		
Family:aunt.N		ikan na’		
Family:aunt.N		na’ eechej		
Family:brother.N		as		
Family:child.N		k’ajol		
Family:cousin.N		as e		
Family:daughter.N		ko’		:ko’
Family:daughter.N		rab’in		
Family:descendant.N		ralal xk’ajol		
Family:divorce.N		jachoj ib’		
Family:family.N		kab’lal		
Family:father.N		taat		
Family:father.N		yuwa’		
Family:grandchild.N		iib'ej		
Family:granddaughter.N		ii		
Family:grandfather.N		mama’		
Family:grandfather.N		mel		
Family:grandmother.N		ixa’an		
Family:grandmother.N		na’chin		
Family:grandparents.N		mel		
Family:grandson.N		ii		
Family:husband.N		b’eelom		
Family:married man.N		sumsuukil		
Family:married woman.N		sumsuukil		
Family:marry.V		k’am		
Family:marry.V		sumlaak		
Family:mother.N		na’		
Family:nephew.N		ral chaq’na’		
Family:niece.N		ral chaq’na’		
Family:niece.N		ralal ikan		
Family:niece.N		xrabin iitz’in		
Family:niece.N		xrab’in as		
Family:older brother.N		as		
Family:older sibling.N		anab'ej		
Family:older sibling.N		asb'ej		
Family:older sibling.N		chaq'na'b'ej		
Family:older sister.N		chaq’na’		
Family:orphan.N		neb’a’		
Family:parents.N		inna’ inyuwa’		
Family:relatives.N		amaq’il tenamit		
Family:relatives.N		cha’al		
Family:relatives.N		komon		spa:común
Family:relatives.N		ruk’		
Family:sibling-in-law.N		b'alk		
Family:sibling-in-law.N		ech alalb'ej		
Family:sibling.N		anab’		
Family:sister.N		anab’		
Family:son.N		al		
Family:son.N		alal		:*alal
Family:stepdaughter.N		ka’ ralal		
Family:stepdaughter.N		xka’ alalb’ej		
Family:stepfather.N		xkab’ yuwa’		
Family:stepmother.N		xkab’ na’		
Family:stepson.N		kab’ alal		
Family:uncle.N		ikan		
Family:wedding.N		sumlajik		
Family:widow.N		xmalka’an, malka’an		
Family:widower.N		te’elch’ol		
Family:wife.N		ixaqil		
Family:younger brother.N		iitz’in		
Family:younger sibling.N		iitz’inb’ej		
Family:younger sister.N		iitz’in		
Food:Camellia sinensis.N		te		spa:té
Food:Coffea.N		kape		spa:café
Food:Ficus carica.N		igo		spa:higo
Food:Musa acuminata.N		tul		
Food:NaCl.N		atz'am		
Food:bread.N		kaxlan wa		
Food:candy.N		kab'		
Food:dinner.N		wa		
Food:fermented alcohol.N		ani (2)		
Food:fermented alcohol.N		b’oj		
Food:flour.N		ariin		spa:harina
Food:flour.N		k’aj		
Food:flour.N		xk’aj ariin		
Food:sausage.N		salchiich, salchicha		spa:salchicha
Food:soup.N		kaalt		spa:caldo
Food:soup.N		ya’al		
Food:spoon.N		lekleb'		
Food:supper.N		wa		
Food:supper.N		wa re ewu		
Form:bend.V		b’asok		:*b’as
Form:bend.V		hutzuk		
Form:bend.V		k'onok		:*k’ong
Form:bend.V		k'unuk		
Form:bend.V		liq'ok		
Form:bend.V		lokok		
Function:1PL EXCL.PRO		ka’ajwi’ laa’o		
Function:1PL INCL.PRO		haa’o		
Function:1PL INCL.PRO		laa’o, aa’o, ha’o		
Function:1PL.PRO		laa’o, aa’o, ha’o		
Function:1SG.PRO		laa’in		
Function:2PL.PRO		laa’ex		
Function:2SG.PRO		laa’at, at		
Function:3PL.PRO		eb’, teb’		
Function:3SG INAN.PRO		ha’an, a’an		
Function:3SG M.PRO		ha'an, a’an		
Function:3SG.PRO		ha’an, a’an		
Function:and.CNJ		ut		
Function:here.ADV		arin		
Function:here.ADV		ayi'		
Function:here.ADV		sa'in		
Function:how many pieces.PRO		jarub'		
Function:how much.PRO		jo' k'ihal		
Function:how much.PRO		jo' nimal		
Function:how.PRO		chan ru		
Function:if.CNJ		si'		spa:si
Function:not.PTCL		ink'a'		
Function:not.PTCL		moko... ta		
Function:nothing.PRO		maak'a'		
Function:nothing.PRO		yal ta k'a'		
Function:or.CNJ		maraj ut		
Function:other.PRO		jalan		
Function:other.PRO		jun chik		
Function:that.PRO		wan le'		
Function:there.ADV		le'		
Function:this.PRO		ha'in, a’in		
Function:what.PRO		k’a’, k’aru		
Function:when.PRO		joq'e		
Function:where.PRO		b'ar		
Function:which.PRO		b’ar wank		
Function:which.PRO		k’a’ ru		
Function:who.PRO		ani (1)		
Function:why.PRO		k'a'ut		
Function:yes.PTCL		heehe'		
Grooming:bracelet.N		pulseer		spa:pulsera
Grooming:brush.N		sepiiy		spa:cepillo
Grooming:comb.N		xiyab'		
Grooming:earring.N		ka'xik		
Grooming:jewel.N		q’ol		
Grooming:mirror.N		lem		
Grooming:ointment.N		b'anol u		
Grooming:razor.N		jooleb’		
Grooming:razor.N		nawaaj		spa:navaja
Grooming:ring.N		b’ot		
Grooming:ring.N		matq'ab'		
Grooming:soap.N		xab'on		spa:jabón
Grooming:tattoo.N		eetalil		
Handiwork:axe.N		maal		
Handiwork:blacksmith.N		ajtenolch’ich’		
Handiwork:bore.V		hopok		
Handiwork:bore.V		k'ob'ok		
Handiwork:braid or weave.V		kemok		
Handiwork:carpenter.N		pech'ol che'		
Handiwork:carve.V		let’ok		
Handiwork:chisel.N		formon		spa:formón
Handiwork:hammer.N		t'ojleb'		
Handiwork:hammer.N		tenleb’		
Handiwork:nail.N		klaawx		spa:clavo
Handiwork:peg.N		kapoteer		spa:capotera (?)
Handiwork:peg.N		lokoch		
Handiwork:peg.N		lukub’al		
Handiwork:potter.N		pak'ol		
Handiwork:potter.N		pak'onel		
Handiwork:saw.N		jachleb’		
Handiwork:saw.N		xeer		spa:sierra
Handiwork:screw.N		torniiy		spa:tornillo
Handiwork:screwdriver.N		k'ixleb'		
Handiwork:shears.N		tixeer		spa:tijera
Handiwork:tool.N		k'anjelob'aal		
Handiwork:whetstone.N		hux		
Handiwork:whetstone.N		ji'leb'		
Handiwork:workshop.N		k'uub'leb'aal		
Handiwork:workshop.N		yiib'leb'aal		
Health:disease.N		yajel		:yaj-
Health:fever.N		k'ehok tiq		
Health:healthy.A		kawal		
Health:hospital.N		b'anleb'aal		
Health:injection.N		b’akuun		spa:vacuna
Health:injection.N		inyeksion		spa:inyección
Health:medicine.N		b'an		
Health:physician.N		b'anonel		
Health:physician.N		loktor		spa:doctor
Health:pill.N		pastiiy		spa:pastilla
Health:poison.N		may		
House:bed.N		ch’aat		
House:bed.N		warib'		
House:blanket.N		isb’		
House:mattress.N		ru ch’aat		
House:pillow.N		sok jolomej		
House:rug.N		alfombra		spa:alfombra
House:sink.N		ch’ajleb’		
House:table.N		meex		spa:mesa
House:toilet.N		k’oteb’aal		
House:toilet.N		tz’eqleb’aal		
Hunting:bow.N		simaj		
Hunting:bow.N		tzimaj		
Hunting:hunt.V		yohob'k		
Integrity:part.N		ch’ol		
Integrity:part.N		raqal		
Integrity:piece.N		ch'otolal		
Integrity:piece.N		ch'uyul		
Integrity:piece.N		jachal		
Integrity:piece.N		wechelal		
Interaction:choose.V		molok		
Interaction:choose.V		sik'ok u		
Interaction:choose.V		tihok u		
Interaction:rescue.V		kolok		
Mind:dream.V		matk'ek		
Mind:dream.V		na' uuchik		
Motion:approach.V		haye'k		
Motion:approach.V		jeqonk		
Motion:approach.V		jilonk		
Motion:approach.V		jiqe'k		
Motion:approach.V		nach'o'k		
Motion:arrive.V		hulak		
Motion:arrive.V		k'ulunk		
Motion:bring.V		k'amok		
Motion:carry.V		iiqank		
Motion:carry.V		iq'onk		
Motion:catch.V		saapunk		
Motion:climb.V		lochte’ek		
Motion:climb.V		taqe’k		
Motion:come back.V		q'ajk		
Motion:come back.V		suq'iik		
Motion:come.V		chalk		
Motion:come.V		k'ulunk		
Motion:crawl or creep.V		k'achiik		
Motion:drop (something).V		b’alq’unsink		
Motion:drop (something).V		xkoq’b’al		
Motion:enter.V		ok		
Motion:fall.V		soq'e'k		
Motion:fall.V		t'ane'k		
Motion:fall.V		tob'b'ak		
Motion:fly.V		purik		
Motion:fly.V		rupik		
Motion:follow.V		taaqenk		
Motion:go.V		xik (2)		
Motion:leave.V		chapok b'e		
Motion:lift.V		paqonk		
Motion:lift.V		waklesink		
Motion:ride.V		kawaayink		
Motion:ride.V		taqe'k chi rix kawaay		
Motion:roll.V		b'arb'arink		
Motion:turn (sth).V		b’alq’usink		
Motion:turn (sth).V		q’otok		
Motion:walking stick.N		b'axton		spa:bastón
Motion:walking stick.N		xuq'		
Music:brass instrument.N		trompeet		spa:trompeta
Music:drum.N		moor		
Music:drum.N		tamb'or		spa:tambor
Music:government.N		awab’ej		
Music:music.N		son		spa:son
Music:sing.V		b'ichank		
Music:song.N		b'ich		
Nature:flame.N		raq’xam		
Nature:savanna.N		sabana		spa:sabana
Nature:sea.N		palaw		
Nature:shore.N		chi re ha’		
People:baby.N		b’ab’ay		
People:baby.N		kach’in		
People:boy.N		ch’ajom		:*ch’ajom
People:boy.N		ch’ina teelom		
People:boy.N		saaj al		
People:child.N		al		
People:female.A		ixq		
People:girl.N		ch’ina ixqa’al		
People:girl.N		saaj ixqa’al		
People:male.A		teelom		:*tehlom
People:man.N		teelom		:*tehlom
People:man.N		winq		
People:old man.N		tiix		:*ti’ix
People:old woman.N		tiix		:*ti’ix
People:twins.N		lut		:*lut
People:woman.N		ixq		
People:young man.N		ch’ajom		:*ch’ajom
People:young woman.N		ixqa’al ~ xqa’al ~ qa’al		
People:young woman.N		tu’q’ixq		
Perception:hear.V		ab'ink		
Perception:pain.N		ra		
Perception:touch.V		ch'e'ok		
Perception:wet.A		b'aqx		
Perception:wet.A		luub'		
Perception:wet.A		raap		
Perception:wet.A		t'aqt'aq		
Perception:wet.A		t'oqx		
Perception:wet.A		tz'uuq		
Perception:yellow.A		q'an		
Plant:Ipomoea batatas.N		is		
Plant:bark.N		rix che		
Plant:branch or twig.N		ruq' che'		
Plant:flower.N		atz'um		
Plant:flower.N		uutz'u'uj		
Plant:leaf.N		q’een		
Plant:leaf.N		xaq		
Plant:needle.N		xaqchaj		
Plant:plant.N		awinq		
Plant:root.N		xe’		
Plant:sap.N		q'ol		
Plant:sap.N		ya'al		
Plant:seed.N		iyaj		
Plant:tree stump.N		toon		
Plant:tree trunk.N		roq		
Plant:tree trunk.N		toon		
Plant:tree.N		che’		
Plant:vine.N		aq’		
Possession:greedy.A		aj atawanel		
Possession:market.N		k'ayiil		
Possession:poor.A		kaqcha		
Possession:poor.A		neb’a’		
Possession:poor.A		toq'ob' ru		
Possession:price.N		tz'aq		
Possession:rich.A		b'ehom, b'ihom		
Possession:sell.V		k'ayink		
Possession:share.V		jek'ok		:*jek’
Possession:share.V		wotzok		
Quantity:0.NUM		sero		spa:cero
Quantity:1.NUM		jun		
Quantity:10.NUM		lajeeb'		
Quantity:100.NUM		o'k'aal		
Quantity:1000.NUM		lajeeb' syent		
Quantity:11.NUM		junlaju		
Quantity:12.NUM		kab'laju		
Quantity:15.NUM		ho'laju, o'laju		
Quantity:2.NUM		ka'ib', kwib', kiib'		
Quantity:20.NUM		junmay		
Quantity:3.NUM		oxib'		
Quantity:4.NUM		kaahib'		
Quantity:5.NUM		oob', hoob'		
Quantity:6.NUM		waqib'		
Quantity:7.NUM		wuqub'		
Quantity:8.NUM		wajxaqib'		
Quantity:9.NUM		b'eleeb'		
Quantity:empty.A		job’		
Quantity:empty.A		maak'a' xsa'		
Quantity:enough.ADV		tz'aqal		
Quantity:enough.ADV		yo'oon ru		
Quantity:full.A		b'ut'		
Quantity:full.A		b'uuy		
Quantity:full.A		nujenaq		
Quantity:full.A		tz'ajtz'otk		
Quantity:many.A		k’i		
Quantity:many.A		k’ihal		
Quantity:many.A		mayalok		
Society:help.V		kamab'k		
Society:help.V		tenq'ank		
Society:people.N		tenamitil		
Sound:be silent.V		kulku		
Sound:flute.N		xolb'		:xool
Sound:howl.V		oq'lok		
Sound:laugh.V		se'ek		
Sound:rattle.N		luk'luk' che'		
Sound:shout.V		chajok e		
Sound:shout.V		q'ichok e		
Sound:shriek.V		yaab'ak		
Sound:stutter.V		lotz re		
Sound:stutter.V		tat re		
Sound:voice.N		ja'ajul		
Sound:whisper.V		hasb'ak		
Sound:whistle.V		xuxb'ak		:xuxub’
Space:wide.A		nim ru		
Storage:basket.N		almul		spa:almud
Storage:basket.N		chakach		
Storage:bottle.N		meet		spa:limeta
Storage:can.N		laat		spa:lata
Storage:misplace.V		sachok		
Storage:misplace.V		tz'eqok ib’		
Storage:netbag.N		soq'		
Storage:pour.V		hoyok		:*hoy
Time:afternoon.N		ewu		
Time:age.N		xchi hab’		
Time:always.ADV		junelik		
Time:autumn.N		otonyo		spa:otoño
Time:calendar.N		aj-lab'aal kutan		
Time:final.A		ch’otonel		
Time:final.A		roso’jik		
Time:hour.N		hoonal		spa:jornal
Time:hour.N		oor		spa:hora
Time:last.V		b’ayk		
Time:late.ADV		ewu		
Time:late.ADV		najt kutan		
Time:never.ADV		maajaruj		
Time:new.A		ak’		
Time:night.N		q'ojyin		
Time:now.ADV		anaqwan		
Time:often.ADV		kok’sa’		
Time:old.A		mama’		
Time:old.A		q'eel		
Time:old.A		tiix		:*ti’ix
Time:season.N		estasion		spa:estación
Time:season.N		xq’ehil		
Time:springtime.N		primab’era		spa:primavera
Time:summer.N		saq'ehil		
Time:time.N		kutan		
Time:time.N		q'iil		
Time:today.ADV		anaqwan		
Time:today.ADV		hoon		
Time:tomorrow.ADV		hulaj		
Time:winter.N		hab'al q'e		
Time:year.N		hab’		
Time:yesterday.ADV		ewer		
Transit:airplane.N		ab’yon		spa:avión
Transit:bicycle.N		b’aqlaq ch’iich’		
Transit:bicycle.N		b’isikleet		spa:bicicleta
Transit:boat.N		b’arko		spa:barco
Transit:brake.V		xaq’ab’ankil		
Transit:bus.N		kamyon		spa:camión
Transit:canoe.N		jukub'		
Transit:car.N		ch'iich'		
Transit:cart.N		kareton		spa:carretón
Transit:driver's license.N		lisens		spa:licencia
Transit:license plate.N		retalil		
Transit:motorcycle.N		moot		spa:moto
Transit:oar.N		kanaleta		spa:canaleta
Transit:oar.N		paleta		spa:paleta
Transit:paddle.N		paleta		spa:paleta
Transit:road.N		b'e		
Transit:road.N		nim b'e		
Transit:row.V		juyuk		:*juy
Transit:row.V		kojlenk		
Transit:sail.V		b’eek chi ru ha’		
Transit:sailcloth.N		b’ela		por:vela
Transit:ship.N		b’arko		spa:barco
Transit:ship.N		mama’ jukub’		
Transit:street.N		b’e, b’eh, nimb’e		
Transit:train.N		tren		spa:tren
Transit:wheel.N		rueda		spa:rueda
Transit:wheel.N		sursu		
Value:bad.A		lab'		
Value:good.A		chaab'il		
Value:good.A		q'axal us		
Value:good.A		us		
