id	style	word	pronunciation	etymology
PLX:1PL EXCL.pro		múu (ná)		
PLX:1PL INCL.pro		múu		
PLX:1PL.pro		múu		
PLX:1SG.pro		ni	
PLX:1SG.pro		níi		
PLX:2PL.pro		kúu		
PLX:2SG.pro		kái (1)		
PLX:2SG.pro		kée		
PLX:3PL.pro		súu		
PLX:3SG F.pro		ita		
PLX:3SG M.pro		shíi		
PLX:3SG.pro		shíi		
PLX:3SG.pro		ítá		
PLX:above.pp		bísà		
PLX:above.pp		sámà		arb:samāʔ
PLX:after.pp		báayán		
PLX:agbada.n		rī̀gā	
PLX:and.cnj		dà		
PLX:and.cnj		kúmáa		
PLX:at.pp		a	
PLX:at.pp		à		
PLX:be late.v		màkárà		
PLX:because.cnj		sábòodà		
PLX:behind.pp		báayán		
PLX:beside.pp		kúsá dà		
PLX:carry in hand.v		ɗáukàa		
PLX:carry on head.v		ɗáukàa		
PLX:carry on shoulder.v		ɗáukàa		
PLX:carry under arm.v		ɗáukàa		
PLX:child-in-law.n		ágòolà		:agyula
PLX:daughter-in-law (of man).n		sùrúkáa		
PLX:daughter-in-law (of woman).n		sùrúkáa		
PLX:day after tomorrow.adv		jíibí		
PLX:day before yesterday.adv		shéekáránjíyà		
PLX:digging stick.n		dír̃kàa		
PLX:fall silent.v		yí shírúu		
PLX:father's brother.n		bàabáaníi		knc:bàwányí
PLX:father's brother.n		ábbàaníi		knc:áwányí
PLX:father's sister.n		báabà		knc:báwà
PLX:father's sister.n		báabàaníi		knc:báwàní
PLX:father's sister.n		gwággò		ful:góggò
PLX:father-in-law (of man).n		sùrúkíi		
PLX:father-in-law (of woman).n		sùrúkíi		
PLX:head hair.n		gáashìi		
PLX:how many pieces.pro		náwà		:Unidentifiable
PLX:how many.pro		nawà	
PLX:how much.pro		náwà		:Unidentifiable
PLX:how.pro		yàayàa		
PLX:if.cnj		ín		arb:in
PLX:in front of.pp		à gàbán		
PLX:in.pp		à cíkín		
PLX:inside.pp		à cíkín		
PLX:men's house.n		ɗáakìn mázáa		
PLX:mother's brother.n		kàawúu		ful:kaawu
PLX:mother's brother.n		r̃áafàníi		knc:ráwànyí
PLX:mother's sister.n		ínnàa		knc:yìnná
PLX:mother's sister.n		íyàa		knc:yâ
PLX:mother-in-law (of man).n		sùrúkáa		
PLX:mother-in-law (of woman).n		sùrúkáa		
PLX:netbag.n		ráagáa		
PLX:nothing.pro		báabù kóomée		
PLX:older sibling.n		wâa		
PLX:older sibling.n		yâa		
PLX:or.cnj		kóo		
PLX:outside.pp		wàjée		
PLX:parents-in-law.n		sùrùkái		
PLX:sibling's child.n		ƴar̃ wâa or ɗan wâa		
PLX:son-in-law (of man).n		sùrúkíi		
PLX:son-in-law (of woman).n		sùrúkíi		
PLX:stab to death.v		sòokáa		
PLX:that.pro		wáncàn		
PLX:this.pro		wánnàn		
PLX:under.pp		ƙàr̃ƙáshín		
PLX:what.pro		mèe		
PLX:when.pro		yàushè		
PLX:where.pro		ìnaa		
PLX:which Q.pro		wànè		
PLX:who.pro		wàa		
PLX:why.pro		dón mèe		
PLX:with.pp		dà		
PLX:without.pp		bán dà		
PLX:yes.ptcl		ná’àm		arb:naʕam
PLX:yes.ptcl		íi		
PLX:younger sibling.n		àutáa		
PWN:abdomen.n.01		cíkìi		
PWN:about.r.07		kusan	
PWN:above.r.02		sámà		arb:samāʔ
PWN:accompany.v.02		yā rakà shi	
PWN:accuse.v.01		kái ƙáaráa		
PWN:accuse.v.01		túhùmtáa		arb:tuhma
PWN:acerate_leaf.n.01		ƙáayàa		
PWN:acquit.v.01		sàkáa		
PWN:act.v.02		yí		
PWN:address.n.03		jàwáabìi		arb:jawāb
PWN:address.n.06		àdìr̃éeshìi		eng:address
PWN:admit.v.01		túubá		arb:tābā
PWN:admit.v.01		yàr̃dá		arb:yard̝ā
PWN:admit.v.01		ámìncée		
PWN:adobe.n.02		túubàlíi		
PWN:adornment.n.01		ádóo		
PWN:adornment.n.01		ƙwállìyáa		
PWN:adultery.n.01		zina	
PWN:adultery.n.01		zìnáa		arb:zinā‘
PWN:adz.n.01		gìzàagóo		
PWN:afternoon.n.01		dà yâmmá		
PWN:again.r.01		kúmáa		
PWN:age.n.01		shèeƙáràa		
PWN:air.n.01		ískàa		
PWN:airplane.n.01		jírgín sámàa		
PWN:all.a.01		dúkà		
PWN:allege.v.01		cêe		
PWN:allege.v.01		fáɗìi		
PWN:allergy.n.01		alerji	
PWN:alligator.n.02		kádàa		
PWN:alone.r.02		káɗái		
PWN:always.r.01		kúllúm		arb:kull yawm
PWN:amazed.s.01		yí màamáakìi		
PWN:ambush.n.01		fàkóo		
PWN:ambush.n.01		kwántóo		
PWN:ancestor.n.01		kàakán kàakáa		
PWN:anchor.n.01		anga	
PWN:anchor.n.01		ángàa		eng:anchor
PWN:anger.n.02		fúshíi		
PWN:animal.n.01		dábbàa		arb:dābba
PWN:animation.n.01		ràayúwáa		
PWN:ankle.n.01		díddígèe		
PWN:announce.v.01		sánár̃ dà		
PWN:answer.v.01		báa dà jàwáabìi		
PWN:answer.v.01		ámsàa		
PWN:ant.n.01		kíyáashíi		
PWN:anteater.n.02		dábgìi		
PWN:antimony.n.01		tozali	
PWN:anus.n.01		tsulìyā	
PWN:anvil.n.01		úwár̃ máƙéeráa		
PWN:anxiety.n.02		jùuyàayíi		
PWN:anxiety.n.02		tsòoróo		
PWN:apparel.n.01		túfáafìi		
PWN:apple.n.01		aful	
PWN:approach.v.01		gàbáatàa		
PWN:approach.v.01		kúsàntáa		
PWN:apt.s.03		mài hánkàlíi		
PWN:apt.s.03		mài wàayóo		
PWN:arch.n.04		bàkáa		
PWN:arise.v.03		yā tāshì	
PWN:arm.n.01		hánnúu		
PWN:armor.n.01		súlkée		arb:silāḥ
PWN:armpit.n.01		hámmàtáa		
PWN:army.n.01		rúndúnàa		
PWN:arrange.v.01		yā shiryā̀	
PWN:arrive.v.01		kái (2)		
PWN:arrive.v.01		zóo		
PWN:arrive.v.01		ìsá		
PWN:arrow.n.02		kíbíyàa		:kabi, kapi
PWN:arson.n.01		wútáa		
PWN:artery.n.01		jíijíyàr̃ jíníi		
PWN:ascend.v.01		háu		
PWN:ash.n.01		tòokáa		
PWN:asia.n.01		Asiya	
PWN:ask.v.02		tàmbáyàa		arb:istanba’a
PWN:ask.v.05		tàmbáyàa		arb:istanba’a
PWN:attack.n.05		kái hárìi		
PWN:attribute.n.02		sifa	
PWN:aunt.n.01		ínnàa		knc:yìnná
PWN:avaricious.s.01		mài máƙòo		
PWN:awl.n.01		bàsílláa		:sūbula
PWN:awl.n.01		tásúbálà		:sūbula
PWN:ax.n.01		gàatáríi		
PWN:baby.n.01		jàríirìi		
PWN:back.n.01		báayáa		
PWN:bad.a.01		bâa kyâu		
PWN:bad.a.01		múugùu		
PWN:bait.n.02		ƙóotóo		
PWN:bake.v.02		gásàa		
PWN:bald.s.02		mài sánƙóo		
PWN:ball.n.01 		bola	
PWN:ball.n.03		ƙwállóo		
PWN:bamboo.n.01		góoràa		
PWN:banana.n.02		àyàbà		nup:yaba
PWN:bandage.n.01		bandeji	
PWN:bare.s.01		tsiráaràa		
PWN:bare.s.01		ɓútúk		
PWN:bark.n.01		ɓáawóo		
PWN:barley.n.02		shà'îr̃		arb:ša?ir
PWN:barter.v.01		fátáucìi		
PWN:barter.v.01		yí cìníkíi		
PWN:basket.n.01		kwàndóo		
PWN:bat.n.01		jéemáagèe		
PWN:bathe.v.01		yí wánkáa		
PWN:battery.n.02		baturi	
PWN:battery.n.02		báatìr̃		eng:battery
PWN:battle.n.01		yáaƙìi		
PWN:be.v.11		dà râi		
PWN:be_born.v.01		hàifáa		
PWN:bead.n.01		dúutsèn ádòo		
PWN:beak.n.02		bàakín tsúntsúu		
PWN:beam.n.02		jijjigèe		
PWN:bean.n.01		wáakée		
PWN:beard.n.01		géemùu		
PWN:beautiful.a.01		mài kyâu		
PWN:become.v.01		zámá		
PWN:bed.n.01		gádóo		
PWN:bee.n.01		zúmàa		
PWN:beehive.n.04		ámyàa		
PWN:beer.n.01		bùr̃kùtù		:Unidentifiable
PWN:beer.n.01		giya	
PWN:beer.n.01		gíyàa		arb:giʕa
PWN:beeswax.n.01		káakìn zúmàa		
PWN:beget.v.01		hàifáa		
PWN:beggar.n.01		máròoƙíi		
PWN:begin.v.03		fáaràa		
PWN:beginning.n.01		fárkóo		
PWN:believe.v.01		zàtáa		
PWN:belt.n.02		bêl		eng:belt
PWN:belt.n.02		ɗàmáràa		
PWN:between.r.02		tsàkānī	
PWN:beverage.n.01		àbín shâa		
PWN:bicycle.n.01		báasúkùr̃		eng:bicycle
PWN:bicycle.n.01		dóokìn ƙárfèe		
PWN:bicycle.n.01		kèekée		
PWN:big_brother.n.02		yàayáa		
PWN:big_sister.n.01		yàayáa		
PWN:bill.n.02		díiwáanìi		arb:diwa̅n
PWN:billy.n.02		bùnsúrúu		
PWN:bird.n.01		tsúntsúu		
PWN:birth_certificate.n.01		tákàr̃dár̃ háihùwáa		
PWN:bite.v.01		cìizáa		
PWN:bitter.s.06		mài ɗáacíi		
PWN:black.a.01		baƙi	
PWN:black.a.01		báƙíi		
PWN:blacksmith.n.01		máƙèeríi		
PWN:blanket.n.01		bàr̃góo		dzg:bòrkó
PWN:blast.v.07		búgàa		
PWN:blast.v.07		hàrbáa		
PWN:blast.v.07		jèefáa		
PWN:bless.v.01		àlbár̃kàtáa		
PWN:blind.a.01		màkáafòo		
PWN:blind.n.01		màkāfṑ	
PWN:blink.v.01		ƙíftàa		
PWN:blister.n.03		ƙúrjíi		
PWN:blood.n.01		jíníi		
PWN:blow.v.02		búusàa		
PWN:blow.v.02		húuràa		
PWN:blue.s.01		shúuɗìi		
PWN:blunt.s.02		dáakùsáa		
PWN:board.n.02		káatáakóo		yor:pataki
PWN:boast.v.01		yí cìkà bàakíi		
PWN:boat.n.01		jírgín rúwáa		
PWN:body.n.01		jìkíi		
PWN:body_hair.n.01		gáashìn jìkíi		
PWN:body_louse.n.01		kwàr̃kwátàa		
PWN:boil.n.01		màarúurùu		
PWN:boil.v.01		tàfásà		:ǝwǝs̥
PWN:bolt.n.03		kwàaɗóo		
PWN:bomb.n.01		bom	
PWN:bomb.n.01		bôm		eng:bomb
PWN:bone.n.01		ƙàshíi		
PWN:book.n.01		líttáafìi		arb:alkita’b
PWN:boot.n.01		bóotìi		fra:botte
PWN:boot.n.01		bût		eng:boot
PWN:bore.v.02		húudàa		
PWN:borrow.v.01		àráa		arb:aʔa̅ra
PWN:bottle.n.01		kwalaba	
PWN:bottle.n.01		kwálbaa		:Unidentifiable
PWN:bottom.n.02		gìndíi		
PWN:boundary.n.02		íyàakáa		:iyaka
PWN:bow.n.04		bàkáa		
PWN:bowl.n.01		búkúr̃úu		knc:búwúr
PWN:bowl.n.01		kwáanòo		eng:pan
PWN:bowl.n.01		tasa	
PWN:bowl.n.01		ákùushíi		arb:kaʔs
PWN:box.n.01 		sanduƙi	
PWN:bracelet.n.02		múndúwáa		
PWN:bracelet.n.02		wáráwáróo		
PWN:bracelet.n.02		àbín hánnùu		
PWN:braid.n.01		kitsèe		
PWN:braid.v.01		sáaƙàa		
PWN:brain.n.01		ƙwálƙwálwáa		
PWN:brainsick.s.01		máhàukàcíi		
PWN:brake.v.02		jáa bír̃kìi		
PWN:branch.n.03		réeshèe		
PWN:brave.a.01		jáar̃ùmíi		arb:s̝ārim
PWN:bread.n.01		búr̃óodìi		eng:bread
PWN:break.v.05		káryèe		
PWN:breakfast.n.01		kárìn kùmállóo		
PWN:breast.n.02		nóonòo		
PWN:breathe.v.01		yí númfáashíi		
PWN:brick.n.01		bìr̃kíi		eng:brick
PWN:brick.n.01		bùlôo		eng:block
PWN:brick.n.01		tubali	
PWN:bridge.n.01		gádàa		eng:girder
PWN:bright.a.01		mài háskée		
PWN:bring.v.01		káawóo		
PWN:bring_around.v.02		wárkèe		
PWN:broken.s.11		à kàryé		
PWN:broom.n.01		másháaríi		
PWN:brother.n.01		shak'ik'i	
PWN:brother.n.01		ɗán úwáa		
PWN:brow.n.01		gòoshíi		
PWN:brown.s.01		mai ruwan ƙasa	
PWN:bruise.n.01		kúujèe		
PWN:brush.n.02		bùr̃óoshìi		eng:brush
PWN:brush.n.02		mágóogíi		
PWN:bull.n.01		bìjímíi		
PWN:bumble.v.03		ì’ìnáa		
PWN:bunch.n.01		ɗáurìi		
PWN:burn.v.01		yā ƙōnḕ	
PWN:burn.v.03		ƙóonèe		
PWN:burn.v.07		ƙóonàa		
PWN:bury.v.02		bínnèe		
PWN:bus.n.01		bas	
PWN:bus.n.01		bâs		eng:bus
PWN:butter.n.01		mân sháanúu		
PWN:butter_knife.n.01		wúƙáa		
PWN:butterfly.n.01		máalàm bùuɗè líttáafíi		
PWN:buttocks.n.01		ɗúwàawúu		
PWN:button.n.01		bóotìn		eng:button
PWN:button.n.01		bùtôo		fra:bouton
PWN:button.n.01		máɓállíi		
PWN:button.n.01		àníiníi		yor:onini
PWN:buy.v.01		sàyáa		
PWN:cabbage.n.01		kabeji	
PWN:cadaver.n.01		gáawáa		
PWN:calculate.v.01		lisafi	
PWN:calculate.v.01		lisafta	
PWN:calendar.n.03		kàléndà		eng:calendar
PWN:calendar_month.n.01		wátàa		:Unidentifiable
PWN:calf.n.01		màráƙíi		
PWN:calf.n.02		ƙwàuríi		
PWN:call.v.05		kíráa		
PWN:call_on_the_carpet.v.01		yí tsáawáa		
PWN:camel.n.01		rak'umi	
PWN:camel.n.01		ràaƙúmíi		:alghum'
PWN:camp.n.03		sánsáníi		
PWN:can.n.01		gwángwáníi		
PWN:candle.n.01		kéndìr̃		eng:candle
PWN:canoe.n.01		jírgíi		
PWN:canoe.n.01		kwàléekwàlée		:kole
PWN:cap.n.01		hùuláa		
PWN:cap.n.01		màlàfáa		
PWN:car.n.01		móotàa		eng:motor
PWN:carcase.n.01		ƙwàràngwál		
PWN:carpenter.n.01		káafíntàa		eng:carpenter
PWN:carpenter.n.01		másàssàƙíi		
PWN:carrot.n.01		karas	
PWN:carve.v.01		sássàƙáa		
PWN:cassava.n.02		dóoyàa		
PWN:cast.v.07		yí zúbìi		
PWN:cast.v.07		yí zúbìi		
PWN:cat.n.01		kyânwā	
PWN:cat.n.01		màagée		
PWN:cat.n.01		ƙyânwáa		
PWN:catch.v.04		káamàa		
PWN:cattle.n.01		gárkèn sháanúu		
PWN:cattle.n.01		sháanúu		
PWN:cause.n.01		dàlíilìi		arb:dalil
PWN:cave.n.01		kòogóo		
PWN:center.n.01		tsákíyàa		
PWN:certain.a.03		tábbàt		arb:θabbata
PWN:cerumen.n.01		dáuɗàr̃ kûnnée		
PWN:chain.n.01		sar'ka	
PWN:chain.n.01		sasari	
PWN:chain.n.03		sárkàa		
PWN:chair.n.01		kujera	
PWN:chair.n.01		kújèeráa		arb:Unidentifiable
PWN:chameleon.n.03		hàwáinìyáa		
PWN:change.v.01		cánjàa		eng:change
PWN:change.v.01		sáakèe		
PWN:chapter.n.01		babi	
PWN:charcoal.n.01		gáwàyíi		
PWN:cheap.a.01		mài àr̃àháa		arb:arxas
PWN:cheek.n.01		kúmàatúu		
PWN:cheek.n.01		kúncìi		
PWN:cheese.n.01		cúkúu		
PWN:chemical.n.01		kimiyya	
PWN:cherry.n.03		ceri	
PWN:chew.v.01		táunàa		
PWN:chicken.n.02		kaza	
PWN:chicken.n.02		kàazáa		
PWN:chicken.n.02		sàagáráa		
PWN:child.n.01		'yáa		
PWN:child.n.01		ɗáa		
PWN:child.n.02		ɗáa		
PWN:chili.n.02		bàr̃kònóo		:foronkaÜni
PWN:chimney.n.01		búutúutúu		
PWN:chin.n.01		háɓàa		
PWN:chisel.n.01		cízìl		eng:chisel
PWN:chisel.n.01		máƙánƙáríi		
PWN:choke.v.04		ƙwàrú		
PWN:choose.v.01		zàaɓáa		
PWN:chop.v.01		fíllèe		
PWN:church.n.02		cóocì		eng:church
PWN:cigarette.n.01		sigari	
PWN:cigarette.n.01		táabàa		arb:taba
PWN:circle.n.03		dáa'ìr̃áa		arb:dāʔira
PWN:circle.n.03		gùndúwàa		
PWN:circumcision.n.03		kàcíyàa		knc:kàjá
PWN:citizen.n.01		ɗán ƙásáa		
PWN:citizenry.n.01		jàmá'àa		arb:jamāʕa
PWN:citizenry.n.01		mútàanée		
PWN:citrus.n.01		lèemóo		arb:laymuÜn
PWN:clavicle.n.01		ƙàshín kàafáaɗàa		
PWN:claw.n.01		ákàifáa		
PWN:clay.n.01		yúmɓúu		
PWN:clean.a.01		mai	
PWN:clean.a.01		mài tsábtàa		
PWN:clean.a.01		tsafta	
PWN:clear.a.01		gáráu		
PWN:cleave.v.01		fáskàráa		
PWN:cleave.v.01		fásàa		
PWN:climb.v.01		háu		
PWN:climb.v.01		háuràa		
PWN:cloak.n.02		àlkyábbàa		arb:qabba
PWN:clock.n.01		àgóogó		yor:agogo
PWN:close.v.01		rúfèe		
PWN:cloud.n.02		gàajìmàarée		
PWN:club.n.03		kúlkíi		
PWN:coat.n.01		kwât		eng:coat
PWN:coat.n.01		màntôo		fra:manteau
PWN:cobbler.n.01		bàdúukùu		
PWN:cobbler.n.01		shûuméekàa		eng:shoemaker
PWN:cock.n.04		zàkáràa		
PWN:cockroach.n.01		kyànkyásòo		
PWN:coconut.n.02		kwáakwàa		:Unidentifiable
PWN:coffee.n.01		gàháawàa		arb:qahwa
PWN:coffee.n.01		kofi	
PWN:coffee.n.01		kàfê		fra:café
PWN:coffee.n.01		kóofìi		eng:coffee
PWN:coin.n.01		tsáabàr̃ kúɗíi		
PWN:cold.a.01		mài sányíi		
PWN:cold.a.01		mài ɗáaríi		
PWN:cold.n.01		múr̃àa		
PWN:collar.n.01		kwálàa		eng:collar
PWN:collar.n.01		kwâl		fra:col
PWN:color.n.01		kálàa		eng:colour
PWN:color.n.01		launi	
PWN:color.n.01		láunìi		arb:lawn
PWN:color.n.01		írìi		knc:jírì
PWN:colt.n.01		dùƙúshíi		
PWN:comb.n.01		fénnì		fra:peigne
PWN:comb.n.01		kûm		eng:comb
PWN:comb.n.01		másár̃cíi		
PWN:comb.n.01		mátséefíi		
PWN:commiseration.n.01		jînƙái		
PWN:common_eel.n.01		gwándòo		
PWN:complete.v.01		gámàa (2)		
PWN:conceive.v.03		ɗáu cíkìi		
PWN:conserve.v.02		tsárèe		
PWN:construct.v.01		gínàa		
PWN:contend.v.06		yí fáɗàa		
PWN:conventicle.n.02		sóor̃óo		
PWN:conventicle.n.02		záurèe		
PWN:convict.v.01		sáamùu dà lâifíi		
PWN:convict.v.01		tábbátár̃ dà lâifíi		
PWN:cook.v.02		dáfàa		
PWN:cooked.a.01		dàfáffée		
PWN:cookhouse.n.02		gírkìi		
PWN:copper.n.01		ján ƙárfèe		
PWN:copper.n.01		tágùlláa		:teɣert
PWN:cormorant.n.01		dìmílmílóo		
PWN:corn.n.01		agwado	
PWN:corn.n.01		másàr̃áa		knc:masar, masarmi
PWN:corner.n.03		kwánàa		eng:corner
PWN:corner.n.03		kúsùrwáa		
PWN:cornet.n.01		ƙàhóo		
PWN:corpulent.s.01		ƙibā̀	
PWN:correctly.r.01		dáidái		
PWN:cotton.n.02		áudùgáa		arb:abu dagi_g ?
PWN:cotton.n.03		auduga	
PWN:cough.v.01		yí tàaríi		
PWN:count.v.01		ƙírgàa		
PWN:country.n.02		ƙásáa		
PWN:court.n.08		fáadàr̃ àlƙáalíi		
PWN:court.n.08		kóotù		eng:court
PWN:court.n.10		fáadàa		
PWN:court.n.10		fíilíi		
PWN:cousin.n.01		'yár̃ úwáa		
PWN:cousin.n.01		ɗán úwáa		
PWN:cover.v.01		rúfèe		
PWN:cow.n.01		sáanìyáa		
PWN:crack.n.04		yā karyḕ	
PWN:crawl.v.01		rárràfáa		
PWN:crime.n.01		là’ánàa		arb:laʔana
PWN:crime.n.01		lâifíi		arb:ʕayb
PWN:crippled.s.01		gúrgùu		
PWN:crisscross.n.01		gícìyée		
PWN:crooked.a.01		à kántàré		
PWN:crooked.a.01		à shàagìɗé		
PWN:crow.n.01		hànkáakàa		
PWN:crowd.n.01		yáwàa		
PWN:cry.v.02		kúuká		
PWN:cuckoo.n.02		kukku	
PWN:cucumber.n.02		kàbēwā̀	
PWN:cultivate.v.02		yí nóomáa		
PWN:cup.n.01		kwâf		eng:cup
PWN:cup.n.01		móodáa		
PWN:curse.v.03		tsíinèe wà		
PWN:curse.v.03		yí tír̃		
PWN:custom.n.01		àl'áadàa		arb:ʔāda
PWN:cut.v.01		yánkèe		
PWN:damage.v.01		ɓàrnáa		
PWN:dance.v.02		yí ráawáa		
PWN:dandruff.n.02		àmóosànín kâi		
PWN:danger.n.01		háɗàr̃íi		arb:xat̝ar
PWN:dare.v.02		ƙàalùubàlántàa		
PWN:dark.a.01		mài dúhúu		
PWN:dark.n.01		dúhùu		
PWN:daughter.n.01		'ya	
PWN:daughter.n.01		'yáa		
PWN:dawn.n.01		jìjjífíi		
PWN:dawn.n.01		àlfíjìr̃		arb:al-fijr
PWN:day.n.01		kwáanáa		
PWN:day.n.01		ráanáa		
PWN:day.n.05		ráanáa		
PWN:dead.a.01		à màcé		
PWN:deaf.a.01		béebée		
PWN:deaf.a.01		kúrmáa		
PWN:deaf.n.01		kurmā	
PWN:death.n.01		mutuwā̀	
PWN:debt.n.02		báashìi		
PWN:deception.n.02		múnáafúncìi		
PWN:decide.v.02		yánkè húnkúncìi		
PWN:deep.a.03		mài zúrfíi		
PWN:deer.n.01		bàréewáa		
PWN:defeat.n.01		káayèe		
PWN:defend.v.03		káarèe		
PWN:defendant.n.01		wândà ákà gúr̃fànáa		
PWN:deity.n.01		Allàh		arb:allāh
PWN:deny.v.04		músùntáa		
PWN:deny.v.04		ƙí		
PWN:depository_financial_institution.n.01		bánkìi		eng:bank
PWN:descend.v.01		sàuká		
PWN:descendants.n.01		zúur̃íyàa		arb:θuri̅ya
PWN:desire.v.01		sóo		
PWN:destroy.v.02		rúushèe		
PWN:destroy.v.02		ɓáatàa		
PWN:devil.n.02		shàiɗán		arb:šayṭān
PWN:dew.n.01		ráaɓáa		
PWN:die.v.01		mútù		
PWN:difficult.a.01		mài wùyáa		
PWN:dig.v.01		háƙàa		
PWN:dig.v.01		tóonàa		
PWN:dinner.n.01		àbíncín dárée		
PWN:diplopoda.n.01		shànshàaníi		
PWN:dirt.n.02		dauɗā̀	
PWN:dirty.a.01		dau'da	
PWN:dirty.a.01		mài dáuɗàa		
PWN:disappear.v.01		ɓácèe		
PWN:disease.n.01		cíiwòo		
PWN:disease.n.01		cùutáa		
PWN:dish.n.01		táasàa		arb:tas
PWN:ditch.n.01		gwálálóo		fra:rigole de l’eau
PWN:ditch.n.01		gátàa		eng:gutter
PWN:ditch.n.01		kwálbátì		eng:culvert
PWN:ditch.n.01		làmbàtûu		eng:„number two“
PWN:dive.v.03		nútsàa		
PWN:divide.v.01		kásàa		
PWN:divide.v.01		rábàa		
PWN:divorce.n.01		káshè áurée		
PWN:doctor.n.01		líkítà		pcm:lokita
PWN:dog.n.01		kàrée		
PWN:domestic_ass.n.01		jàakíi		:ejak
PWN:domestic_fowl.n.01		kàazáa		
PWN:doorjamb.n.01		íccèn ƙóofàa		
PWN:doubt.n.01		shákkàa		arb:šakḳ
PWN:dough.n.01		ƙùllúu		
PWN:dove.n.01		kúrcíyáa		
PWN:down.r.01		ƙàr̃ƙáshín		
PWN:draw.v.07		ɗíibàa		
PWN:dream.v.02		yí máfár̃kíi		
PWN:dress.n.01		rìigár̃ máatáa		
PWN:dress.n.01		r̃ôb		fra:robe
PWN:dress.v.01		yā sā̂ (tufāfī̀)	
PWN:drink.v.01		sháa		
PWN:drip.v.01		ɗígàa		
PWN:drive.v.01		túuƙàa		
PWN:drivel.v.01		dàláalà		
PWN:driver's_license.n.01		fàr̃mîi		fra:permis
PWN:driver's_license.n.01		láasìn		eng:license
PWN:drop.v.01		fáaɗì		
PWN:drown.v.03		cîn rúwáa		
PWN:drown.v.03		nítsèe		
PWN:drum.n.01		gàngáa		
PWN:dry.a.01		à bùushé		
PWN:dry.v.01		yā būshḕ	
PWN:dry_season.n.01		rānī	
PWN:duck.n.01		àgwàagwá		
PWN:dumb.s.04		kúrmáa		
PWN:dust.n.01		ƙùuráa		
PWN:duty.n.01		addini	
PWN:dye.v.01		rínàa		knc:àrîn
PWN:eagle.n.01		gággáfáa		
PWN:ear.n.01		kûnnée		
PWN:earlier.r.01		kàafín		
PWN:earlobe.n.01		fáatàr̃ kûnnée		
PWN:early.r.03		dà wúríi		
PWN:earring.n.01		'yán kúnnée		
PWN:earring.n.01		yàríi		
PWN:earthquake.n.01		gìgízàr̃ ƙásáa		
PWN:east.n.01		gábàs		
PWN:eat.v.01		cí		
PWN:edge.n.06		bàakíi		
PWN:edge.n.06		gáaɓàa		
PWN:egg.n.02		ƙwái		
PWN:egg_yolk.n.01		ƙwándùwáa		
PWN:eight.s.01		tákwàs		
PWN:eighty.s.01		tàmā̀nin	
PWN:elbow.n.01		gwíiwàr̃ hánnúu		
PWN:election.n.01		zàaɓée		
PWN:electricity.n.02		làntár̃kìi		eng:electricity
PWN:elementary.s.01		mài sáuƙíi		
PWN:elephant.n.01		gíiwáa		
PWN:eleven.s.01		shâa ɗáyá		
PWN:elf.n.01		àljánáa		arb:j̆inn
PWN:elongate.v.01		wáatsàa		
PWN:ember.n.01		gárwáashíi		
PWN:embrace.v.02		rùngúmàa		
PWN:employment.n.02		aikī̀	
PWN:empty.a.01		wòofíi		ful:wōf-
PWN:empty.a.01		émtì		eng:empty
PWN:enchantress.n.02		máayèe		
PWN:end.n.03		ƙàrshée		
PWN:end.n.09		ƙàrshée		
PWN:end.v.01		tsáyàa		
PWN:enough.r.01		ìsá		
PWN:enter.v.01		shìgá		
PWN:entirely.r.02		káwài		
PWN:entirely.r.02		káɗái		
PWN:envy.n.01		kíishìi		
PWN:estimate.v.01		cìitáa		
PWN:evening.n.01		màràicée		
PWN:evil.a.01		mūgū̀	
PWN:ewe.n.03		túnkìyáa		
PWN:exclaim.v.01		yí íihùu		
PWN:exclaim.v.01		yí ƙáaráa		
PWN:exit.v.01		fìtá		
PWN:exit.v.01		táashì		
PWN:expensive.a.01		mài tsàadáa		
PWN:explain.v.01		báyyànáa		arb:bayyana
PWN:eye.n.01		ídòo		
PWN:eyebrow.n.01		gíráa		
PWN:eyelash.n.01		gáashìn ídòo		
PWN:eyelid.n.01		fáatàr̃ ídòo		
PWN:fabric.n.01		tìsî		fra:tissu
PWN:fabric.n.01		yáadìi		eng:yard
PWN:face.n.01		fúskàa		
PWN:fail.v.03		cí àmáanàa		
PWN:faineant.s.01		málàalàcíi		
PWN:faineant.s.01		rágóo		
PWN:fairy.n.01		fari	
PWN:faithful.a.01		àmìntáccée		
PWN:fall.n.01		kàakáa (2)		
PWN:fall.v.01		fáaɗì		
PWN:fall.v.23		zùráarà		
PWN:family.n.02		ìyáalìi		arb:’iyal
PWN:famine.n.02		bàláa'ìn yúnwàa		
PWN:fan.n.01		máfícíi		
PWN:fan.v.03		fíifíitáa		
PWN:far.r.02		níisá		
PWN:faraway.s.01		nīsa	
PWN:farm.n.01		gōnā	
PWN:farmer.n.01		mánòomíi		
PWN:fart.v.01		yí túusàa		
PWN:fast.r.01		mázá		
PWN:fast.r.01		sáuríi		
PWN:fast.v.01		yí ázùmíi		arb:s̝awm
PWN:fat.n.01		máiƙòo		
PWN:father.n.01		baba	
PWN:father.n.01		ùbáa		
PWN:fatherland.n.01		gídáa		
PWN:fathom.n.01		gàbáa		
PWN:faucet.n.01		kân fámfòo		
PWN:fault.n.06		kúskúrèe		
PWN:fault.n.06		lâifíi		arb:ʕayb
PWN:faulty.s.02		bàa dáidái bá nèe		
PWN:faulty.s.02		bàrbái		
PWN:fear.n.01		tsòoróo		
PWN:feather.n.01		gáashìi		
PWN:fecal_matter.n.01		kāshī	
PWN:feel.v.09		jí		
PWN:female.a.01		támàcè		
PWN:female.s.03		támàcè		
PWN:female_child.n.01		yáarínyàa		
PWN:fence.n.01		dángáa		
PWN:fence.n.01		shíngée		
PWN:fence.n.01		záanáa		
PWN:fetid.s.01		mài wáaríi		
PWN:fever.n.01		zàzzàɓíi		
PWN:few.a.01		kàɗán		
PWN:field.n.01		góonáa		
PWN:fifteen.s.01		shâa bìyár̃		
PWN:fifty.s.01		hàmsin	
PWN:fig.n.04		ɓáurée		
PWN:fill.v.01		yā cikà shi	
PWN:fin.n.06		ƙéegée		
PWN:find.v.03		sáamùu		
PWN:fine.n.01		tàaráa		arb:ɣaraːma
PWN:finger.n.01		yátsàa		
PWN:fingernail.n.01		fárcèe		
PWN:fire.n.03		hárshèn wútáa		
PWN:fire.n.03		wútáa		
PWN:fireplace.n.01		múrhùu		
PWN:firewood.n.01		ícèe		
PWN:first.a.01		ná fárkóo		
PWN:fish.n.01		kíifíi		
PWN:fisherman.n.01		másùncíi		
PWN:fishhook.n.01		fátsáa		
PWN:fishing_line.n.01		múrímúríi		
PWN:fishnet.n.01		hóomáa		
PWN:fishnet.n.01		táarúu		
PWN:five.s.01		bìyár̃		
PWN:flag.n.01		tuta	
PWN:flat.s.01		à kwàncé		
PWN:flay.v.01		féeɗèe		
PWN:flea.n.01		tùnkùyáu		
PWN:flea.n.01		ƙùmáa		
PWN:flee.v.01		gúdù		
PWN:flesh.n.01		náamàa		:nama
PWN:flex.v.05		kár̃kàtáa		
PWN:flex.v.05		lánƙwàsáa		
PWN:flip.v.06		jéefàa		
PWN:float.v.02		yí líilòo		
PWN:floor.n.01		fíilín ɗáakìi		
PWN:flour.n.01		gàaríi		
PWN:flower.n.02		fùrée		
PWN:flute.n.01		sàareewàa		
PWN:flute.n.01		sàréewàa		
PWN:fly.n.01		ƙúdáa		
PWN:fly.v.01		táashì		
PWN:foam.n.01		kúmfáa		
PWN:foe.n.02		máƙìyíi		
PWN:fog.n.01		házóo		
PWN:fold.v.01		káryàa		
PWN:fold.v.01		náɗàa		
PWN:follow.v.01		bí		
PWN:following.s.02		mài zúwàa		
PWN:food.n.02		àbíncí		
PWN:foot.n.01		ƙáfàa		
PWN:footprint.n.01		sáawúu		
PWN:forbid.v.01		hánàa		
PWN:forest.n.01		dáajìi		
PWN:forest.n.01		kúrmíi		
PWN:forge.v.01		ƙéeràa		
PWN:forget.v.02		mântáa		
PWN:forgive.v.01		yáafèe		arb:yaʕfa
PWN:fork.n.01		cóokàlíi mài yáatsàa		
PWN:fork.n.01		fôk		eng:fork
PWN:fork.n.01		hùr̃shéetìi		fra:fourchette
PWN:fork.n.01		kùr̃shêt		fra:fourchette
PWN:fork.n.03		gwàfáa		
PWN:fortress.n.01		gàar̃úu		knc:gàrú
PWN:forty.s.01		àrbà'in	
PWN:four.s.01		húɗú		
PWN:fox.n.01		yânyáawàa		
PWN:fragrant.a.01		mài ƙánshíi		
PWN:freeze.v.02		dáaskàrée		
PWN:frequently.r.01		sàu dà yáwàa		
PWN:friday.n.01		Júmmá’àa		arb:jumʔa
PWN:friend.n.01		àbóokíi		
PWN:friend.n.01		àmíinìi		arb:ʔamāna
PWN:frog.n.01		kwàɗóo		
PWN:fruit.n.01		’yár̃ ítàacée		
PWN:fry.v.02		gásàa		
PWN:full.a.01		à cìké		
PWN:fur.n.03		fáatàa		
PWN:furrow.n.01		húuɗàa		
PWN:furrow.n.01		kúnyáa		
PWN:gain.v.08		cí r̃íibàa		
PWN:garden.n.03		gárkáa		
PWN:garden.n.03		làmbúu		
PWN:gate.n.01		ƙóofàa		
PWN:gather.v.01		táaràa		
PWN:get.v.01		sáamùu		
PWN:ghost.n.03		fàtálwáa		arb:fatalwa
PWN:gill.n.04		hàrzáa		
PWN:gingiva.n.01		dáasàshíi		
PWN:girl.n.01		bùdúrwáa		
PWN:give.v.03		báa		
PWN:glass.n.01		gìláashìi		eng:glass
PWN:glowworm.n.01		màƙèesúu		
PWN:glue.n.01		gâm		eng:gum
PWN:go_home.v.01		dáawóo		
PWN:go_home.v.01		kóomàa		
PWN:goat.n.01		àkwíyàa		
PWN:god.n.01		allā̀	
PWN:goiter.n.01		màƙóoƙòo		
PWN:gold.n.03		gwal	
PWN:gold.n.03		zinari	
PWN:gold.n.03		zínáar̃ìyáa		arb:dīnār
PWN:good.a.01		mài dáaɗíi		
PWN:good.a.01		mài kyâu		
PWN:good_fortune.n.01		sáa'àa		arb:sāʕa
PWN:goose.n.01		dínyáa		
PWN:gourd.n.03		ƙwáryáa		
PWN:govern.v.03		màllákàa		arb:malaka
PWN:government.n.01		gwámnátì		eng:government
PWN:grain.n.08		ƙwàyáa		
PWN:grandchild.n.01		jíikàa		
PWN:granddaughter.n.01		jíikàa		
PWN:grandfather.n.01		kàakáa (1)		
PWN:grandma.n.01		kàakáa (1)		
PWN:grandparent.n.01		kàakànníi		
PWN:grandson.n.01		jíikàa		
PWN:grape.n.01		ínàbíi		arb:ʕinab
PWN:grasp.v.01		káamàa		
PWN:grass.n.01		cìyáawàa		
PWN:grass_skirt.n.01		bàntée		eng:panty
PWN:grasshopper.n.01		fàaráa		
PWN:grave.n.02		kabari	
PWN:grave.n.02		kábàr̃íi		arb:qabar
PWN:green.a.03		ɗányée		
PWN:green.s.01		kore	
PWN:green.s.01		kóor̃èe		
PWN:green.s.01		tsánwáa		
PWN:grey.s.01		mai ruwan toka	
PWN:grief.n.02		báƙín cíkìi		
PWN:grief.n.02		cíiwòo		
PWN:grind.v.05		dákàa		
PWN:grind.v.05		níƙàa		
PWN:groan.v.01		yí gùnàagúníi		
PWN:grow.v.03		gírmá		
PWN:guard.n.01		gáadìi		eng:guard
PWN:guest.n.01		bàaƙóo		
PWN:guilty.a.01		mài lâifíi		
PWN:gun.n.01		bíndígàa		arb:bunduqiyaa, bundug
PWN:gunnysack.n.01 		buhu	
PWN:habit.n.01		al'ada	
PWN:hair.n.01		gāshī̀	
PWN:hammer.n.02		gùdúmàa		
PWN:hammer.n.02		hámàa		eng:hammer
PWN:hammer.n.02		màr̃tȏo		fra:marteau
PWN:hand.n.01		hannu	
PWN:hand.n.01		hánnúu		
PWN:hang.v.02		ráatàyáa		
PWN:happy.a.01		yí múr̃nàa		
PWN:hard.a.03		mài táuríi		
PWN:hare.n.01		zóomóo		
PWN:hark_back.v.01		dáawóo		
PWN:harvest.n.04		gírbìi		
PWN:hate.v.01		tsànáa		
PWN:hawk.n.01		sháahòo		
PWN:hay.n.01		báròo		
PWN:head.n.01		kâi		
PWN:head_covering.n.01		hìjáabìi		arb:hidjāb
PWN:head_louse.n.01		kwàlkwátàa		
PWN:headman.n.02		sárkíi		
PWN:healthy.a.01		mài láafíyàa		arb:al-?afia
PWN:hear.v.01		jí		
PWN:heart.n.02		zúucìyáa		
PWN:heat.n.01		zāfī	
PWN:heaven.n.02		sàmáanìyáa		arb:samāʔ
PWN:heaven.n.02		sámà		arb:samāʔ
PWN:heavy.a.01		mài náuyíi		
PWN:heel.n.02		díddígèe		
PWN:hell.n.04		wútán jàhánnàmàa		
PWN:helmet.n.02		búukèe		
PWN:helmet.n.02		hùulár̃ kwáanòo		
PWN:help.v.01		tàimákàa		
PWN:hen.n.01		dáƙwálwáa		
PWN:hen.n.01		kàazáa		
PWN:herder.n.02		mákìyàayíi		
PWN:here.r.01		nân		
PWN:heron.n.02		zálɓèe		
PWN:hiccup.v.01		yí sháƙúwàa		
PWN:hide.n.02		fáatàa		
PWN:hide.v.01		ɓóoyèe		
PWN:hill.n.01		dúutsèe		
PWN:hill.n.01		tsáunìi		
PWN:hill.n.01		túdùu		
PWN:hip.n.01		cínyàa		
PWN:hip.n.01		gìndíi		
PWN:hire.v.01		háyàa		eng:hire
PWN:hit.v.02		yā bugā̀	
PWN:hoe.n.01		fár̃tányàa		
PWN:hoe.n.01		gàr̃máa		
PWN:hog.n.03		àládèe		yor:ęlędę
PWN:hold.v.02		ríƙèe		
PWN:hole.n.01		ráamìi		
PWN:hollow.v.02		tóonàa		
PWN:hologram.n.01		全息图	
PWN:holography.n.01		全息摄影	
PWN:holy.a.01		mài tsárkíi		
PWN:honey.n.01		zúmàa		
PWN:hook.n.05		ƙúugìyáa		
PWN:hope.v.02		yí fáatáa		
PWN:horn.n.02		ƙàhóo		
PWN:horse.n.01		doki	
PWN:horse.n.01		dóokìi		
PWN:hospital.n.02		ásìbítì		eng:hospital
PWN:host.n.01		bàaƙóo		
PWN:hot.a.01		mài záafíi		
PWN:hotel.n.01		otal	
PWN:hour.n.01		awa	
PWN:hour.n.01		sa'a	
PWN:hour.n.01		áwàa		eng:hour
PWN:hour.n.01		ƙárfèe		
PWN:house.n.01		gídáa		
PWN:hovel.n.01		ɗáakìi		
PWN:howl.v.02		yí ƙúugíi		
PWN:hundred.s.01		ɗàríi		
PWN:hunger.n.01		yunwā̀	
PWN:hungry.a.01		jí yúnwàa		
PWN:hunt.v.01		fàráutàa		
PWN:husband.n.01		míjìi		
PWN:husband.n.01		míjìi		
PWN:husband.n.01		ángòo		
PWN:ice.n.01		ƙànƙáráa		
PWN:idea.n.01		dàbáar̃àa		arb:dubbāra
PWN:idea.n.01		r̃á’àyíi		arb:ra’y
PWN:idol.n.01		gúnkìi		
PWN:ignite.v.01		húuràa		
PWN:ignite.v.01		kúnnàa		
PWN:ill.a.01		máràs láafíyàa		
PWN:imitate.v.01		kwàikwáyàa		
PWN:immediately.r.01		yànzú-yànzú		
PWN:important.a.01		muhimmi	
PWN:increase.v.01		yā ƙārā̀	
PWN:incrimination.n.01		lâifíi		arb:ʕayb
PWN:indicate.v.02		núunàa		
PWN:injection.n.03		àllúur̃àa		arb:al + ’ibra
PWN:injure.v.01		yíi wà wani ràuníi		
PWN:injure.v.01		ɓáatàa		
PWN:innocent.a.01		máràs lâifíi		
PWN:insect.n.01		ƙwàaróo		
PWN:instrument.n.02		káayán áikìi		
PWN:intention.n.03		búurìi		
PWN:intention.n.03		mánúfáa		
PWN:intestine.n.01		hánjíi		
PWN:intoxicated.a.01		bùgú		
PWN:invite.v.02		gàyyatàa		
PWN:iron.n.01		ƙárfèe		
PWN:island.n.01		tsìbíríi		
PWN:itch.n.03		ƙàiƙàyíi		
PWN:jaw.n.01		háɓàa		
PWN:jew.n.01		Yahudu	
PWN:jewel.n.01		dúutsèn wúyàa		
PWN:join.v.02		gámàa (1)		
PWN:join.v.02		háɗàa		
PWN:journey.n.01		safara	
PWN:judge.n.01		jóojìi		eng:judge
PWN:judge.n.01		júujù		fra:juge
PWN:judge.n.01		àlƙáalíi		arb:al+qādi
PWN:judgment.n.03		húnkúncìi		
PWN:jump.v.01		díràa		
PWN:jump.v.01		tsállàkée		
PWN:keep.v.03		ríƙèe		
PWN:kettle.n.01		sàkáanìi		arb:ṣaḥn
PWN:key.n.01		mábúuɗíi		
PWN:kick.v.03		hàr̃báa		
PWN:kid.n.05		'yár̃ àkwíyàa		
PWN:kid.n.05		ɗán àkwíyàa		
PWN:kidney.n.01		ƙóodàa		
PWN:kill.v.10		káshèe		:Unidentifiable
PWN:kin.n.02		kàbíilàa		arb:qabi̅la
PWN:king.n.01		sárkíi		
PWN:knead.v.01		cúuɗàa		
PWN:knead.v.01		múlmùláa		
PWN:knee.n.01		gwíwàa		
PWN:kneel.v.01		dúrƙùsáa		
PWN:knife.n.01		wúƙáa		
PWN:knot.n.02		ƙúllàa		
PWN:know.v.01		sánìi		
PWN:know.v.01 		san	
PWN:ladder.n.01		kwàr̃ángáa		
PWN:lake.n.01		táfkìi		
PWN:lamb.n.01		'yár̃ túnkìyáa		
PWN:lamb.n.01		ɗán ràagóo		
PWN:land.n.02		ƙásáa		
PWN:land.n.04		ƙásáa		
PWN:land.v.06		sàuká		
PWN:language.n.01		hárshèe		
PWN:large.a.01		bàbbá		
PWN:lasso.n.02		sárɓée		
PWN:last.a.02		ná ƙàrshée		
PWN:last.v.01		dáɗèe		
PWN:last.v.01		jímàa		
PWN:late.r.01		à màkàré		
PWN:laugh.v.01		dàaríyáa		
PWN:law.n.01		shàr̃i'àa		arb:šariʕa
PWN:lead.n.02		dár̃màa		
PWN:lead.v.01		gàbáatàa		
PWN:leaf.n.01		gányée		
PWN:learn.v.01		kòoyáa		
PWN:leather.n.01		fáatàa		
PWN:left.r.01		hágú		
PWN:leg.n.02		ƙáfàa		
PWN:lend.v.02		àráa		arb:aʔa̅ra
PWN:let_go_of.v.01		sàkaa		
PWN:letter.n.01		wàsíiƙàa		arb:waӨīqa
PWN:liberate.v.03		ƴântaa		
PWN:license_plate.n.01		lámbàr̃ móotàa		eng:number of motor
PWN:lick.v.02		làasáa		
PWN:lie.v.05		yí ƙáryáa		
PWN:lie_down.v.01		kwántàa		
PWN:light.a.01		máràs náuyíi		
PWN:light.a.06		mài háskée		
PWN:lightning.n.01		mài háskée		
PWN:limit.n.01		haddi	
PWN:limit.n.01		iyaka	
PWN:limp.v.01		yí ɗíngíshíi		
PWN:line.n.04		jéerìi		
PWN:line.n.04		láayìi		eng:line
PWN:linen.n.01		lílìn		eng:linen
PWN:lion.n.01		záakìi		
PWN:lip.n.01		leɓe	
PWN:lip.n.01		léeɓèe		
PWN:listen.v.01		jí		
PWN:listen.v.01		sáuràaráa		
PWN:liter.n.01		lita	
PWN:little_brother.n.01		ƙánèe		
PWN:little_sister.n.01		ƙánúwàa		
PWN:liver.n.01		hántàa		
PWN:livestock.n.01		dábbóobíi		arb:dābba
PWN:livestock.n.01		gárkèe		
PWN:lizard.n.01		ƙàdángárèe		
PWN:load.n.01		kāyā	
PWN:lock.n.01		kwàaɗóo		
PWN:long.a.02		mài tsáwóo		
PWN:long.r.01		dâa		
PWN:look.v.01		dúubàa		
PWN:look.v.01		kàlláa		
PWN:look.v.02		yí àláamàa		arb:ʕalāma
PWN:loom.n.01		sáaƙàa		
PWN:loot.n.01		gàníimàa		arb:ɣaniːma
PWN:lord.n.03		áadàlíi		arb:’adala
PWN:lose.v.05		rásàa		
PWN:loudly.r.01		mài ƙáaráa		
PWN:louse.n.01		kwârkwatā̀	
PWN:love.v.03		sôo		
PWN:love.v.03		yí ƙàunáa		
PWN:low.r.01		ƙásà		
PWN:luminosity.n.01		háskée		
PWN:lunch.n.01		àbíncín ráanáa		
PWN:lung.n.01		hùuhúu		
PWN:machine.n.01		mashin	
PWN:machine.n.01		ínjìi		eng:engine
PWN:magic.n.01		mâitáa		
PWN:mail.n.02		gídán wáyàa		
PWN:make.v.49		yí físáaríi		
PWN:male.a.01		námíjì		
PWN:male.s.03		námíjì		
PWN:male_child.n.01		yáaròo		
PWN:man.n.01		námíjì		
PWN:manger.n.01		kóomíi		
PWN:manger.n.01		àkálàa		
PWN:mango.n.01		mangora	
PWN:manner.n.01		hákà		
PWN:manner.n.01		sálóo		
PWN:many.a.01		yáwàa		
PWN:mare.n.01		góoɗíyáa		
PWN:marketplace.n.02		kàasúwáa		knc:kàsúgù
PWN:marriage.n.03		áurée		
PWN:marry.v.01		àuráa		
PWN:mason.n.04		màasôn		fra:maçon
PWN:mason.n.04		mágìnín gídáa		
PWN:mast.n.01		túrkèe		
PWN:mat.n.01		tàabármáa		:tabbaramt
PWN:match.n.01		àsháanáa		yor:işáná
PWN:mattress.n.01		kàtíifàa		ary:qtͺifa
PWN:meal.n.01		túwóo		
PWN:meal.n.01		àbíncí		
PWN:measure.v.01		áunàa		arb:wazana
PWN:meat.n.01		náamàa		:nama
PWN:medicine.n.02		máagàníi		
PWN:meet.v.09		sàadú		
PWN:merchant.n.01		ɗán kàasúwáa		
PWN:meter.n.01		mita	
PWN:milk.n.01		nóonòo		
PWN:milk.v.01		tàatsáa		
PWN:mill.n.04		má'áikátáa		
PWN:mill.n.04		ínjìn níƙàa		
PWN:mind.n.01		r̃á’àyíi		arb:ra’y
PWN:minister.n.02		minista	
PWN:minister.n.02		mínístà		eng:minister
PWN:mint.n.02		nana'a	
PWN:mirror.n.01		mádúubíi		
PWN:misfortune.n.02		bala'i	
PWN:misfortune.n.02		masifa	
PWN:misfortune.n.02		ráshìn sáa'àa		
PWN:miss.v.07		rásàa		
PWN:miss.v.07		yí kúskúrèe		
PWN:miss.v.08		bābù àbinci	
PWN:mistake.n.01		kúskúrèe		
PWN:mistake.n.01		lâifíi		arb:ʕayb
PWN:mix.v.04		cáakùɗáa		
PWN:mix.v.04		dáamàa		
PWN:mix.v.04		yáamùtsée		
PWN:moisten.v.01		yā jiƙā̀ shi	
PWN:molar.n.01		mátáuníi		
PWN:monday.n.01		Lìtìnîn		arb:ʔӨnayn
PWN:money.n.01		kúɗíi		
PWN:monkey.n.01		bírìi		
PWN:moon.n.01		wátàa		:Unidentifiable
PWN:more.a.02		kúmáa		
PWN:morning.n.01		sáafée		arb:ṣubḥ
PWN:mortar.n.02		gwáaɓìi		
PWN:mortar.n.03		túrmíi		
PWN:mosque.n.01		másálláacíi		
PWN:mosquito.n.01		sáuróo		
PWN:mother.n.01		úwáa		
PWN:motor.n.01		ínjìn		eng:engine
PWN:motorcycle.n.01		bàabúr̃		
PWN:motorcycle.n.01		mòotôo		fra:moto
PWN:mountain.n.01		dutsḕ	
PWN:mouth.n.01		bàakíi		
PWN:move.v.02		yí mòotsíi		
PWN:movie.n.01		fîm		eng:film
PWN:mow.v.01		círèe		
PWN:mow.v.01		fíigáa		
PWN:mow.v.01		gírbèe		
PWN:mud.n.01		tàɓóo		
PWN:mule.n.01		àlfádàr̃íi		arb:al+bat̝ari
PWN:mumble.v.01		gùngùníi		
PWN:mumble.v.01		ráɗàa		
PWN:murder.n.01		kísàn kâi		
PWN:mushroom.n.02		náamàn kàazáa		
PWN:music.n.04		kíɗàa		
PWN:nail.n.02		ƙúusàa		
PWN:name.n.01		súunáa		
PWN:name.v.01		kíráa		
PWN:nape.n.01		ƙéeyàa		
PWN:narrative.n.01		ƙissa	
PWN:narrow.a.01		à màtsé		
PWN:navel.n.01		cíibíyàa		
PWN:near.a.01		kusa da	
PWN:near.r.01		kúsá		
PWN:necessity.n.01		bùƙáatàa		
PWN:neck.n.01		wúyàa		
PWN:necklace.n.01		'yár̃ wúyàa		
PWN:needle.n.03		àllúur̃àa		arb:al + ’ibra
PWN:neighbor.n.01		máƙwàbcíi		
PWN:nephew.n.01		ɗán wâa		
PWN:nest.n.01		shèeƙáa (1)		
PWN:never.r.01		àbàdá		arb:ʔabadan
PWN:new.a.01		sáabóo		
PWN:news.n.01		labari	
PWN:newspaper.n.01		jàr̃íidàa		arb:jarīda
PWN:niece.n.01		'yár̃ wâa		
PWN:night.n.01		dárée		
PWN:nine.s.01		tár̃à		
PWN:ninety.s.01		tàsà'in	
PWN:nipple.n.01		bàakín màamá		
PWN:nit.n.02		ƙyáayáa		
PWN:no.r.03		áa'àa		
PWN:noise.n.01		ƙáaráa		
PWN:noon.n.01		ráanáa tsákàa		
PWN:north.n.03		árèewá		
PWN:nose.n.01		háncìi		
PWN:nostril.n.01		kàfár̃ háncìi		
PWN:not.r.01		bà.....bá		
PWN:now.r.04		yànzú		
PWN:number.n.02		lámbàa		eng:number
PWN:nurse.n.01		mài jíyyàa		
PWN:nut.n.01		ƙwàayáa		
PWN:oar.n.01		fílàafílíi		
PWN:oar.n.01		mátúuƙíi		
PWN:oath.n.03		rántsúwáa		
PWN:obey.v.01		bâutáa		
PWN:obey.v.01		bí ùmùr̃níi		
PWN:obscure.s.01		mài dúhùu		
PWN:obscure.s.01		ɓòoyáyyée		
PWN:ocean.n.01		báhàa, báhàr̃		arb:baḥr
PWN:ocean.n.01		tèekú		:te̅ko
PWN:oil.n.01		mâi		
PWN:ointment.n.01		mâi		
PWN:okra.n.02		kubḕwā	
PWN:old.a.01		tsóohóo		
PWN:old_man.n.01		tsóohóo		
PWN:old_woman.n.01		tsóohúwáa		
PWN:old_world_buffalo.n.01		ɓáunáa		
PWN:old_world_vulture.n.01		ùngùlúu		
PWN:olive.n.01		zaituni	
PWN:olive.n.01		zàitúunìi		arb:zaytun
PWN:omen.n.01		ìsháar̃àa		arb:ʔis̆āra
PWN:one-half.n.01		rábìi		
PWN:one.s.01		ɗáyá		
PWN:open.v.01		búuɗèe		
PWN:orange.s.01		mai ruwan lemo	
PWN:order.v.01		yí óodàa		
PWN:order.v.01		ùmúr̃tàa		arb:’amr
PWN:orphan.n.01		màráayàa		
PWN:orphan.n.01		màráinìyáa		
PWN:other.a.01		dàbám		
PWN:oven.n.01		húur̃ùu		fra:four
PWN:oven.n.01		tanda	
PWN:oven.n.01		tanderu	
PWN:oven.n.01		óobìn		eng:oven
PWN:overlord.n.01		mài gídáa		
PWN:owe.v.03		bí		
PWN:owl.n.01		múujìyáa		
PWN:own.v.01		màllákàa		arb:malaka
PWN:ox.n.01		sâa (1)		
PWN:package.n.01		fakiti	
PWN:paddle.n.04		fílàafílíi		
PWN:paddle.n.04		mátúuƙíi		
PWN:padlock.n.01		kwàaɗóo		
PWN:pain.n.03		cíiwòo		
PWN:paint.n.01		féntì		eng:paint
PWN:paint.v.02		záanàa		
PWN:pair.n.01		tágwàayée		
PWN:palm.n.01		tàafín hánnúu		
PWN:palm.n.03		gígínyàa		
PWN:palm.n.03		gòorúbàa		
PWN:pan.n.01		kwáanòo		eng:pan
PWN:paper.n.01		tákàr̃dáa		arb:qartās
PWN:parent.n.01		máhàifáa		
PWN:parent.n.01		íyàayée		
PWN:parrot.n.01		aku	
PWN:parrot.n.01		àkú		arb:ʔàku
PWN:part.n.02		káshìi		
PWN:part.n.03		gútsúrèe		
PWN:partake.v.02		rábàa		
PWN:pasture.n.01		mákíyáayáa		
PWN:path.n.02		hányàa		
PWN:path.n.02		túrbàa		
PWN:pay.v.01		bíyáa		
PWN:peace.n.01		zámán láafíyàa		
PWN:peak.n.04		sámà		arb:samāʔ
PWN:peak.n.04		ƙólóolówáa		
PWN:pen.n.01		àlƙálàmíi		arb:qalam
PWN:penis.n.01		bùuráa		
PWN:penis.n.01		àzzákàr̃íi		arb:δakar
PWN:pepper.n.03		màsóor̃óo		
PWN:perjury.n.01		sháidàr̃ zûr̃		
PWN:permit.v.01		yár̃jèe		
PWN:permit.v.01		ámìncée		
PWN:person.n.01		mùtûm		
PWN:pestle.n.03		táɓáryáa		
PWN:petroleum.n.01		mân féetùr̃		
PWN:photograph.n.01		hoto	
PWN:pick_up.v.02		táttàaráa		
PWN:pick_up.v.02		ɗáukàa		
PWN:pile_up.v.02		táaràa		
PWN:pill.n.02		ƙwàayár̃ máagàníi		
PWN:pillow.n.01		mátáashín kâi		
PWN:pinch.v.01		tsúnkùláa		
PWN:pink.s.01		mai ruwan hoda	
PWN:pipe.n.01		lóofíi		:Unidentifiable
PWN:pitcher.n.02		tùulúu		
PWN:pitchfork.n.01		fôk		eng:fork
PWN:plain.n.01		fíilíi		
PWN:plaintiff.n.01		mài kái ƙáaráa		
PWN:plant.n.02		shúukàa		
PWN:plant.v.01		shúukàa		
PWN:plastic.n.01		filastik	
PWN:plastic.n.01		r̃óobàa		eng:rubber
PWN:plate.n.04		táasàa		arb:tas
PWN:play.v.05		yí wàasáa		
PWN:plot.n.01		máƙár̃ƙáshìyáa		
PWN:plow.v.01		nóomèe		
PWN:plum.n.01		afrikot	
PWN:pocket.n.01		àljíhúu		arb:al + jayb
PWN:poet.n.01		máwàaƙíi		
PWN:poet.n.01		sháa’ìr̃íi		arb:šaʕr
PWN:pointed.a.01		mài tsìiníi		
PWN:poison.n.01		gúbàa		
PWN:pole.n.01		iyakaci	
PWN:police.n.01		ɗán sàndáa		
PWN:poor.a.02		fàkíir̃ìi		arb:faqīr
PWN:poor.a.02		mátsìiyàacíi		
PWN:poor.a.02		mátàlàucíi		
PWN:populate.v.01		zámá		
PWN:position.n.01		wájée		
PWN:position.n.01		wúríi		
PWN:post.n.04		túrkèe		
PWN:postage.n.02		kân sárkíi		
PWN:postcard.n.01		káatìn gáisúwáa		
PWN:pot.n.01		túkúnyáa		
PWN:potato.n.01		dànkálìn násáar̃áa		
PWN:potter.n.01		mài túkwàanée		
PWN:pour.v.01		zúb dà		
PWN:praise.n.01		yàbáa		
PWN:pray.v.01		yí sállàa		
PWN:pray.v.01		yí àddú'àa		
PWN:preach.v.01		yí wá'àzíi		
PWN:precipice.n.01		háyìi		
PWN:pregnant.a.01		dà cíkìi		
PWN:president.n.03		fàr̃zìdân		fra:président
PWN:president.n.03		shùugàbáa		
PWN:press.v.01		dánnàa		
PWN:prevent.v.02		hánàa		
PWN:price.n.02		kúɗíi		
PWN:priest.n.02		fàadáa		eng:father
PWN:prison.n.01		kásòo		fra:cachot
PWN:prison.n.01		kùr̃kúkùu		
PWN:prisoner.n.01		fúr̃súnàa		eng:prisoner
PWN:prisoner.n.01		kàamámmée		
PWN:produce.v.02		yí		
PWN:promise.v.01		yí àlkáwár̃ìi		
PWN:prostitute.n.01		káar̃ùwà		arb:’āhira
PWN:prototype.n.01		prototip	
PWN:proud.a.01		yí tàaƙámáa		
PWN:pubic_hair.n.01		gáashìn gàbáa		
PWN:pubic_hair.n.01		záazáa		:*znzd
PWN:pull.v.01		jáa (1)		
PWN:pump.n.01		famfo	
PWN:punishment.n.01		hòoróo		
PWN:punishment.n.01		húkúncìi		
PWN:purple.s.01		launin jar garura	
PWN:pursue.v.02		bí		
PWN:pursue.v.02		fàafáràa		
PWN:pus.n.02		múgúnyàa		
PWN:push.v.01		túuràa		
PWN:put.v.01		sâa (2)		
PWN:python.n.01		mēsā̀	
PWN:quail.n.02		ɓàrɓárwáa		
PWN:quarrel.n.01		fáɗàa		
PWN:queen.n.02		sàráunìyáa		
PWN:quiet.a.02		mài nàtsúwáa		
PWN:quiet.a.02		shírúu		
PWN:rabbit.n.01		zóomóo		
PWN:radio.n.01		rediyo	
PWN:radio_receiver.n.01		r̃éedíyòo		eng:radio
PWN:raft.n.01		gádón fítôowaa		
PWN:rafter.n.01		jíjjígèe		
PWN:rag.n.01		hánkícì		eng:handkerchief
PWN:rag.n.01		máyáaníi		
PWN:rag.n.01		múshúwàr̃íi		fra:mouchoir
PWN:rag.n.01		tsûmmáa		
PWN:rain.n.01		rúwán sámàa		
PWN:rainbow.n.01		bàkán gízòo		
PWN:raise.v.02		háu		
PWN:raise.v.02		táa dà		
PWN:rake.n.03		másháaríi		
PWN:rake.n.03		r̃àatôo		fra:rateau
PWN:ram.n.05		ràagóo		
PWN:rape.n.03		fyàaɗée		
PWN:rape.n.03		ɓáatàa		
PWN:rapid.s.02		sauri	
PWN:rat.n.01		ɓéer̃áa		
PWN:rattle.n.02		cákìi		
PWN:raw.a.03		ɗányée		
PWN:razor.n.01		reza	
PWN:razor.n.01		r̃éezàa		eng:razor
PWN:razor.n.01		áskáa		
PWN:read.v.01		kár̃àntáa		arb:qiraʔat
PWN:ready.a.01		à shìryé		
PWN:red.s.01		ja	
PWN:red.s.01		jáa (2)		
PWN:refund.v.01		mái dà		
PWN:refuse.v.01		ƙí		
PWN:relative.n.01		dángìi		
PWN:religion.n.02		àdíinìi		arb:dīn
PWN:remainder.n.01		sáuráa		
PWN:remember.v.01		túnàa		
PWN:repent.v.02		túubá		arb:tābā
PWN:representative.n.01		wakili	
PWN:rescue.v.01		cèetáa		
PWN:rest.v.05		húutàa		
PWN:rib.n.02		hàƙárƙàríi		
PWN:rice.n.02		shìnkáafáa		:Unidentifiable
PWN:rich.a.01		mài ár̃zìkíi		
PWN:rich.a.01		táajìr̃íi		arb:taj̆ir
PWN:ride.v.01		háu dóokìi		
PWN:ridge.n.06		jíjjígèe		
PWN:right.r.04		dáamá		
PWN:ring.n.08		zóobèe		
PWN:ripe.a.01		nùuná		
PWN:rise.v.16		táashì		
PWN:river.n.01		kṑgī	
PWN:road.n.01		hányàa		
PWN:rock.n.01		dúutsèe		
PWN:roll.v.14		náɗàa		
PWN:roof.n.01		jínkàa		
PWN:roof.n.01		rúfìi		
PWN:room.n.01		ɗáakìi		
PWN:root.n.01		jíijíyàa		
PWN:root.n.01		sâiwáa		
PWN:rope.n.01		ígíyàa		
PWN:rotten.s.03		rúɓèe		
PWN:rough.a.01		mài káushíi		
PWN:round.a.01		kèewàyáyyée		
PWN:round.a.01		ƙwállóo		
PWN:row.v.01		fílàafílíi		
PWN:rub.v.01		góogèe		
PWN:rub.v.01		sháafèe		
PWN:rub.v.03		sóosàa		
PWN:rudder.n.02		mátúuƙíi		
PWN:rug.n.01		kìlíishíi		knc:kə̀lə́sə́
PWN:run.v.01		gúdù		
PWN:run.v.06		kwàráarà		
PWN:run.v.06		màláalà		
PWN:rush.v.04		yí hánzáríi		
PWN:sacrifice.n.04		sádáukâr̃wáa		
PWN:sail.v.03		táashì		
PWN:saliva.n.01		miyau, yau	
PWN:salt.n.02		gíshíríi		
PWN:salty.s.03		mài gíshír̃íi		
PWN:salty.s.03		mài zártsíi		
PWN:samarium.n.01		samari	
PWN:same.a.01		dúk ɗáyá		
PWN:sand.n.01		yàashíi		
PWN:sand.n.01		ƙásáa		
PWN:sandwich.n.01		sanwici	
PWN:sap.n.01		rúwán bíshíyàa		
PWN:satan.n.01		shaiɗan	
PWN:saturday.n.01		sáatìi		eng:saturday
PWN:saturday.n.01		súbdìi		knc:sə́bdə̀
PWN:saturday.n.01		Àsábàr̃		arb:sabt
PWN:saucer.n.02		táasàa		arb:tas
PWN:savanna.n.01		dáajìi		
PWN:saw.n.02		zár̃tòo		arb:Unidentifiable
PWN:scale.n.10		ƙáayàa		
PWN:scapula.n.01		àllón kàafáaɗàa		
PWN:scar.n.01		tábòo		
PWN:school.n.02		mákár̃ántáa		
PWN:scissors.n.01		almakashi	
PWN:scorpion.n.03		kùnáamàa		
PWN:scrape.v.01		kár̃tàa		
PWN:screw.n.04		bîs		fra:vis
PWN:screw.n.04		ƙúusàa		
PWN:screwdriver.n.01		sùkùndìr̃éebàa		eng:screwdriver
PWN:screwdriver.n.01		tùr̃nàbîs		fra:tournevis
PWN:sculptor.n.01		másàssàƙíi		
PWN:scythe.n.01		làujée		
PWN:sea.n.01		báhàa, báhàr̃		arb:baḥr
PWN:sea.n.01		tèekú		:te̅ko
PWN:seaport.n.01		táshàr̃ jírgín rúwáa		
PWN:search.v.01		bìɗáa		
PWN:search.v.01		nèemáa		
PWN:season.n.02		fásàlíi		arb:fas̝l
PWN:season.n.02		lóokàcíi		knc:lóktù
PWN:second.s.01		ná bíyú		
PWN:secret.s.01		ná àsíir̃íi		arb:ʔas sirr
PWN:see.v.01		gáníi		
PWN:seed.n.02		írìi		knc:jírì
PWN:sell.v.01		sáyár̃ dà		
PWN:send.v.01		àikáa		
PWN:sentence.v.01		hùkúmtàa		
PWN:separate.v.02		rábàa		
PWN:servant.n.01		báràa		
PWN:seven.s.01		bákwài		
PWN:seventy.s.01		sàbà'in	
PWN:sew.v.01		ɗínkàa		
PWN:shadow.n.01		ínúwàa		
PWN:shake.v.01		gír̃gìzáa		
PWN:shake.v.01		zàzzágàa		
PWN:shallow.a.01		máràs zúrfíi		
PWN:shaman.n.01		bōkā	
PWN:shame.n.01		kúnyàa		
PWN:sharp.a.09		mài káifíi		
PWN:shears.n.01		àlmákàshíi		arb:miqaşş
PWN:sheep.n.01		túnkìyáa		
PWN:shelf.n.01		kántàa		eng:counter
PWN:shell.n.10		ƙùmbáa		
PWN:shield.n.02		gàrkúwáa		
PWN:shine.v.02		yí wàlƙíyáa		
PWN:shine.v.02		ƙyálƙyàláa		
PWN:ship.n.01		jírgín rúwáa		
PWN:shirt.n.01		'yár̃ cíkìi		
PWN:shirt.n.01		shât		eng:shirt
PWN:shirt.n.01		tágúwàa		:tak
PWN:shoe.n.01		tàakàlmíi		
PWN:shop.n.01		kàntíi		eng:canteen
PWN:shore.n.01		bàakín ruwaa		
PWN:shore.n.01		gáaɓàa		
PWN:short.a.02		gàjéerée		
PWN:shoulder.n.01		kàafáaɗàa		
PWN:shovel.n.01		fêl		fra:pelle
PWN:shovel.n.01		shéebùr̃		eng:shovel
PWN:shower.n.01		shawa	
PWN:shriek.v.01		yí ƙáaráa		
PWN:shudder.v.02		yí kyár̃máa		
PWN:shudder.v.02		yí kár̃kár̃wàa		
PWN:sibling.n.01		'yár̃ úwáa		
PWN:sibling.n.01		ɗán úwáa		
PWN:side.n.01		géefèe		
PWN:sift.v.02		ráaríyáa		
PWN:sift.v.02		tánkàɗáa		
PWN:silicon.n.01		siliki	
PWN:silk.n.01		sìlíkìi		eng:silk
PWN:silk.n.01		àlhàr̃íníi		arb:ḥarīr
PWN:silver.n.01		azurfa	
PWN:silver.n.01		ázùr̃fáa		arb:as̩-s̩arif
PWN:similar.a.01		kàmár̃		
PWN:simuliidae.n.01		ƙyáashíi		
PWN:sing.v.02		réerà wáaƙàa		
PWN:sink.v.01		nútsàa		
PWN:sink.v.01		tsúndùmáa		
PWN:sister.n.01		'yár̃ úwáa		
PWN:sister.n.01		shak'ik'iya	
PWN:sit_down.v.01		záunàa		
PWN:six.s.01		shídà		
PWN:sixty.s.01		sìttin	
PWN:skin.v.04		ɓáarèe		
PWN:skirt.n.02		fàatàaríi		knc:fàtàlí
PWN:skirt.n.02		jîp		fra:jupe
PWN:skirt.n.02		sìkêt		eng:skirt
PWN:skirt.n.02		tòofíi		
PWN:skull.n.01		kwanyar	
PWN:skull.n.01		kwányáa		
PWN:sky.n.01		sámà		arb:samāʔ
PWN:slash.v.01		sàaráa		
PWN:slave.n.01		báawàa		
PWN:sleep.v.01		yí bárcíi		
PWN:sleep_together.v.01		cí màcè		
PWN:sleep_together.v.01		kwántàa dà màcè		
PWN:sleep_together.v.01		yí jìmmáa'ìi		
PWN:sleep_together.v.01		yí sàadúwáa		
PWN:sling.n.04		májájjáawaa		
PWN:slowly.r.01		sànnú-sànnú		
PWN:small.a.01		ƙàrámíi		
PWN:smell.v.01		jí		
PWN:smell.v.02		jí		
PWN:smile.v.01		yí mùr̃múshíi		
PWN:smoke.n.01		hayaƙi	
PWN:smoke.n.02		háyáaûíi		
PWN:smoke.v.01		sháa táabàa		
PWN:smooth.a.01		mài sántsíi		
PWN:snail.n.01		dòodón kwàɗíi		
PWN:snake.n.01		mácìijíi		
PWN:snap.v.03		yā tsinkḕ	
PWN:sneeze.v.01		yí átìsháa		
PWN:sniff.v.01		shèeƙáa (2)		
PWN:sniff.v.01		shínshìnáa		
PWN:sniff.v.01		sánsànáa		
PWN:snog.v.01		súmbàtáa		
PWN:snore.v.01		yí káakáaríi		
PWN:snore.v.01		yí mínsháaríi		
PWN:snot.n.02		kàakíi		
PWN:snow.n.01		ƙànƙáráa		
PWN:snuff_out.v.02		káshèe		:Unidentifiable
PWN:soap.n.01		sabulu	
PWN:soap.n.01		sàabúlìi		arb:ṣābūn
PWN:soft.a.01		mài láushíi		
PWN:soldier.n.01		sóojàa		eng:soldier
PWN:some.a.01		wású		
PWN:sometimes.r.01		lóokàcí-lóokàcí		
PWN:son.n.01		ɗáa		
PWN:song.n.01		wáaƙàa		
PWN:soon.r.01		jìm kàɗán		
PWN:sore.n.01		ràuníi		
PWN:sore.n.01		ƙúrjíi		
PWN:sorghum.n.01		dáawàa		
PWN:sorghum.n.01		hátsíi		
PWN:soul.n.01		râi		
PWN:soup.n.01		róomóo		
PWN:sour.a.02		mài tsáamíi		
PWN:south.n.03		kúdù		
PWN:sow.n.01		támàcèn àládèe		
PWN:sow.v.01		shúukàa		
PWN:spade.n.02		shéebùr̃		eng:shovel
PWN:speak.v.03		yí màgánàa		
PWN:spear.n.01		máashìi		
PWN:spectacles.n.01		lùuléetì		fra:lunettes
PWN:spectacles.n.01		mádúubíi		
PWN:spectacles.n.01		tàbàráu		
PWN:spider.n.01		gízòo		
PWN:spider.n.01		tàutáu		knc:tàutáu
PWN:spider_web.n.02		sáaƙàr̃ gízòo		
PWN:spin.v.06		káɗàa		
PWN:spinach.n.01		alayyaho	
PWN:spinal_column.n.01		ƙàshín báayáa		
PWN:spindle.n.04		kwárkwáróo		
PWN:spindle.n.04		mázáríi		
PWN:spit.v.01		tóofàa		
PWN:spleen.n.01		sáifàa		
PWN:spoon.n.01		cóokàlíi		:cokkol
PWN:spoon.n.01		ƙòoshíyàa		
PWN:spring.n.01		ráaníi		
PWN:sprinkle.v.02		cáfàa		
PWN:square.n.04		fíilíi		
PWN:squash.n.02		kàbéewàa		
PWN:squat.v.01		tàakúrà		
PWN:squeeze.v.02		mátsàa		
PWN:squirrel.n.01		kùréegée		
PWN:stall.n.01		bàr̃gáa		
PWN:stall.n.01		gárkèe		
PWN:stallion.n.01		íngár̃màa		knc:ngə́rmà
PWN:stand.v.01		táashì		
PWN:star.n.03		tàuràaróo		
PWN:statue.n.01		gúnkìi		
PWN:statue.n.01		mùtûm-mùtùmíi		
PWN:stay.v.04		zámá		
PWN:steal.v.01		sàatáa		
PWN:steam.n.01		tùrùríi		
PWN:stepdaughter.n.01		ágóolìyáa		:agyula
PWN:stepfather.n.01		ùbáa kíntàa		knc:cíntà
PWN:stepmother.n.01		úwáa kíntàa		knc:cíntà
PWN:stepson.n.01		ágòolà		:agyula
PWN:stick.n.01		sàndā	
PWN:stingy.a.01		máròowàcíi		
PWN:stocking.n.01		sàafáa		
PWN:stocking.n.01		sóocì		eng:Unidentifiable
PWN:stomach.n.01		tùmbíi		
PWN:stone.n.02		dutsḕ	
PWN:stool.v.04		yí káashíi		
PWN:storm.n.01		hádàríi		arb:hadar
PWN:stove.n.01		múrhùu		
PWN:straight.a.02		à mìiƙé		
PWN:straight_pin.n.01		fîn		eng:pin
PWN:stranger.n.02		bàaƙóo		
PWN:stream.n.01		kòogíi		
PWN:street.n.01		hányàa		
PWN:street.n.01		tíitìi		yor:títì
PWN:strength.n.01		ƙarfī	
PWN:strike.v.01		búgàa		
PWN:strong.a.01		mài ƙárfíi		
PWN:student.n.01		ɗáalìbíi		arb:t̝ālib
PWN:study.v.05		kár̃àntáa		arb:qiraʔat
PWN:study.v.05		yí názàr̃íi		
PWN:stump.n.01		kútúttúrèe		
PWN:stupid.a.01		wáawáa		
PWN:suck.v.01		láasàa		
PWN:suck.v.01		tsóotsàa		
PWN:sugar.n.01		súkàr̃íi		arb:sukkar
PWN:sugarcane.n.01		ràkée		yor:ireke
PWN:summer.n.01		ráaníi		
PWN:sun.n.01		ráanáa		
PWN:sunday.n.01		Láhádì		arb:ʔah̝ad
PWN:supper.n.01		àbíncín yâmmáa		
PWN:surrender.v.01		báa dà kâi		
PWN:suspect.v.01		tùhúmtàa		arb:tuhma
PWN:swallow.v.01		háɗèe		
PWN:swamp.n.01		fàdámàa		
PWN:swear.v.03		rántsèe		
PWN:sweat.v.01		yí gùmíi		
PWN:sweat.v.01		yí jìɓíi		
PWN:sweat.v.01		yí zúfàa		
PWN:sweep.v.06		yí sháaráa		
PWN:sweet.a.01		mài dáaɗíi		
PWN:sweet.a.01		mài záaƙíi		
PWN:sweet.n.03		alawa	
PWN:sweet.n.03		bàmbô		fra:bonbon
PWN:sweet.n.03		àléewàa		arb:h̝alwa
PWN:sweet_potato.n.02		dànkálìi		arb:dankali
PWN:swelling.n.01		kùmbúríi		
PWN:swim.v.01		yí íyóo		
PWN:swing_around.v.01		wáiwàyáa		
PWN:sword.n.01		tákòobíi		:takoba
PWN:table.n.02		téebùr̃		eng:table
PWN:tail.n.01		wútsíyàa		
PWN:tailor.n.01		máɗìnkíi		
PWN:tailor.n.01		téelà		eng:tailor
PWN:take.v.04		ɗáukàa		
PWN:tall.a.01		dóogóo		
PWN:tan.v.01		jéemàa		
PWN:taste.v.02		ɗánɗànáa		
PWN:tattoo.n.02		jàr̃fáa		
PWN:tattoo.n.02		shâusháawàa		
PWN:tattoo.n.02		tsàagáa		
PWN:tax.n.01		gándúu		:gando
PWN:tax.n.01		hàr̃áajìi		arb:xaraj
PWN:tea.n.01		shayi	
PWN:tea.n.01		sháayìi		arb:s̆āy
PWN:teach.v.01		kóoyár̃ dà		
PWN:teacher.n.01		máalàmíi		knc:málə̀m
PWN:tear.n.01		háwàayée		
PWN:tear.v.01		círèe		
PWN:telephone.n.01		tàr̃hôo		eng:telephone
PWN:telephone.n.01		wáyàa		eng:wire
PWN:television_receiver.n.01		tálàbíjìn		eng:television
PWN:tell.v.03		gáyàa		
PWN:temple.n.01		cóocìi		eng:church
PWN:temple.n.02		kwíɓìi		
PWN:ten.s.01		góomà		:gw-m
PWN:tendon.n.01		jíijíyàa		
PWN:tent.n.01		laima	
PWN:tent.n.01		mài láimàa		arb:xayma
PWN:tent.n.01		tántìi		eng:tent
PWN:termite.n.01		gàráa		
PWN:testis.n.01		góolóo		
PWN:thatch.n.02		jínkáa		
PWN:theory.n.01		nazari	
PWN:there.r.01		cân		
PWN:thick.a.01		mài káuríi		
PWN:thick.a.01		ɓúɓɓúkéekèe		
PWN:thief.n.01		ɓàráawòo		
PWN:thigh.n.01		cínyàa		
PWN:thin.a.01		sìir̃íir̃ìi		
PWN:thing.n.12		àbù		
PWN:think.v.02		yí tsàmmáaníi		
PWN:think.v.03		yí tùnàaníi		
PWN:third.s.01		ná úkù		
PWN:thirst.v.01		jí ƙíshírwáa		
PWN:thirty.s.01		tàlā̀tin	
PWN:thorax.n.02		ƙìrjíi		
PWN:thousand.s.01		dúbúu		
PWN:thrash.v.06		bùusáa		
PWN:thread.n.01		zàrée		
PWN:threaten.v.02		yí bùr̃gáa		
PWN:three.s.01		úkù		
PWN:threshing_floor.n.01		wúrín bùusáa		
PWN:thrice.r.01		sàu úkù		
PWN:throat.n.01		màƙwágwàróo		
PWN:through.r.01		tá		
PWN:thumb.n.01		bàbbán ɗán yátsàa		
PWN:thump.v.03		dòokáa		
PWN:thump.v.03		kùtùfóo		knc:kətəfó
PWN:thunder.n.02		tsáawáa		
PWN:thunderbolt.n.01		tár̃nátsáa		
PWN:thunderbolt.n.01		àr̃áadùu		arb:raʔd
PWN:thursday.n.01		Àlhàmîs		arb:xamīs
PWN:tick.n.02		káskàa		
PWN:tie.v.01		ɗáurèe		
PWN:time.n.01		marra	
PWN:time.n.01		sau	
PWN:time.n.05		lóokàcíi		knc:lóktù
PWN:time.n.05		sáa'àa		arb:sāʕa
PWN:tin_plate.n.01		dár̃màa		
PWN:tin_plate.n.01		gwángwáníi		
PWN:tired.a.01		gàjí		
PWN:tobacco.n.01		taba	
PWN:tobacco.n.01		táabàa		arb:taba
PWN:today.r.02		yâu		arb:yaum
PWN:toe.n.01		ákàifáa		
PWN:toilet.n.01		báayán gídáa		
PWN:tomato.n.01		tumatiri	
PWN:tomorrow.r.01		gòobé		
PWN:tongs.n.01		hàntsákíi		
PWN:tongue.n.01		hárshèe		
PWN:tooth.n.01		hákóoríi		
PWN:torch.n.01		fìtílàa		:fitilla
PWN:touch.v.01		táɓàa		
PWN:towel.n.01		sàr̃béetì		fra:serviette
PWN:towel.n.01		táawùl		eng:towel
PWN:tower.n.01		hàsúumíyàa		arb:’as+s-m-’
PWN:town.n.01		bír̃níi		knc:bə̓rní
PWN:town.n.01		gàríi		
PWN:train.n.01		jirgi	
PWN:train.n.01		jírgín ƙásà		
PWN:transport.v.02		ɗáukàa		
PWN:trap.n.01		tárkòo		
PWN:trap.v.02		káamàa dà tárkòo		
PWN:travel.v.01		jée		
PWN:travel.v.01		tàfí		
PWN:tree.n.01		bishiya	
PWN:tree.n.01		ítàacée		
PWN:trouser.n.01		wàndóo		arb:bantalun
PWN:true.a.01		ná gáskíyáa		
PWN:trunk.n.01		gàngár̃ jìkíi		
PWN:trust.v.01		amince	
PWN:truth.n.01		gàskiyā	
PWN:try.v.01		gwádàa		
PWN:try.v.01		jár̃r̃àbáa		arb:jarraba
PWN:tuesday.n.01		Tàláatà		arb:ӨalaƟʔu
PWN:turn.v.04		máyár̃ dà		
PWN:turtle.n.02		kìfíifíyàa		
PWN:twelve.s.01		shâa bíyú		:belu
PWN:twenty.s.01		àshìr̃ín		arb:ʕašrīn
PWN:twice.r.01		sàu bíyú		
PWN:twin.n.01		tágwàayée		
PWN:twist.v.04		múr̃ɗàa		
PWN:two.s.01		bíyú		:belu
PWN:udder.n.01		hántsàa		
PWN:ugly.a.01		mài múunìi		
PWN:uncle.n.01		kàawúu		ful:kaawu
PWN:uncle.n.01		r̃áafàníi		knc:ráwànyí
PWN:understand.v.01		fàhímtàa		arb:fahima
PWN:understand.v.01		gáanèe		
PWN:undress.v.01		yā tūɓḕ (tufāfī̀)	
PWN:unfold.v.04		shímfìɗáa		
PWN:unfold.v.04		wáatsàa		
PWN:untie.v.01		kwáncèe		
PWN:up.r.01		bisà		
PWN:urine.n.01		fitsarī	
PWN:uterus.n.01		máháifáa		
PWN:vagina.n.01		dúurìi		
PWN:vagina.n.01		fár̃jìi		arb:ʔalfárj̆i
PWN:vagina.n.01		gátòo		
PWN:valley.n.01		kwárìi		
PWN:valley.n.01		ràafíi		
PWN:vegetable.n.01		káayán làmbúu		
PWN:vein.n.01		jījìyā	
PWN:victory.n.01		násár̃àa		arb:naʃr
PWN:village.n.02		ƙáuyèe		
PWN:vine.n.01		ínàbíi		arb:ʕinab
PWN:voice.n.02		múryàa		
PWN:vomit.v.01		yí ámái		
PWN:vulva.n.01		fár̃jìi		arb:ʔalfárj̆i
PWN:wages.n.01		àlbâashíi		arb:< al + maʔa̅s̆
PWN:wagon.n.01		ámálánkée		yor:omon lanke
PWN:waist.n.01		tsátsòo		
PWN:wait.v.01		yā jirā	
PWN:wake_up.v.02		fár̃kàa		
PWN:walk.v.01		tàfí		
PWN:walking_stick.n.01		sàndáa		
PWN:wall.n.01		gàar̃úu		knc:gàrú
PWN:wall.n.01		kátángáa		
PWN:war.n.01		yāƙī̀	
PWN:warm.a.01		mài ɗìmíi		
PWN:wash.v.03		wánkèe		
PWN:wasp.n.02		zànzáróo		
PWN:water.n.06		rúwáa		
PWN:wave.n.01		ràaƙúmín rúwáa		
PWN:wave.n.01		ígíyàr̃ rúwáa		
PWN:weak.a.01		rágóo		
PWN:weapon.n.01		mákáamíi		
PWN:wear.v.09		sâa (2)		
PWN:weather.n.01		yána$yìi		
PWN:weave.v.02		sáaƙàa		
PWN:wednesday.n.01		Láar~ábà (Niger); Làar~àbá (Standard, Nigeria)		arb:lārabá
PWN:week.n.01		máakòo		knc:mágə̀
PWN:week.n.01		sáatíi		eng:saturday
PWN:weigh.v.01		áunàa		arb:wazana
PWN:well.n.01		ríijìyáa		
PWN:west.n.02		yâmmá		
PWN:wet.a.01		mài láimàa		arb:xayma
PWN:wheat.n.01		alkama	
PWN:wheat.n.01		àlkámàa		arb:al-qamh̩
PWN:wheel.n.01		táayàa		eng:tyre
PWN:whirlpool.n.01		gùugúwàa		
PWN:whisper.v.01		ráɗàa		
PWN:whistle.v.03		yí fíitòo		
PWN:white.a.01		fari	
PWN:white.a.01		fáríi		
PWN:wide.a.01		mài fáaɗíi		
PWN:widow.n.01		bàzáwàr̃áa		knc:zówòr
PWN:widower.n.01		gwáuróo		
PWN:wife.n.01		màatáa		
PWN:wife.n.01		màatáa		
PWN:wife.n.01		ámáríyáa		
PWN:wild_boar.n.01		gàdúu		
PWN:wind.n.01		ískàa		
PWN:wind.v.03		náɗèe		
PWN:wind.v.03		ƙúnsàa		
PWN:window.n.01		táagàa		arb:tāqa
PWN:wine.n.01		gíyàa		arb:giʕa
PWN:wine.n.01		ínàbíi		arb:ʕinab
PWN:wing.n.01		fíffíkèe		
PWN:winter.n.01		hùntúur̃ùu		
PWN:winter.n.01		mài ɗáaríi		
PWN:wipe.v.01		sháafèe		
PWN:wise.a.01		dáttíijòo		ful:ndottiijo
PWN:wise.a.01		másàníi		
PWN:withdraw.v.01		gúdù		
PWN:withdraw.v.01		jáa báayáa		
PWN:withdraw.v.01		tséerèe		
PWN:witness.n.01		shâidáa		arb:šahīd
PWN:woman.n.01		màcè		
PWN:wood.n.01		ítàacée		
PWN:wool.n.02		úulù		eng:wool
PWN:word.n.01		kálmàa		arb:kalma
PWN:work.n.01		áikìi		
PWN:workshop.n.01		má’áikátáa		
PWN:world.n.02		dúuníyàa		arb:dunya
PWN:worm.n.01		tsúutsàa		
PWN:worship.v.02		bâutáa		
PWN:worship.v.02		yí ìbáadàa		
PWN:wrinkled.a.01		dúƙúnƙùnée		
PWN:wrist.n.01		wúyàn hánnúu		
PWN:write.v.02		r̃úbùutáa		arb:rubuʕ
PWN:yam.n.04		dùndúu		
PWN:yawn.v.01		yí hámmàa		
PWN:year.n.01		shèeƙáràa, shèekáràa		
PWN:yellow.s.01		rawaya	
PWN:yellow.s.01		ràawáyàa		
PWN:yesterday.r.01		jíyà		
PWN:yoke.n.05		bàutáa		
PWN:yoke.n.05		kángíi		
PWN:young.a.01		yáaròo		
PWN:young_buck.n.01		mátàashíi		
PWN:zero.s.01		sífìr̃íi		arb:ṣifr
