id	style	word
PLX:1PL EXCL.pro		ni sen vi
PLX:1PL INCL.pro		ni ĉiuj
PLX:1PL POSS.pro		nia
PLX:1PL.pro		ni
PLX:1SG POSS.pro		mia
PLX:1SG.pro		mi
PLX:2PL POSS.pro		via
PLX:2PL.pro		vi
PLX:2PL.pro		vi ĉiuj
PLX:2SG POSS.pro		cia
PLX:2SG POSS.pro		via
PLX:2SG.pro		ci
PLX:2SG.pro		vi
PLX:3PL POSS.pro		ilia
PLX:3PL.pro		ili
PLX:3SG F POSS.pro		ŝia
PLX:3SG F.pro		ŝi
PLX:3SG INAN.pro		ĝi
PLX:3SG M POSS.pro		lia
PLX:3SG M.pro		li
PLX:3SG POSS.pro		lia
PLX:3SG POSS.pro		ĝia
PLX:3SG POSS.pro		ŝia
PLX:3SG.pro		li
PLX:3SG.pro		ĝi
PLX:3SG.pro		ŝi
PLX:PASS.v		esti -ta
PLX:about.pp		pri
PLX:about.pp		pri
PLX:above.pp		super
PLX:across.pp		trans
PLX:after.pp		post
PLX:and.cnj		kaj
PLX:anyone.pro		iu ajn
PLX:anything.pro		io ajn
PLX:around.pp		ĉirkaŭ
PLX:at.pp		en
PLX:at.pp		sur
PLX:at.pp		ĉe
PLX:because of.pp		kaŭze de
PLX:because of.pp		pro
PLX:because.cnj		ĉar
PLX:before.pp		antaŭ
PLX:behind.pp		malantaŭ
PLX:between.pp		inter
PLX:beyond.pp		preter
PLX:bon voyage.int		bonan vojaĝon
PLX:but.cnj		sed
PLX:by means of.pp		per
PLX:can.v		povi
PLX:during.pp		dum
PLX:everyone.pro		ĉiuj
PLX:everything.pro		ĉio
PLX:except for.pp		krom
PLX:for the purpose of.pp		por
PLX:from.pp		de
PLX:from.pp		el
PLX:from.pp		pro
PLX:head hair.n		hararo
PLX:hello.int		saluton!
PLX:hello.int		saluton!
PLX:hello.int		saluton!
PLX:how many.pro		kiom?
PLX:how.pro		kiel
PLX:how.pro		kiel aŭ kiom
PLX:how.pro		kiel?
PLX:if.cnj		se
PLX:in exchange for.pp		kontraŭ
PLX:in exchange for.pp		por
PLX:in front of.pp		antaŭ
PLX:in.pp		en
PLX:instead of.pp		anstataŭ
PLX:like.pp		simila al
PLX:near.pp		proksime al
PLX:of.pp		de
PLX:oganesson.n		oganesono
PLX:on.pp		sur
PLX:one.pro		oni
PLX:or.cnj		aŭ
PLX:other.pro		alia
PLX:outside of.pp		ekster
PLX:quantity of.pp		da
PLX:ramen.n		rameno
PLX:should.v		devus
PLX:someone.pro		iu persono
PLX:tennessine.n		teneso
PLX:than.pp		kiel
PLX:than.pp		ol
PLX:thanks.int		dankon
PLX:that.cnj		ke
PLX:that.pro		tiu
PLX:this.pro		ĉi tiu
PLX:through.pp		tra
PLX:to.pp		al
PLX:to.pp		por
PLX:to.pp		ĝis
PLX:too little.adv		maltro
PLX:too little.adv		nesufiĉe
PLX:under.pp		sub
PLX:welcome.int		bonvenon!
PLX:what.pro		kio
PLX:what.pro		kio?
PLX:what.pro		kiu
PLX:when.pro		kiam
PLX:when.pro		kiam?
PLX:where.pro		kie
PLX:where.pro		kie?
PLX:where.pro		kien
PLX:which.pro		kiu
PLX:who.pro		kiu?
PLX:why.pro		kial
PLX:with.pp		kun
PLX:without.pp		sen
PLX:yes.ptcl		jes
PWN:abdomen.n.01		abdomeno
PWN:ability.n.01		kapablo
PWN:ability.n.01		povo
PWN:about.r.07		preskaŭ
PWN:abrasion.n.01		grataĵo
PWN:absent.a.01		forestanta
PWN:absent.a.01		mankanta
PWN:absorb.v.04		sorbi
PWN:abuse.n.02		insulto
PWN:abuse.n.02		ofendo
PWN:accept.v.02		akcepti
PWN:accident.n.01		akcidento
PWN:accident.n.01		hazardo
PWN:account.n.07		konto
PWN:accurate.s.02		ekzakta
PWN:accurate.s.02		preciza
PWN:acid.s.03		acida
PWN:act.n.02		ago
PWN:act.n.02		faro
PWN:actinium.n.01		aktinio
PWN:action.n.01		agado
PWN:active.a.07		agema
PWN:actor.n.01		aktorino
PWN:actor.n.01		aktoro
PWN:ad.n.01		reklamaĵo
PWN:ad.n.01		reklamo
PWN:add.v.01		adicii
PWN:add.v.01		aldoni
PWN:address.n.03		adreso
PWN:address.n.06		adreso
PWN:address.n.06		poŝtadreso
PWN:adhere.v.06		algluiĝi
PWN:admire.v.01		admiri
PWN:adult.n.01		plenkreskulo
PWN:adultery.n.01		malfideleco
PWN:advancement.n.03		progreso
PWN:advice.n.01		konsilo
PWN:afternoon.n.01		postagmezo
PWN:again.r.01		denove
PWN:again.r.01		ree
PWN:again.r.01		refoje
PWN:again.r.01		ripete
PWN:age.n.01		aĝo
PWN:agency.n.01		buroo
PWN:agency.n.01		instanco
PWN:agree.v.01		konsenti
PWN:agronomy.n.01		agronomio
PWN:aid.n.02		helpo
PWN:aim.v.01		celi
PWN:aim.v.01		montri
PWN:air.n.01		aero
PWN:airplane.n.01		aeroplano
PWN:airplane.n.01		aviadilo
PWN:airport.n.01		flughaveno
PWN:alcohol.n.01		alkoholaĵo
PWN:alcohol.n.01		alkoholo
PWN:alcoholic.a.01		alkohola
PWN:alga.n.01		algo
PWN:alike.a.01		simila
PWN:alive.a.01		viva
PWN:alive.a.01		vivanta
PWN:alkaline.a.01		alkala
PWN:alkaline.a.01		alkaleca
PWN:all.a.01		ĉiuj
PWN:allergy.n.01		alergio
PWN:allophone.n.01		alofono
PWN:alphabet.n.01		aboco
PWN:alphabet.n.01		alfabeto
PWN:already.r.01		jam
PWN:altar.n.02		altaro
PWN:alternate.v.01		alterni
PWN:aluminum.n.01		aluminio
PWN:always.r.01		ĉiam
PWN:always.r.01		ĉiame
PWN:amazon.n.03		Amazono
PWN:ambassador.n.01		ambasadoro
PWN:ambassador.n.01		ambasedestro
PWN:american.n.03		amerika
PWN:american_football.n.01		usona piedpilkado
PWN:american_football.n.01		usona piedpilkludo
PWN:americium.n.01		americio
PWN:amusing.s.02		amuza
PWN:amusing.s.02		komika
PWN:anal.a.01		anusa
PWN:analyze.v.01		ekzameni
PWN:analyze.v.01		inspekti
PWN:analyze.v.01		kontroli
PWN:anchor.n.01		ankro
PWN:angel.n.01		anĝelo
PWN:angle.n.01		angulo
PWN:angry.a.01		kolera
PWN:animal.n.01		animalo
PWN:animal.n.01		besto
PWN:announce.v.01		anonci
PWN:anode.n.01		anodo
PWN:anode.n.01		anodo
PWN:anonymous.a.01		sennoma
PWN:answer.v.01		respondi
PWN:answer.v.01		respondo
PWN:ant.n.01		formiko
PWN:anus.n.01		anuso
PWN:any.s.01		ajna
PWN:any.s.01		iu ajn
PWN:apart.r.01		aparte
PWN:apart.r.01		dise
PWN:aperture.n.02		aperturo
PWN:apple.n.01		pomo
PWN:approve.v.01		aprobi
PWN:approve.v.01		aprobo
PWN:april.n.01		aprilo
PWN:apron.n.01		antaŭtuko
PWN:arachnophobia.n.01		araneofobio
PWN:arch.n.01		arkaĵo
PWN:area.n.01		regiono
PWN:argon.n.01		argono
PWN:arm.n.01		brako
PWN:army.n.01		armeo
PWN:arrive.v.01		alveni
PWN:arrive.v.01		veni
PWN:arrow.n.02		sago
PWN:arsenic.n.02		arseno
PWN:art.n.02		arto
PWN:article.n.01		artikolo
PWN:article.n.01		eseo
PWN:artificial.a.01		artefarita
PWN:artificial.a.01		homfarita
PWN:artist.n.01		artisto
PWN:ash.n.01		cindro
PWN:asia.n.01		Azio
PWN:asian.n.01		azia
PWN:ask.v.01		demandi
PWN:aslant.s.01		dekliva
PWN:aslant.s.01		klina
PWN:asparagus.n.01		asparago
PWN:assume.v.01		supozi
PWN:astronaut.n.01		astronaŭto
PWN:astronaut.n.01		kosmonaŭto
PWN:astronomer.n.01		astronomo
PWN:at_least.r.02		almenaŭ
PWN:at_most.r.01		ne pli ol
PWN:at_most.r.01		nur
PWN:atheist.n.01		ateisto
PWN:atom.n.01		atomo
PWN:attack.v.01		agreso
PWN:attack.v.01		ataki
PWN:attack.v.01		atako
PWN:attention.n.01		atento
PWN:attentive.a.01		atenta
PWN:attentive.a.01		lerta
PWN:attract.v.01		allogi
PWN:attract.v.01		altiri
PWN:attribute.n.02		eco
PWN:attribute.n.02		kvalito
PWN:august.n.01		aŭgusto
PWN:aunt.n.01		onklino
PWN:australia.n.01		Aŭstralio
PWN:authority.n.01		aŭtoritateco
PWN:automatic.a.01		aŭtomata
PWN:auxiliary.s.01		helpa
PWN:auxiliary.s.01		kroma
PWN:avaricious.s.01		avara
PWN:avaricious.s.01		avida
PWN:avocado.n.01		avokado
PWN:avoid.v.01		eviti
PWN:awake.a.01		konscia
PWN:awake.a.01		maldormanta
PWN:awareness.n.01		scio
PWN:away.r.01		for
PWN:ax.n.01		hakilo
PWN:axis.n.06		akso
PWN:baby.n.01		bebo
PWN:back.n.01		dorso
PWN:back.r.01		reen
PWN:back.r.01		reire
PWN:back.r.01		revene
PWN:back.r.02		malantaŭen
PWN:bad.a.01		malbona
PWN:bag.n.01		sako
PWN:baggage.n.01		pakaĵo
PWN:bahaism.n.01		bahaismo
PWN:bake.v.02		baki
PWN:baker.n.01		bakisto
PWN:bakery.n.01		bakejo
PWN:balance.n.01		ekvilibro
PWN:ball.n.01		pilko
PWN:ball.n.01		pilko
PWN:ball.n.08		bulo
PWN:balloon.n.01		balono
PWN:bamboo.n.01		bambuo
PWN:banana.n.02		banano
PWN:bandage.n.01		bandaĝo
PWN:bandage.n.01		vindo
PWN:banker.n.01		bankisto
PWN:bantam.s.01		eta
PWN:bantam.s.01		malgrandega
PWN:baobab.n.01		baobabo
PWN:bar.n.03		stango
PWN:bare.s.01		nuda
PWN:bare.s.01		senkovra
PWN:barium.n.01		bario
PWN:barrel.n.02		barelo
PWN:barricade.v.01		bari
PWN:barrier.n.01		barilo
PWN:barrier.n.01		baro
PWN:barroom.n.01		drinkejo
PWN:barroom.n.01		trinkejo
PWN:base.n.14		bazo
PWN:baseball.n.01		basbalo
PWN:baseball.n.01		basbalpilko
PWN:basement.n.01		kelo
PWN:basket.n.01		korbo
PWN:basketball.n.01		korbopilko
PWN:batch.n.03		fornpleno
PWN:batch.n.03		kolekto
PWN:bathe.v.01		bana
PWN:bathrobe.n.01		banmantelo
PWN:bathrobe.n.01		ĥalato
PWN:bathroom.n.01		banĉambro
PWN:battery.n.02		baterio
PWN:battery.n.02		pilo
PWN:bay.n.01		golfo
PWN:be.v.01		esti
PWN:be.v.11		vivi
PWN:beach.n.01		plaĝo
PWN:beach.n.01		strando
PWN:bean.n.01		fazeolo
PWN:bear.n.01		urso
PWN:beard.n.01		barbo
PWN:beat.v.03		batadi
PWN:beautiful.a.01		bela
PWN:become.v.01		iĝi
PWN:bed.n.01		lito
PWN:bee.n.01		abelo
PWN:beer.n.01		biero
PWN:beginning.n.04		deveno
PWN:beginning.n.04		fonto
PWN:beginning.n.04		origino
PWN:behavior.n.01		konduto
PWN:believe.v.01		kreda
PWN:believe.v.01		kredi
PWN:bell.n.01		sonorilo
PWN:beloved.s.01		kara
PWN:belt.n.02		zono
PWN:bench.n.01		benko
PWN:bended.s.01		kurbigita
PWN:bended.s.01		malrekta
PWN:berkelium.n.01		berkelio
PWN:berry.n.01		bero
PWN:beryllium.n.01		berilio
PWN:besides.r.02		ankaŭ
PWN:bespeak.v.01		indiki
PWN:bible.n.01		Biblio
PWN:biblical.a.01		biblia
PWN:bicycle.n.01		biciklo
PWN:bilingual.s.01		dulingva
PWN:bill.n.02		fakturo
PWN:billiards.n.01		bilardo
PWN:biology.n.01		biologio
PWN:birch.n.02		betulo
PWN:bird.n.01		birdo
PWN:birth.n.01		nasko
PWN:birth.n.02		naskiĝo
PWN:birth.n.02		nasko
PWN:birthday.n.02		naskiĝtago
PWN:birthplace.n.01		naskiĝejo
PWN:bismuth.n.01		bismuto
PWN:bison.n.01		bizono
PWN:bite.v.01		mordi
PWN:bitter.s.06		amara
PWN:black.a.01		nigra
PWN:blade.n.09		klingo
PWN:blame.v.01		kulpigi
PWN:blanket.n.01		kovrilo
PWN:blemish.n.01		makulo
PWN:blend.v.03		miksi
PWN:bless.v.01		beni
PWN:bless.v.01		gratuli
PWN:block.n.01		bloko
PWN:blood.n.01		sango
PWN:blow.n.01		bato
PWN:blow.n.01		frapo
PWN:blow.v.01		blovi
PWN:blue.s.01		blua
PWN:bluish_green.s.01		cejana
PWN:board.n.02		tabulo
PWN:boat.n.01		boato
PWN:bobbin.n.01		bobeno
PWN:body.n.01		korpo
PWN:body_hair.n.01		haro
PWN:bohrium.n.01		borio
PWN:boil.v.01		boli
PWN:boil.v.01		boligi
PWN:bolshevik.n.02		bolŝeviko
PWN:bolshevik.n.02		bolŝeviko
PWN:bolshevism.n.01		bolŝevismo
PWN:bomb.n.01		bombo
PWN:bone.n.01		osto
PWN:book.n.01		libro
PWN:bookcase.n.01		libroŝranko
PWN:boomerang.n.01		bumerango
PWN:boring.s.01		enuiga
PWN:boring.s.01		teda
PWN:boron.n.01		boro
PWN:borrow.v.01		prunti
PWN:bottle.n.01		botelo
PWN:bottom.n.01		malsupro
PWN:bounce.v.01		resalti
PWN:boundary.n.02		limo
PWN:bow.n.04		pafarko
PWN:bowl.n.01		bovlo
PWN:bowl.n.01		plado
PWN:box.n.01		kartono
PWN:box.n.01		kesto
PWN:box.n.01		skatolo
PWN:box.n.01		kesto
PWN:box.n.01		skatolo
PWN:boxing.n.01		bokso
PWN:brain.n.01		cerbo
PWN:brainless.s.01		sencerba
PWN:brainsick.s.01		freneza
PWN:brake.v.02		bremsilo
PWN:branch.n.01		branĉo
PWN:brass.n.01		latuno
PWN:bread.n.01		pano
PWN:break.v.42		frakasi
PWN:break.v.42		rompi
PWN:break.v.42		rompiĝi
PWN:breast.n.02		mamo
PWN:breathe.v.01		spiri
PWN:brick.n.01		briko
PWN:bridge.n.01		ponto
PWN:brief.s.01		mallonga
PWN:brief.s.01		mallongdaŭra
PWN:bright.a.01		brila
PWN:bright.a.01		hela
PWN:bright.a.01		luma
PWN:bring.v.01		alporti
PWN:bring.v.01		kunporti
PWN:bring.v.01		kunpreni
PWN:bring.v.01		venigi
PWN:bring.v.04		reporti
PWN:broccoli.n.01		brokolo
PWN:bromine.n.01		bromo
PWN:broom.n.01		balailo
PWN:brother.n.01		frato
PWN:brow.n.01		frunto
PWN:brown.s.01		bruna
PWN:brush.n.02		broso
PWN:brush.n.02		broŝilo
PWN:brush.v.04		balai
PWN:bucket.n.01		sitelo
PWN:bud.n.01		burĝono
PWN:buddha.n.01		Budho
PWN:buddhism.n.01		budhismo
PWN:buddhist.n.01		budhisto
PWN:building.n.01		konstruaĵo
PWN:bulge.n.01		tubero
PWN:bulge.n.01		ŝvelaĵo
PWN:bullet.n.01		kuglo
PWN:bundle.n.02		fasko
PWN:bundle.n.02		pako
PWN:burn.v.01		bruli
PWN:burn.v.01		bruligi
PWN:burst.v.01		krevi
PWN:bus.n.01		aŭtobuso
PWN:bus.n.01		buso
PWN:bus.n.01		buso {colloquial}
PWN:business.n.01		komerco
PWN:bustle.n.01		agado
PWN:bustle.n.01		aktiveco
PWN:busy.s.04		okupata
PWN:butter.n.01		butero
PWN:butterfly.n.01		papilio
PWN:buttocks.n.01		gluteo
PWN:buttocks.n.01		kulo
PWN:button.n.01		butono
PWN:buy.v.01		aĉeti
PWN:cabbage.n.01		brasiko
PWN:cable.n.02		kablo
PWN:cadaver.n.01		kadavro
PWN:cadmium.n.01		kadmio
PWN:cafe.n.01		kafejo
PWN:caftan.n.02		kaftano
PWN:cage.n.01		kaĝo
PWN:calcium.n.01		kalcio
PWN:calculate.v.01		kalkuli
PWN:calendar_month.n.01		monato
PWN:californium.n.01		kaliforniumo
PWN:call.v.05		alvoki
PWN:call.v.05		voki
PWN:camel.n.01		kamelo
PWN:camp.n.03		bivakejo
PWN:camp.n.03		kampadejo
PWN:camp.n.03		tendumejo
PWN:can.n.01		ladskatolo
PWN:canal.n.03		kanalo
PWN:candle.n.01		kandelo
PWN:cannon.n.01		kanono
PWN:cannon.n.01		pafilego
PWN:canoe.n.01		kanoto
PWN:canoe.n.01		kanuo
PWN:cap.n.01		ĉapo
PWN:cap.n.02		botelfermilo
PWN:capitulation.n.03		cedo
PWN:capitulation.n.03		rezigno
PWN:caprice.n.01		kaprico
PWN:capsicum.n.01		kapsiko
PWN:car.n.01		aŭto
PWN:car.n.01		aŭto {colloquial}
PWN:car.n.01		aŭtomobilo
PWN:car.n.01		ĉaro
PWN:carbon.n.01		karbono
PWN:card.n.04		karto
PWN:carrot.n.01		karoto
PWN:cashew.n.01		akaĵuo
PWN:cat.n.01		kato
PWN:catastrophe.n.02		katastrofo
PWN:catch.v.04		kapti
PWN:caterpillar.n.01		raŭpo
PWN:cathode.n.01		katodo
PWN:cathode.n.01		katodo
PWN:cattle.n.01		bovo
PWN:cauliflower.n.01		florbrasiko
PWN:cause.n.01		kialo
PWN:cause.v.01		kaŭzi
PWN:caution.n.01		prudento
PWN:caution.n.01		singardo
PWN:cave.n.01		groto
PWN:cave.n.01		kaverno
PWN:ceiling.n.01		plafono
PWN:celebrated.s.01		fama
PWN:celebrated.s.01		famekonata
PWN:celestial_body.n.01		astro
PWN:cellular_telephone.n.01		poŝtelefono
PWN:cemetery.n.01		tombejo
PWN:cemetery.n.01		tombejo
PWN:center.n.01		centro
PWN:center.n.01		mezo
PWN:century.n.01		centjaro
PWN:century.n.01		jarcento
PWN:cerebral.a.02		cerba
PWN:cerium.n.01		cerio
PWN:certain.a.04		certa
PWN:cesium.n.01		cezio
PWN:chain.n.01		ĉeno
PWN:chain.n.03		ĉeno
PWN:chair.n.01		seĝo
PWN:chalk.n.01		kreto
PWN:change.v.01		aliigi
PWN:change.v.01		ŝanĝi
PWN:change.v.03		varii
PWN:change.v.03		ŝanĝi
PWN:change.v.03		ŝanĝiĝi
PWN:changeless.s.02		konstanta
PWN:changeless.s.02		nevarianta
PWN:changeless.s.02		stabila
PWN:chapter.n.01		ĉapitro
PWN:chart.n.01		diagramo
PWN:cheap.a.01		malkara
PWN:cheap.a.01		malmultekosta
PWN:check.n.01		ĉeko
PWN:cheek.n.01		vango
PWN:cheese.n.01		fromaĝo
PWN:cheetah.n.01		gepardo
PWN:chemical.n.01		kemiaĵo
PWN:chemical_element.n.01		elemento
PWN:cherry.n.03		ĉerizo
PWN:chess.n.02		ŝako
PWN:chestnut.n.02		kaŝtano
PWN:chew_the_fat.v.01		babili
PWN:chicken.n.02		koko
PWN:chief.s.01		ĉefa
PWN:child.n.01		infano
PWN:chimney.n.01		fumtubo
PWN:chimney.n.01		kamentubo
PWN:chimpanzee.n.01		ĉimpanzo
PWN:chin.n.01		mentono
PWN:china.n.01		Ĉinio
PWN:chinchilla.n.03		ĉinĉilo
PWN:chlorine.n.01		kloro
PWN:chocolate.n.02		ĉokolado
PWN:choose.v.01		elekti
PWN:choose.v.01		selekti
PWN:christmas.n.01		kristnasko
PWN:chromium.n.01		kromo
PWN:chrysanthemum.n.01		krizantemo
PWN:church.n.02		preĝejo
PWN:cigarette.n.01		cigaredo
PWN:circle.n.01		cirklo
PWN:civilization.n.01		civilizacio
PWN:civilization.n.01		civilizo
PWN:claim.n.01		aserto
PWN:class.n.01		kategorio
PWN:class.n.01		klasado
PWN:clay.n.01		argilo
PWN:clean.a.01		neta
PWN:clean.a.01		pura
PWN:clean.v.01		purigi
PWN:clear.a.01		evidenta
PWN:clear.a.01		klara
PWN:clemency.n.02		kompato
PWN:cliff.n.01		klifo
PWN:cliff.n.01		krutaĵo
PWN:climb.v.01		grimpi
PWN:clock.n.01		horloĝo
PWN:close.s.12		malloza
PWN:close.s.12		strikta
PWN:cloud.n.02		nubo
PWN:club.n.02		asocio
PWN:club.n.02		klubo
PWN:club.n.03		bastonego
PWN:coal.n.01		terkarbo
PWN:coat.n.01		mantelo
PWN:coat.n.01		palto
PWN:cobalt.n.01		kobalto
PWN:cockroach.n.01		blato
PWN:code.n.02		kodo
PWN:code.n.02		ĉifro
PWN:coffee.n.01		kafo
PWN:coil.n.01		volvaĵo
PWN:coin.n.01		monero
PWN:cold.a.01		frida
PWN:cold.a.01		malvarma
PWN:cold.n.01		malvarmumo
PWN:collaborate.v.01		kunlabori
PWN:collar.n.01		kolumo
PWN:collective.a.02		kolekta
PWN:color.n.01		koloro
PWN:comb.n.01		kombo
PWN:comedy.n.01		komedio
PWN:comfort.n.01		komforto
PWN:command.n.01		komando
PWN:command.n.01		ordono
PWN:commercial_enterprise.n.02		negoco
PWN:commiseration.n.01		kompati
PWN:committee.n.01		komisiono
PWN:committee.n.01		komitato
PWN:committee.n.01		komiteo
PWN:common.a.01		komuna
PWN:communication.n.01		(inter)komunikado
PWN:communication.n.01		komunikaĵo
PWN:community.n.01		komunumo
PWN:company.n.01		kompanio
PWN:compare.v.01		kompari
PWN:compassion.n.01		kompato
PWN:compete.v.01		konkurenci
PWN:complex.a.01		kompleksa
PWN:complex.a.01		komplika
PWN:complex.a.01		malsimpla
PWN:compromise.n.01		kompromiso
PWN:computer.n.01		komputero
PWN:computer.n.01		komputilo {variants: komputero; komputoro}
PWN:concede.v.01		konfesi
PWN:concern.n.02		zorgo
PWN:condition.n.01		kondiĉo
PWN:condition.n.01		stato
PWN:cone.n.01		konuso
PWN:cone.n.02		konuso
PWN:connection.n.06		ĉenero
PWN:conscious.a.02		konscia
PWN:consequence.n.01		rezulto
PWN:consequence.n.01		sekvo
PWN:consist.v.04		konsisti el
PWN:consonant.n.01		konsonanto
PWN:construct.v.01		konstrui
PWN:consume.v.05		elĉerpi
PWN:consume.v.05		konsumi
PWN:container.n.01		entenilo
PWN:container.n.01		ujo
PWN:container.n.01		vazo
PWN:contend.v.06		barakti
PWN:contend.v.06		batali
PWN:contend.v.06		batalo
PWN:contend.v.06		lukti
PWN:contend.v.06		militi
PWN:contend.v.06		milito
PWN:continue.v.01		daŭrigi
PWN:continue.v.01		daŭriĝi
PWN:continue.v.03		konservi
PWN:contract.n.01		kontrakto
PWN:control.v.01		regi
PWN:cook.v.03		kuiri
PWN:cool.a.01		malvarmeta
PWN:copper.n.01		kupro
PWN:copy.n.02		ekzemplero
PWN:copy.n.02		kopio
PWN:coriander.n.01		koriandro
PWN:cork.n.01		korko
PWN:corn.n.01		maizo
PWN:corner.n.03		angulo
PWN:corpulent.s.01		grasa
PWN:correct.a.01		ĝusta
PWN:cotton.n.02		kotono
PWN:cotton.n.03		kotono
PWN:count.v.01		nombri
PWN:countryside.n.01		kamparo
PWN:couple.n.04		duopo
PWN:courage.n.01		kuraĝo
PWN:court.n.01		jurejo
PWN:court.n.01		tribunalo
PWN:cover.v.01		kovrilo
PWN:cover.v.05		esti pri
PWN:cow.n.01		bovo
PWN:crack.n.01		fendo
PWN:crawl.v.01		rampi
PWN:cream.n.02		kremo
PWN:credit.n.05		kredito
PWN:crime.n.01		krimo
PWN:crisis.n.01		krizo
PWN:crisscross.n.01		kruco
PWN:crow.n.01		korvo
PWN:cry.v.02		plori
PWN:cube.n.01		kubo
PWN:cuckoo.n.02		kukolo
PWN:cucumber.n.02		kukumo
PWN:culture.n.06		kulturo
PWN:cumin.n.01		kumino
PWN:cup.n.01		taso
PWN:cupboard.n.01		ŝranko
PWN:curium.n.01		kuriumo
PWN:curse.v.03		malbeni
PWN:curtain.n.01		kurteno
PWN:curve.n.01		kurbo
PWN:cut.v.01		tranĉi
PWN:cycle.n.01		ciklo
PWN:cylinder.n.01		cilindro
PWN:dance.v.02		danci
PWN:dancing.n.01		danco
PWN:dancing.n.01		danco
PWN:danger.n.01		danĝero
PWN:dark.a.01		malhela
PWN:data.n.01		datumo
PWN:database.n.01		datumbanko
PWN:date.n.01		dato
PWN:date.n.08		daktilo
PWN:daughter.n.01		filino
PWN:day.n.01		tago
PWN:day.n.05		periodo de 24 horoj
PWN:day.n.05		tagnokto
PWN:day.n.05		tago
PWN:dead.a.01		morta
PWN:dead.a.01		mortinta
PWN:debt.n.01		ŝuldo
PWN:december.n.01		decembro
PWN:decide.v.01		decidi
PWN:decompose.v.03		putri
PWN:decoration.n.01		dekoraĵo
PWN:decoration.n.01		ornamaĵo
PWN:decrease.v.01		malplimultigi
PWN:deep.a.03		profunda
PWN:deer.n.01		cervo
PWN:defect.n.03		difekto
PWN:defect.n.03		malperfektaĵo
PWN:defense.n.01		defendo
PWN:degree.n.01		grado
PWN:degree.n.01		kiomo
PWN:deity.n.01		dio
PWN:delay.v.01		malakceli
PWN:delay.v.01		malrapidigi
PWN:delay.v.01		prokrasti
PWN:delicate.s.03		delikata
PWN:delicate.s.03		malfortika
PWN:delicate.s.03		rompema
PWN:delightful.s.01		bongusta
PWN:democracy.n.01		demokratio
PWN:democratic.s.03		populara
PWN:demography.n.01		demografio
PWN:demonic.s.01		demona
PWN:demonic.s.01		diabla
PWN:dense.s.03		densa
PWN:density.n.01		denseco
PWN:dent.n.03		kaveto
PWN:dentist.n.01		dentisto
PWN:deny.v.04		nei
PWN:depend.v.01		dependi de
PWN:depository_financial_institution.n.01		banko
PWN:depth.n.01		profundeco
PWN:describe.v.01		priskribi
PWN:desert.n.01		dezerto
PWN:deserve.v.01		meriti
PWN:desire.v.01		deziri
PWN:desire.v.01		voli
PWN:desk.n.01		skribtablo
PWN:despair.v.01		senesperi
PWN:destroy.v.01		detrui
PWN:destroy.v.01		malkrei
PWN:detail.n.01		detal(aĵ)o
PWN:detect.v.01		observi
PWN:detect.v.01		rimarki
PWN:devil.n.02		demono
PWN:devil.n.02		diablo
PWN:diagonal.s.01		oblikva
PWN:dial.n.01		ciferplato
PWN:dichotomy.n.01		diĥotomio
PWN:dictator.n.02		diktatoro
PWN:dictator.n.02		tirano
PWN:dictionary.n.01		vortaro
PWN:die.n.01		ĵetkubo
PWN:die.v.01		morti
PWN:different.a.01		malsama
PWN:different.a.01		malsimila
PWN:difficult.a.01		malfacila
PWN:dig.v.01		fosi
PWN:dinner.n.01		vespermanĝo
PWN:dinosaur.n.01		dinosaŭro
PWN:direct.a.01		rekta
PWN:direct.a.01		senpera
PWN:direction.n.01		celo
PWN:direction.n.01		direkto
PWN:direction.n.02		direkto
PWN:dirty.a.01		malpura
PWN:disappointment.n.01		malkontentiĝo
PWN:disappointment.n.01		seniluziiĝo
PWN:disbeliever.n.01		malkredulo
PWN:discontinue.v.01		ĉesi
PWN:discontinue.v.01		ĉesigi
PWN:discourse.v.01		(pri)diskuti
PWN:disease.n.01		malsano
PWN:dish.n.01		plado
PWN:disk.n.01		disko
PWN:disperse.v.02		disigi
PWN:disregard.n.01		apatio
PWN:disregard.n.01		neglekto
PWN:dissolve.v.08		solvi
PWN:dissolve.v.08		solviĝi
PWN:distance.n.03		distanco
PWN:distance.n.03		interspaco
PWN:distinguish.v.01		distingi (inter)
PWN:ditch.n.01		fluejo
PWN:ditch.n.01		kanalo
PWN:divide.v.02		dividi
PWN:divine.s.01		dia
PWN:doctor.n.01		doktoro
PWN:doctor.n.01		kuracisto
PWN:doctrine.n.01		ismo
PWN:document.n.01		dokumento
PWN:dog.n.01		hundo
PWN:doll.n.01		pupo
PWN:dollar.n.01		dolaro
PWN:dolphin.n.02		delfeno
PWN:dome.n.01		kupolo
PWN:domestic_ass.n.01		azeno
PWN:doubt.n.01		dubo
PWN:doubt.v.02		dubi
PWN:down.r.01		malsupren
PWN:down.r.01		sob {rare}
PWN:drag.v.01		treni
PWN:dragon.n.01		drako
PWN:drain.n.03		drenilo
PWN:draw.n.04		loto
PWN:drawing.n.02		bildo
PWN:drawing.n.02		desegnaĵo
PWN:dream.n.01		sonĝo
PWN:dress.n.01		robo
PWN:drill.n.01		borilo
PWN:drink.v.01		trinki
PWN:drive.v.01		konduki
PWN:drive.v.01		peli
PWN:drive.v.15		peli
PWN:drop.n.01		guto
PWN:drown.v.03		droni
PWN:drum.n.01		tamburo
PWN:dry.a.01		seka
PWN:dubnium.n.01		dubnio
PWN:duck.n.01		anaso
PWN:dull.a.09		malakra
PWN:dull.a.09		malakuta
PWN:durable.s.02		fortika
PWN:duration.n.01		daŭro
PWN:dust.n.01		polvo
PWN:duty.n.01		religio
PWN:duty.n.01		respondeco
PWN:dysprosium.n.01		disprozio
PWN:each.s.01		ĉiu
PWN:ear.n.01		orelo
PWN:early.r.03		antaŭmatura
PWN:early.r.03		frua
PWN:early.r.03		frue
PWN:earthquake.n.01		tertremo
PWN:east.n.01		oriento
PWN:eat.v.01		manĝi
PWN:eat.v.01		trinki
PWN:eclipse.n.01		eklipso
PWN:economical.s.03		ŝparema
PWN:edge.n.01		rando
PWN:egg.n.01		ovo
PWN:eggplant.n.01		melongeno
PWN:egypt.n.01		Egipto
PWN:eight.s.01		8
PWN:eight.s.01		ok
PWN:einsteinium.n.01		ejnŝtejnio
PWN:elastic.a.01		elasta
PWN:elbow.n.01		kubuto
PWN:elect.v.01		elekti
PWN:electric.a.01		elektra
PWN:electricity.n.01		elektro
PWN:electron.n.01		elektrono
PWN:elementary.s.01		facila
PWN:elephant.n.01		elefanto
PWN:elevator.n.01		lifto
PWN:ellipse.n.01		elipso
PWN:ellipse.n.01		ovalo
PWN:elm.n.01		ulmo
PWN:embarrassment.n.01		embaraso
PWN:emit.v.02		eligi
PWN:empire.n.02		imperio
PWN:empty.a.01		malplena
PWN:end.n.03		fino
PWN:end.v.01		fini
PWN:end.v.01		finiĝi
PWN:endowment.n.01		talento
PWN:enemy.n.01		malamulo
PWN:enemy.n.02		malamiko
PWN:energy.n.01		energio
PWN:enough.r.01		sufiĉa
PWN:enough.r.01		sufiĉe
PWN:enter.v.01		eniri
PWN:enter.v.01		enveni
PWN:enthusiasm.n.01		entuziasmo
PWN:envelope.n.01		kuverto
PWN:environment.n.01		naturo
PWN:environment.n.02		medio
PWN:environment.n.02		ĉirkaŭaĵo
PWN:equal.a.01		egala
PWN:erbium.n.01		erbio
PWN:escape.v.01		eskapi
PWN:escape.v.01		fuĝi
PWN:esperanto.n.01		Esperanto
PWN:estimate.v.01		diveni
PWN:estimate.v.01		konjekti
PWN:ethnic_group.n.01		etnaro
PWN:ethnic_group.n.01		gento
PWN:ethnic_group.n.01		popolo
PWN:etymology.n.02		etimologio
PWN:euro.n.01		eŭro
PWN:european.n.01		Eŭropa
PWN:europium.n.01		eŭropio
PWN:evaluate.v.02		juĝi
PWN:evaluate.v.02		prijuĝi
PWN:evaporate.v.01		vaporiĝi
PWN:even.a.03		ebena
PWN:evening.n.01		vespero
PWN:ever.r.01		iam
PWN:evil.a.01		malbon(eg)a
PWN:example.n.01		ekzemplo
PWN:example.n.01		specimeno
PWN:exchange.v.01		interŝanĝi
PWN:exclude.v.01		ekskludi
PWN:exercise.n.03		ekzerc(ad)o
PWN:exist.v.01		ekzisti
PWN:exit.n.01		elirejo
PWN:exit.v.01		foriri
PWN:exit.v.01		forlasi
PWN:exit.v.01		lasi
PWN:expand.v.01		kreski
PWN:expect.v.01		antaŭsupozi
PWN:expect.v.01		antaŭvidi
PWN:expel.v.01		forpeli
PWN:expensive.a.01		kara
PWN:expensive.a.01		multekosta
PWN:experience.v.01		sperti
PWN:experiment.n.01		eksperimento
PWN:explode.v.01		eksplodi
PWN:explosion.n.01		eksplodo
PWN:extend.v.04		proponi
PWN:exuberate.v.01		celebri
PWN:exuberate.v.01		festi
PWN:eye.n.01		okulo
PWN:fabric.n.01		tolo
PWN:fabrication.n.01		fabelo
PWN:fabrication.n.01		mito
PWN:face.n.01		vizaĝo
PWN:fact.n.01		fakto
PWN:factory.n.01		fabriko
PWN:fail.v.01		malsukcesi
PWN:fair.a.01		justa
PWN:fairy.n.01		feo
PWN:fall.n.01		aŭtuno
PWN:false.a.01		falsa
PWN:false.a.01		malvera
PWN:family.n.02		familio
PWN:fan.n.01		ventumilo
PWN:far.a.01		malproksima
PWN:far.r.02		dista
PWN:far.r.02		fora
PWN:far.r.02		malproksima
PWN:farm.n.01		farmo
PWN:fat.n.01		graso
PWN:fat.s.05		fekunda
PWN:father.n.01		patro
PWN:fatherland.n.01		patrujo
PWN:faulty.s.02		erara
PWN:faulty.s.02		malĝusta
PWN:fear.n.01		timi
PWN:feather.n.01		plumo
PWN:february.n.01		februaro
PWN:fecal_matter.n.01		fekaĵo
PWN:fecal_matter.n.01		feko
PWN:fecal_matter.n.01		merdo
PWN:feel.v.03		sensi
PWN:feel.v.09		senti
PWN:feign.v.01		preteksti
PWN:feign.v.01		ŝajnigi
PWN:female.a.01		ino
PWN:female.n.01		ino
PWN:female.s.03		ina
PWN:female.s.03		virina
PWN:female_child.n.01		knabino
PWN:fence.n.01		barilo
PWN:fermium.n.01		fermio
PWN:fetus.n.01		feto
PWN:fever.n.01		febro
PWN:few.a.01		kelkaj
PWN:few.a.01		malmultaj
PWN:fiction.n.01		fikcio
PWN:field.n.01		kampo
PWN:field_hockey.n.01		hokeo
PWN:fig.n.02		figo
PWN:file.n.01		dosiero
PWN:file.n.01		rikordaro
PWN:file.n.04		fajlo
PWN:film.n.04		tavolo
PWN:finally.r.01		finfine
PWN:finally.r.01		forestonte
PWN:finally.r.01		postlonge
PWN:find.v.03		trovi
PWN:finger.n.01		fingro
PWN:finish.n.04		celo
PWN:finish.n.04		destino
PWN:fire.n.01		fajro
PWN:fireplace.n.01		kameno
PWN:fish.n.01		fiŝo
PWN:fist.n.01		pugno
PWN:five.s.01		5
PWN:five.s.01		kvin
PWN:flag.n.01		flago
PWN:flat.s.01		plata
PWN:flavorer.n.01		spico
PWN:flax.n.02		lino
PWN:fleeting.s.01		momenta
PWN:flesh.n.01		karno
PWN:flexible.a.02		fleksebla
PWN:flexible.a.02		nerigida
PWN:float.v.01		flosi
PWN:float.v.01		vagi
PWN:flood.n.01		inundo
PWN:floor.n.01		planko
PWN:flour.n.01		faruno
PWN:flow.n.01		fluo
PWN:flow.v.01		flui
PWN:flower.n.02		floro
PWN:fluid.s.02		fluema
PWN:fluid.s.02		malviskoza
PWN:fluorine.n.01		fluoro
PWN:fly.n.01		muŝo
PWN:fly.v.01		flugi
PWN:foam.n.01		ŝaŭmo
PWN:fog.n.01		nebulo
PWN:fold.v.01		faldi
PWN:folk.n.01		popolo
PWN:following.s.02		posta
PWN:following.s.02		sekvanta
PWN:food.n.02		manĝaĵo
PWN:food.n.02		nutraĵo
PWN:foolish.a.01		malsaĝa
PWN:foolish.a.01		stulta
PWN:foot.n.01		piedo
PWN:football.n.01		piedpilko
PWN:footing.n.02		bazo
PWN:footing.n.02		fundamento
PWN:forbid.v.01		malpermesi
PWN:force.n.02		forto
PWN:forest.n.01		arbaro
PWN:forest.n.01		forsto
PWN:forget.v.02		forgesi
PWN:forgive.v.01		pardoni
PWN:fork.n.01		forko
PWN:form.n.03		formacio
PWN:forward.r.01		antaŭe(-n)
PWN:four.s.01		4
PWN:four.s.01		kvar
PWN:fox.n.01		vulpo
PWN:framework.n.03		kadro
PWN:francium.n.01		franciumo
PWN:free.a.01		libera
PWN:freedom.n.01		libereco
PWN:freeze.v.02		frosti
PWN:freeze.v.02		glaciiĝi
PWN:frequency.n.01		ofteco
PWN:frequently.r.01		ofte
PWN:fresh.a.01		freŝa
PWN:fresh.s.08		mallaca
PWN:fresh.s.08		vigla
PWN:friday.n.01		vendredo
PWN:friend.n.01		amiko
PWN:friendship.n.01		amikeco
PWN:frog.n.01		rano
PWN:front.n.01		antaŭo
PWN:fruit.n.01		frukto
PWN:fuel.n.01		brulaĵo
PWN:full.a.01		plena
PWN:function.n.01		funkcio
PWN:function.n.03		rolo
PWN:fundamental_law.n.01		statuto
PWN:furniture.n.01		mebloj
PWN:future.n.01		estonteco
PWN:future.n.01		oso
PWN:gadolinium.n.01		gadolinio
PWN:galaxy.n.03		galaksio
PWN:gallium.n.01		galiumo
PWN:game.n.01		ludo
PWN:game.n.02		matĉo
PWN:game.n.02		partio
PWN:garden.n.01		ĝardeno
PWN:garlic.n.01		ajlo
PWN:garment.n.01		vestaĵo
PWN:gas.n.01		gaso
PWN:gasoline.n.01		benzino
PWN:gate.n.01		pordo
PWN:gather.v.01		kolekti
PWN:gather.v.01		kunigi
PWN:gather.v.01		kunvenigi
PWN:gear.n.01		dentradaro
PWN:gel.n.01		ĝelo
PWN:gene.n.01		geno
PWN:generator.n.03		aŭtoro
PWN:generous.a.01		malavara
PWN:gentle.s.01		afabla
PWN:gentle.s.01		milda
PWN:germanium.n.01		germaniumo
PWN:gesticulate.v.01		gestadi
PWN:gesticulate.v.01		gesti
PWN:gesture.n.02		gesto
PWN:get.v.01		akiri
PWN:get.v.11		ekkapti
PWN:get.v.11		kapti
PWN:get_down.v.07		komenci
PWN:get_down.v.07		komenciĝi
PWN:ghost.n.03		spirito
PWN:giant_panda.n.01		pando
PWN:gift.n.01		donaco
PWN:gild.v.01		orumi
PWN:ginger.n.01		zingibro
PWN:ginseng.n.01		ginsengo
PWN:giraffe.n.01		ĝirafo
PWN:girl.n.01		knabino
PWN:give.v.01		doni
PWN:glass.n.01		vitro
PWN:global.s.01		tera
PWN:glove.n.02		ganto
PWN:glowworm.n.01		lampiro
PWN:glue.n.01		gluo
PWN:goal.n.01		golo
PWN:goat.n.01		kapro
PWN:gold.n.03		oro
PWN:good.a.01		bona
PWN:goose.n.01		ansero
PWN:gospel.n.01		evangelio
PWN:gourd.n.03		kukurbo
PWN:govern.v.03		regi
PWN:government.n.01		regado
PWN:government.n.01		registaro
PWN:gradual.a.01		grada
PWN:gradual.a.01		iompostioma
PWN:gradual.a.01		laŭgrada
PWN:grain.n.08		cerealo
PWN:grain.n.08		greno
PWN:gram.n.01		gramo
PWN:grammar.n.01		gramatiko
PWN:grandfather.n.01		avo
PWN:grandma.n.01		avino
PWN:grape.n.01		vinbero
PWN:grass.n.01		graminoj
PWN:grass.n.01		herbo
PWN:grasshopper.n.01		akrido
PWN:grasshopper.n.01		grilo
PWN:grasshopper.n.01		lokusto
PWN:grateful.a.01		danka
PWN:grave.n.02		enterigi
PWN:grave.n.02		tombo
PWN:gravity.n.01		gravito
PWN:gravity.n.01		pezoforto
PWN:greasy.s.02		grasa
PWN:greece.n.01		Grekio
PWN:green.s.01		verda
PWN:greet.v.01		saluti
PWN:grey.s.01		griza
PWN:grind.v.05		grinci
PWN:grind.v.05		mueli
PWN:groove.n.01		sulko
PWN:group.n.01		grupo
PWN:grow.v.03		kreski
PWN:guarantee.n.01		garantio
PWN:guard.v.01		gardi
PWN:guilty.a.01		kulpa
PWN:guitar.n.01		gitaro
PWN:gun.n.01		pafilo
PWN:gunpowder.n.01		pulvo
PWN:guru.n.03		guruo
PWN:guru.n.03		instruisto
PWN:gymnastics.n.01		gimnastiko
PWN:habit.n.01		kutimo
PWN:hafnium.n.01		hafnio
PWN:hail.n.01		hajlo
PWN:hair.n.01		haro
PWN:half.s.01		duono
PWN:hammer.n.02		martelo
PWN:hammock.n.02		hamako
PWN:hand.n.01		mano
PWN:handle.n.01		anso
PWN:handle.n.01		tenilo
PWN:hang.v.01		pendi
PWN:hang.v.01		pendiĝi
PWN:happen.v.01		okazi
PWN:happy.a.01		feliĉa
PWN:hard.a.03		dura
PWN:hard.a.03		malmola
PWN:hare.n.01		leporo
PWN:hark_back.v.01		reiri
PWN:hark_back.v.01		reveni
PWN:hark_back.v.01		revenigi
PWN:harmony.n.03		harmonio
PWN:harness.n.01		jungilaro
PWN:hassium.n.01		hasio
PWN:hat.n.01		ĉapelo
PWN:hate.v.01		malami
PWN:have.v.01		havi
PWN:have.v.01		posedi
PWN:head.n.01		kapo
PWN:head.n.04		estro
PWN:head.n.04		ĉefulo
PWN:head_covering.n.01		vualo
PWN:healthy.a.01		sana
PWN:hear.v.01		aŭdi
PWN:hear.v.01		aŭskulti
PWN:heart.n.02		koro
PWN:heat.n.01		varmo
PWN:heaven.n.02		ĉielo
PWN:heavy.a.01		peza
PWN:heel.n.02		kalkano
PWN:height.n.01		alteco
PWN:helium.n.01		helio
PWN:helix.n.01		helico
PWN:hell.n.04		inferno
PWN:helmet.n.02		kasko
PWN:help.v.01		helpi
PWN:here.r.01		ĉi tie
PWN:here.r.01		ĉi tien
PWN:hermit.n.02		ermito
PWN:hero.n.01		heroo
PWN:heroic.s.03		heroa
PWN:hesitate.v.02		heziti
PWN:hesitate.v.02		paŭzi
PWN:hiccup.n.01		singulto
PWN:hide.n.02		haŭto
PWN:hide.v.01		kaŝi
PWN:hill.n.01		monteto
PWN:hinduism.n.01		hinduismo
PWN:hinge.n.01		ĉarniro
PWN:hip.n.01		kokso
PWN:hippopotamus.n.01		hipopotamo
PWN:history.n.01		historio
PWN:history.n.02		historio
PWN:hit.v.02		bati
PWN:hoe.n.01		sarkilo
PWN:hog.n.03		porko
PWN:hold.v.02		teni
PWN:hole.n.01		truo
PWN:hollow.a.01		kava
PWN:holmium.n.01		holmio
PWN:hologram.n.01		hologrammi
PWN:hologram.n.01		kokokuva
PWN:holography.n.01		holografia
PWN:holy.a.01		sankta
PWN:homo.n.02		homo
PWN:honey.n.01		mielo
PWN:honor.v.01		rekompenci
PWN:hook.n.05		hoko
PWN:hope.n.02		esperi
PWN:hope.v.02		esperi
PWN:hopeless.a.01		senespera
PWN:horizontal.a.01		horizontala
PWN:horn.n.01		korno
PWN:horn.n.01		latuninstrumento
PWN:horn.n.02		korno
PWN:horse.n.01		ĉevalo
PWN:hospital.n.01		hospitalo
PWN:hospital.n.01		malsanulejo
PWN:hot.a.01		varmega
PWN:hotel.n.01		gastejo
PWN:hotel.n.01		hotelo
PWN:hour.n.01		horo
PWN:house.n.01		domo
PWN:house.n.01		hejmo
PWN:house.n.01		loĝejo
PWN:huge.s.01		enorma
PWN:huge.s.01		grandega
PWN:humane.s.03		humana
PWN:humanism.n.02		homismo
PWN:hundred.s.01		cent
PWN:hunt.v.01		ĉasi
PWN:husband.n.01		edzo
PWN:hydrogen.n.01		hidrogeno
PWN:ice.n.01		glacio
PWN:ice_cream.n.01		glaciaĵo
PWN:idea.n.01		ideo
PWN:idea.n.01		koncepto
PWN:identical.s.01		identa
PWN:identical.s.01		similanta
PWN:identify.v.06		identigi
PWN:igloo.n.01		iglo
PWN:ill.a.01		malsana
PWN:imagine.v.01		bildigi (al si)
PWN:imagine.v.01		fantaci
PWN:imagine.v.01		imagi
PWN:imitate.v.01		imiti
PWN:impermanent.a.01		malkonstanta
PWN:impermanent.a.01		portempa
PWN:impermanent.a.01		provizora
PWN:important.a.01		grava
PWN:inclination.n.01		emo
PWN:inclination.n.01		tendenco
PWN:incorporate.v.02		enhavi
PWN:increase.v.01		plimultigi
PWN:independent.a.01		sendependa
PWN:india.n.01		Baratio
PWN:indicate.v.02		montri
PWN:indicate.v.02		vidigi
PWN:indium.n.01		indio
PWN:individual.n.02		individuo
PWN:individual.n.02		unuopulo
PWN:influenza.n.01		gripo
PWN:information.n.01		datenoj
PWN:information.n.01		informoj
PWN:injure.v.01		damaĝi
PWN:injure.v.01		difekti
PWN:injure.v.01		vundi
PWN:ink.n.01		inko
PWN:inner.s.01		interna
PWN:innocent.a.01		senkulpa
PWN:insect.n.01		insekto
PWN:insurance.n.01		asekuro
PWN:intelligent.a.01		inteligenta
PWN:intend.v.01		intenci
PWN:interest.n.01		intereso
PWN:interfere.v.01		malhelpi
PWN:international.a.01		internacia
PWN:internet.n.01		reto
PWN:intestine.n.01		intesto
PWN:intolerable.a.01		netolerebla
PWN:intoxicated.a.01		ebria
PWN:invent.v.01		elfari
PWN:invent.v.01		inventi
PWN:invent.v.01		krei
PWN:inverted.s.01		inversa
PWN:invest.v.01		investi
PWN:invite.v.02		inviti
PWN:iodine.n.01		jodo
PWN:iridium.n.01		iridio
PWN:iris.n.02		iriso
PWN:iron.n.01		fero
PWN:irregular.a.01		foja
PWN:irregular.a.01		laŭokaza
PWN:irregular.a.01		neregula
PWN:irregular.a.01		sporada
PWN:islam.n.01		islamo
PWN:island.n.01		insulo
PWN:issue.n.02		numero
PWN:jacket.n.01		jako
PWN:jade.n.01		jado
PWN:january.n.01		januaro
PWN:japanese.a.01		japana
PWN:jar.n.01		kruĉo
PWN:jar.n.01		poto
PWN:jasmine.n.01		jasmeno
PWN:jealousy.n.01		envio
PWN:jealousy.n.01		ĵaluzo
PWN:jean.n.01		ĝinzo
PWN:jelly.n.03		gelateno
PWN:jelly.n.03		ĝelo
PWN:jersey.n.03		T-ĉemizo
PWN:jersey.n.03		to-ĉemizo
PWN:jesus.n.01		Jesuo
PWN:jesus.n.01		kristo
PWN:jewel.n.01		gemo
PWN:jewel.n.01		ĵuvelo
PWN:job.n.02		tasko
PWN:joint.n.05		jungo
PWN:joint.n.05		konekto
PWN:joint.n.05		kunligiĝo
PWN:joint.n.05		ligo
PWN:journey.n.01		vojaĝi
PWN:journey.n.01		vojaĝo
PWN:judge.n.01		juĝisto
PWN:judge.v.01		juĝi
PWN:judo.n.01		ĵudo
PWN:juice.n.01		suko
PWN:jujutsu.n.01		ĵuĵicuo
PWN:july.n.01		julio
PWN:jump.v.01		salti
PWN:june.n.01		junio
PWN:jury.n.01		ĵurio
PWN:just.a.01		justa
PWN:justice.n.01		justeco
PWN:kangaroo.n.01		kangaro
PWN:karate.n.01		karateo
PWN:keep.v.03		reteni
PWN:kelp.n.01		fuko
PWN:kettle.n.01		bolkruĉo
PWN:key.n.01		ŝlosilo
PWN:kick.v.01		piedbati
PWN:kidney.n.01		reno
PWN:kill.v.01		mortigi
PWN:kind.n.01		speco
PWN:king.n.01		reĝo
PWN:knee.n.01		genuo
PWN:knife.n.01		tranĉilo
PWN:knife.v.01		piki
PWN:knob.n.02		tubero
PWN:knock.v.06		kritiki
PWN:knot.n.02		nodo
PWN:know.v.01		scii
PWN:know.v.02		scii kiel
PWN:know.v.02		scipovi
PWN:know.v.04		koni
PWN:krypton.n.01		kriptono
PWN:label.n.01		etikedo
PWN:ladder.n.01		ŝtupetaro
PWN:lagoon.n.01		laguno
PWN:lake.n.01		lago
PWN:lamp.n.01		lampo
PWN:land.n.04		tero
PWN:language.n.01		lingvo
PWN:language.n.01		sistemo de komunikado
PWN:large.a.01		granda
PWN:last.a.02		fina
PWN:last.a.02		lasta
PWN:last.v.01		daŭri
PWN:last.v.01		dum
PWN:late.r.01		malfrua
PWN:late.r.01		malfrue
PWN:laugh.v.01		ridi
PWN:law.n.01		lego
PWN:law.n.01		leĝo
PWN:lawrencium.n.01		laŭrencio
PWN:layer.n.01		tavolo
PWN:lead.n.02		plumbo
PWN:lead.v.01		gvidi
PWN:lead.v.01		konduki
PWN:leader.n.01		estro
PWN:leaf.n.01		folio
PWN:learn.v.01		ekscii
PWN:learn.v.01		informiĝi
PWN:learn.v.01		lerni
PWN:least.a.01		malplej (multe) (da)
PWN:least.r.01		malplej
PWN:least.r.01		malplejmulte
PWN:leather.n.01		ledo
PWN:leave.v.01		eliri
PWN:left.r.01		liva {rare}
PWN:left.r.01		maldekstra
PWN:leg.n.02		gambo
PWN:leg.n.02		kruro
PWN:lemon.n.01		citrono
PWN:lend.v.02		prunti
PWN:length.n.01		longeco
PWN:lens.n.01		lenso
PWN:lentil.n.01		lento
PWN:less.a.01		malpli (multe) (da)
PWN:less.a.01		malplimulto
PWN:less.r.01		malpli
PWN:less.r.01		malplimulte
PWN:let_go_of.v.01		ellasi
PWN:let_go_of.v.01		liberigi
PWN:letter.n.01		letero
PWN:lettuce.n.02		laktuko
PWN:lever.n.01		levstango
PWN:library.n.01		librejo
PWN:library.n.05		biblioteko
PWN:licorice.n.01		lakrico
PWN:lid.n.02		kovrilo
PWN:lie.v.02		kuŝi
PWN:lie.v.05		mensogi
PWN:light.a.01		malpeza
PWN:light.n.01		lumo
PWN:lightning.n.01		fulmo
PWN:like.v.02		ĝui
PWN:like.v.02		ŝati
PWN:line.n.04		linio
PWN:linguistics.n.01		lingvistiko
PWN:link.n.02		rilato
PWN:lion.n.01		leono
PWN:lip.n.01		lipo
PWN:liquid.n.01		likvaĵo
PWN:list.n.01		listo
PWN:liter.n.01		litro
PWN:lithium.n.01		litio
PWN:little.a.02		iomete (da)
PWN:little.r.01		malmulte
PWN:liver.n.01		hepato
PWN:living_thing.n.01		vivaĵo
PWN:lizard.n.01		lacerto
PWN:load.n.01		ŝarĝo
PWN:lobster.n.02		omaro
PWN:lock.n.01		seruro
PWN:loft.n.02		subtegmento
PWN:logic.n.01		logiko
PWN:loin.n.02		lumbo
PWN:lonely.s.02		soleca
PWN:long.a.02		longa
PWN:long.r.01		longa
PWN:long.r.01		longdaŭra
PWN:long_ago.r.01		antaŭlonge
PWN:look.v.01		rigardi
PWN:look.v.02		ŝajni
PWN:loom.n.01		teksilo
PWN:loop.n.02		cirkvito
PWN:loop.n.02		maŝo
PWN:loose.a.03		loza
PWN:loose.a.03		malstrikta
PWN:loose.s.08		malstreĉita
PWN:lose.v.01		perdi
PWN:lottery.n.02		loterio
PWN:loud.a.01		laŭta
PWN:love.v.03		ami
PWN:lover.n.01		amanto
PWN:loyal.a.01		fidela
PWN:loyal.a.01		lojala
PWN:luck.n.02		hazardo
PWN:lunch.n.01		tagmanĝo
PWN:lung.n.01		pulmo
PWN:lutetium.n.01		lutecio
PWN:machine.n.01		maŝino
PWN:mafia.n.01		mafio
PWN:magazine.n.01		gazeto
PWN:magazine.n.01		magazino
PWN:magazine.n.01		revuo
PWN:magic.n.01		magio
PWN:magic.n.01		sorĉarto
PWN:magnesium.n.01		magnezio
PWN:magnet.n.01		magneto
PWN:mail.v.01		enpoŝtigi
PWN:majority.n.01		majoritato
PWN:majority.n.01		plimulto
PWN:majority.n.01		pliparto
PWN:make.v.01		fari
PWN:make.v.03		estigi
PWN:make.v.03		krei
PWN:make.v.16		fari
PWN:make.v.49		pisi
PWN:make.v.49		urini
PWN:male.s.03		vira
PWN:male_child.n.01		knabo
PWN:mammal.n.01		mamulo
PWN:man.n.01		viro
PWN:mandarin.n.01		mandarino
PWN:manganese.n.01		mangano
PWN:mantis.n.01		manto
PWN:many.a.01		multaj
PWN:many.a.01		multe
PWN:map.n.01		mapo
PWN:maple.n.02		acero
PWN:march.n.01		marto
PWN:marijuana.n.01		kanabo
PWN:marijuana.n.01		mariĥuano
PWN:marketplace.n.02		bazaro
PWN:marketplace.n.02		merkato
PWN:marriage.n.01		edzeco
PWN:marriage.n.01		geedzeco
PWN:mast.n.01		masto
PWN:match.n.01		alumeto
PWN:match.n.09		egal(aĵ)o
PWN:matter.n.03		materio
PWN:maximally.r.01		plej
PWN:may.n.01		majo
PWN:mayor.n.01		urbestro
PWN:mean.v.03		signifi
PWN:meandering.s.01		serpentanta
PWN:meandering.s.01		serpentuma
PWN:meaning.n.01		signifo
PWN:measure.n.02		kvanto
PWN:measure.v.01		mezuri
PWN:medicate.v.02		kuraci
PWN:medicate.v.02		sanigi
PWN:medicine.n.01		medicino
PWN:medicine.n.02		medikamento
PWN:meet.v.09		renkonti
PWN:meitnerium.n.01		mejtnerio
PWN:melt.v.01		fandi
PWN:melt.v.01		fandiĝi
PWN:member.n.01		ano
PWN:member.n.01		membro
PWN:memory.n.01		memoro
PWN:merely.r.01		sole
PWN:message.n.01		komunikaĵo
PWN:message.n.01		mesaĝo
PWN:metallic_element.n.01		metalo
PWN:meter.n.01		metro
PWN:method.n.01		maniero
PWN:method.n.01		metodo
PWN:microbe.n.01		mikrobo
PWN:microbiology.n.01		mikrobiologio
PWN:microorganism.n.01		mikrobo
PWN:microscope.n.01		mikroskopo
PWN:midnight.n.01		noktmezo
PWN:midnight.n.01		noktomezo
PWN:migration.n.01		migrado
PWN:military.a.01		milita
PWN:milk.n.01		lakto
PWN:mill.n.04		muelejo
PWN:million.s.01		miliono
PWN:mind.n.01		menso
PWN:mineral.n.01		mineralo
PWN:minister.n.02		ministro
PWN:minority.n.02		malplimulto
PWN:minority.n.02		malpliparto
PWN:minority.n.02		minoritato
PWN:mint.n.02		mento
PWN:minute.n.01		minuto
PWN:miracle.n.01		miraklo
PWN:mirror.n.01		spegulo
PWN:misplace.v.01		misloki
PWN:miss.n.03		fraŭlino
PWN:miss.v.05		maltrafi
PWN:miss.v.06		malhavi
PWN:miss.v.06		manki
PWN:mister.n.01		sinjoro
PWN:mole.n.06		talpo
PWN:molecule.n.01		molekulo
PWN:molybdenum.n.01		molibdeno
PWN:moment.n.01		momento
PWN:monday.n.01		lundo
PWN:money.n.01		mono
PWN:monism.n.01		monismo
PWN:monkey.n.01		simio
PWN:moon.n.01		luno
PWN:more.a.01		pli
PWN:more.a.01		pli (multaj)
PWN:more.a.01		pli (multe da)
PWN:more.a.02		pli
PWN:more.a.02		plimulte
PWN:morning.n.01		antaŭtagmezo
PWN:morning.n.01		mateno
PWN:morning_glory.n.01		ipomeo
PWN:mosquito.n.01		moskito
PWN:most.a.01		la plejmulto
PWN:most.a.01		la plejparto
PWN:most.a.01		la plimulto
PWN:most.a.01		la pliparto
PWN:most.r.01		plej
PWN:most.r.01		plejmulte
PWN:mother.n.01		patrino
PWN:motor.n.01		motoro
PWN:motorcycle.n.01		motorciklo
PWN:mountain.n.01		monto
PWN:mouse.n.01		muso
PWN:mouse.n.01		muso aŭ rato
PWN:mouth.n.01		buŝo
PWN:movie.n.01		kino
PWN:movie.n.01		kinofilmo
PWN:mrs.n.01		sinjorino
PWN:much.a.01		multe (da)
PWN:much.a.01		multo
PWN:mud.n.01		koto
PWN:multilingual.a.01		multlingva
PWN:multiply.v.01		multipliki
PWN:multiply.v.01		obligi
PWN:muscle.n.01		muskolo
PWN:mushroom.n.05		fungo
PWN:music.n.01		muziko
PWN:musician.n.01		muzikisto
PWN:mustard.n.01		mustardo
PWN:mystery.n.01		mistero
PWN:nail.n.01		ungo
PWN:nail.n.02		najlo
PWN:name.n.01		nomo
PWN:narcotic.n.01		drogo
PWN:narrative.n.01		rakonto
PWN:narrative.n.01		raporto
PWN:narrow.a.01		mallarĝa
PWN:narrow.a.01		malvasta
PWN:native.a.01		denaska
PWN:native.a.01		indiĝena
PWN:nature.n.03		naturo
PWN:navel.n.01		umbiliko
PWN:near.a.01		proksima
PWN:near.r.01		proksima
PWN:necessary.a.01		bezonata
PWN:necessary.a.01		necesa
PWN:neck.n.01		kolo
PWN:neck.n.01		nuko
PWN:necktie.n.01		kravato
PWN:need.v.03		bezoni
PWN:needle.n.03		kudrilo
PWN:needle.n.03		nadlo
PWN:negative.s.08		negativa
PWN:neon.n.01		neono
PWN:neptunium.n.01		neptunio
PWN:nerve.n.01		nervo
PWN:nest.n.01		bestoloĝejo
PWN:nest.n.01		kuŝejo
PWN:nest.n.01		nesto
PWN:net_income.n.01		profito
PWN:neuter.s.02		neutra
PWN:never.r.01		neniam
PWN:new.a.01		nova
PWN:news.n.01		informoj
PWN:news.n.01		novaĵo
PWN:news.n.01		novaĵoj
PWN:newspaper.n.01		ĵurnalo
PWN:nice.a.01		afabla
PWN:nickel.n.01		nikelo
PWN:night.n.01		nokto
PWN:night_shift.n.01		postnoktomezo {?}
PWN:nightingale.n.01		najtingalo
PWN:nine.s.01		naŭ
PWN:niobium.n.01		niobo
PWN:nitrogen.n.01		nitrogeno
PWN:no.r.03		ne
PWN:nobelium.n.01		nobelio
PWN:noise.n.01		bruo
PWN:noodle.n.01		nudelo
PWN:noon.n.01		tagmezo
PWN:north.n.03		nordo
PWN:nose.n.01		nazo
PWN:nostalgia.n.01		nostalgio
PWN:not.r.01		ne
PWN:note.n.01		noto
PWN:note.n.01		piednoto
PWN:november.n.01		novembro
PWN:now.r.04		nun
PWN:now.r.04		nuntempe
PWN:now.r.04		–as
PWN:number.n.02		cifero
PWN:number.n.02		nombro
PWN:number.n.02		numeralo
PWN:number.n.02		numero
PWN:nut.n.01		nukso
PWN:oak.n.02		kverko
PWN:oar.n.01		padelo
PWN:oar.n.01		remilo
PWN:oat.n.01		aveno
PWN:obey.v.01		obei
PWN:object.n.01		aĵo
PWN:object.n.01		objekto
PWN:obscure.s.04		nekonata
PWN:occupation.n.01		dungo
PWN:october.n.01		oktobro
PWN:official.a.01		oficiala
PWN:oil.n.01		oleo
PWN:old.a.01		maljuna
PWN:old.a.02		malnova
PWN:olive.n.01		olivo
PWN:once.r.01		unufoje
PWN:one.s.01		1
PWN:one.s.01		unu
PWN:onion.n.02		cepo
PWN:open.a.01		aperta
PWN:open.a.01		malfermita
PWN:open.a.01		nefermita
PWN:opinion.n.01		opinio
PWN:opossum.n.02		didelfo
PWN:opportunity.n.01		ŝanco
PWN:orange.n.03		oranĝo
PWN:orange.s.01		oranĝa
PWN:orange.s.01		oranĝkolora
PWN:order.v.01		orgeno
PWN:ordinary.a.01		kutima
PWN:ordinary.a.01		normala
PWN:ordinary.a.01		ordinara
PWN:oregano.n.01		origano
PWN:organ.n.01		organo
PWN:organ.n.05		ordono
PWN:organism.n.01		organismo
PWN:organize.v.02		organizi
PWN:original.s.04		originala
PWN:orphan.n.01		origina
PWN:osmium.n.01		osmio
PWN:other.a.01		alia
PWN:outer.a.01		ekstera
PWN:oven.n.01		bakujo
PWN:oven.n.01		forno
PWN:overlord.n.01		lordo
PWN:overlord.n.01		mastro
PWN:overmuch.r.01		tro
PWN:own.v.01		posedi
PWN:oxide.n.01		oksido
PWN:oxygen.n.01		oksigeno
PWN:package.n.01		pakaĵo
PWN:page.n.01		paĝo
PWN:pain.n.03		doloro
PWN:paint.n.01		farbo
PWN:paintbrush.n.01		peniko
PWN:palladium.n.01		paladio
PWN:palm.n.01		manplato
PWN:pan.n.01		pato
PWN:paper.n.01		papero
PWN:parallel.a.01		paralela
PWN:pare.v.04		tondi
PWN:parent.n.01		gepatro
PWN:park.n.01		parko
PWN:parliament.n.01		parlamento
PWN:parrot.n.01		papago
PWN:part.n.02		ero
PWN:part.n.02		parto
PWN:part.n.03		peco
PWN:party.n.01		partio
PWN:party.v.01		festo
PWN:passeridae.n.01		pasero
PWN:past.n.01		estinteco
PWN:past.n.01		iso
PWN:past.n.01		pasinteco
PWN:pasta.n.02		pastaĵoj
PWN:paste.n.01		kremaĵo
PWN:paste.n.01		pasto
PWN:patch.n.03		flikaĵo
PWN:path.n.03		vojo
PWN:patience.n.01		pacienco
PWN:pay.v.01		pagi
PWN:pea.n.01		pizo
PWN:peace.n.01		paco
PWN:peafowl.n.01		pavo
PWN:peanut.n.01		arakido
PWN:pear.n.01		piro
PWN:pearl.n.01		perlo
PWN:peat.n.01		torfo
PWN:pedal.n.02		pedalo
PWN:pen.n.01		plumo
PWN:pencil.n.01		krajono
PWN:penguin.n.01		pingveno
PWN:penis.n.01		peniso
PWN:pepper.n.01		pipro
PWN:pepper.n.04		pipro
PWN:perceive.v.01		percepti
PWN:permanent.a.01		daŭra
PWN:permanent.a.01		konstanta
PWN:permanent.a.01		neŝanĝiĝema
PWN:permanent.a.01		senĉesa
PWN:permanent.a.01		ĉiama
PWN:permit.v.01		permesi
PWN:person.n.01		homo
PWN:perspiration.n.01		ŝvito
PWN:petroleum.n.01		kruda petrolo
PWN:petroleum.n.01		nafto
PWN:philosopher.n.01		filozofo
PWN:philosophic.a.01		filozofia
PWN:philosophy.n.02		filozofio
PWN:phosphorus.n.01		fosforo
PWN:photograph.n.01		foto
PWN:photograph.n.01		fotograf(aĵ)o
PWN:physicist.n.01		fizikisto
PWN:physics.n.01		fiziko
PWN:piano.n.01		piano
PWN:picture.n.01		bildo
PWN:pidgin.n.01		piĝino
PWN:pile.n.01		amaso
PWN:pillow.n.01		kuseno
PWN:pinch.v.01		pinĉi
PWN:pine.n.01		pino
PWN:pineapple.n.01		ananaso
PWN:pipe.n.02		pipo
PWN:piston.n.02		piŝto
PWN:pitch.n.01		piĉo
PWN:pitch.n.06		gudro
PWN:pizza.n.01		pico
PWN:plan.n.01		dezegno
PWN:plan.n.01		plano
PWN:plane.n.02		ebenaĵo
PWN:plane.n.02		plataĵo
PWN:planet.n.01		planedo
PWN:plant.n.02		plantaĵo
PWN:plant.n.02		planto
PWN:plant.n.02		vegetalo
PWN:plant.v.01		planti
PWN:plastic.n.01		plastiko
PWN:plate.n.04		telero
PWN:platinum.n.01		plateno
PWN:play.n.01		dramo
PWN:play.n.01		teatraĵo
PWN:play.v.05		ludi
PWN:plaything.n.01		ludilo
PWN:pleasure.n.01		plezuro
PWN:plow.n.01		plugilo
PWN:plug.n.01		ŝtopilo
PWN:plum.n.01		abrikoto
PWN:plum.n.01		pruno
PWN:plunder.v.03		rabi
PWN:plunderer.n.01		rabisto
PWN:plutonium.n.01		plutonio
PWN:pocket.n.01		poŝo
PWN:pod.n.01		semujo
PWN:poem.n.01		poemo
PWN:poison.n.01		veneno
PWN:polarity.n.02		poluseco
PWN:pole.n.01		poluso
PWN:pole.n.01		stango
PWN:police.n.01		polico
PWN:political_campaign.n.01		kampanjo
PWN:politician.n.01		politikisto
PWN:politics.n.05		politiko
PWN:pollute.v.01		polucii
PWN:pollute.v.01		polui
PWN:polonium.n.01		polonio
PWN:polygon.n.01		poligono
PWN:poor.a.02		malriĉa
PWN:populace.n.01		publiko
PWN:populate.v.01		loĝi
PWN:porcelain.n.01		porcelano
PWN:port.n.01		haveno
PWN:position.n.01		loko
PWN:position.n.04		posteno
PWN:position.n.07		pozicio
PWN:positive.s.10		pozitiva
PWN:possible.a.01		ebla
PWN:possibly.r.01		eble
PWN:post.n.04		fosto
PWN:pot.n.01		kaserolo
PWN:potassium.n.01		kalio
PWN:potato.n.01		terpomo
PWN:pour.v.01		elverŝi
PWN:pour.v.01		verŝi
PWN:powder.n.01		pulvoro
PWN:power.n.02		potenco
PWN:power.n.02		povo
PWN:praise.v.01		laŭdi
PWN:pray.v.01		preĝi
PWN:prayer.n.01		preĝo
PWN:prefer.v.01		favori
PWN:prefer.v.01		preferi
PWN:present.a.01		ekzistanta
PWN:present.a.01		ĉeestanta
PWN:present.a.02		ĉeestanta
PWN:present.n.01		estanteco
PWN:present.n.01		nuno
PWN:present.n.01		nuntempo
PWN:president.n.03		prezidento
PWN:press.v.01		premi
PWN:prevent.v.01		malebligi
PWN:previous.s.01		antaŭa
PWN:price.n.02		prezo
PWN:pride.n.01		fiero
PWN:pride.n.01		orgojlo
PWN:priest.n.01		pastoro
PWN:prime_minister.n.01		ĉefministro
PWN:print.v.04		presi
PWN:print.v.04		printi
PWN:printer.n.02		premi
PWN:prison.n.01		malliberejo
PWN:private.a.01		privata
PWN:prize.n.01		premio
PWN:probable.a.01		probabla
PWN:procedure.n.01		procedo
PWN:procedure.n.01		procezo
PWN:produce.v.02		konstrui
PWN:program.n.08		programo
PWN:project.n.02		projekto
PWN:promethium.n.01		prometio
PWN:promise.n.01		promeso
PWN:promise.v.01		promesi
PWN:proof.n.01		pruv(aĵ)o
PWN:proof.n.01		pruvo
PWN:propose.v.01		sugesti
PWN:protactinium.n.01		protaktinio
PWN:protect.v.01		defendi
PWN:protect.v.01		protekti
PWN:protest.n.01		protesto
PWN:prototype.n.01		prototipo
PWN:pry.v.01		prizi
PWN:public.a.01		publika
PWN:pull.v.01		altiri
PWN:pull.v.01		tiri
PWN:pulley.n.01		pulio
PWN:pump.n.01		pumpilo
PWN:punish.v.01		puni
PWN:pure.a.01		pura
PWN:purple.s.01		purpura
PWN:push.v.01		puŝi
PWN:put.v.01		meti
PWN:put.v.01		transloki
PWN:pyramid.n.01		piramido
PWN:quartz_glass.n.01		kvarco
PWN:queen.n.02		reĝino
PWN:question.n.03		demando
PWN:question.n.03		demando
PWN:quickly.r.01		rapide
PWN:quiet.a.02		mallaŭta
PWN:quote.v.01		citi
PWN:rabbit.n.01		kuniklo
PWN:raccoon.n.02		raco
PWN:race.n.03		lavurso
PWN:race.n.03		prociono
PWN:race.n.03		raso
PWN:rack.n.01		krado
PWN:radio.n.01		radio
PWN:radish.n.04		rafaneto
PWN:radium.n.01		radiumo
PWN:radon.n.01		radono
PWN:railing.n.01		relo
PWN:railroad_track.n.01		fervojo
PWN:railway.n.01		fervojo
PWN:rain.n.01		pluvo
PWN:rainbow.n.01		ĉielarko
PWN:rake.n.03		rastilo
PWN:random.a.01		hazarda
PWN:rapid.s.02		rapida
PWN:rare.s.04		maldensa
PWN:rare.s.04		malofta
PWN:rarely.r.01		malofte
PWN:ratio.n.01		proporcio
PWN:ratio.n.01		racio
PWN:ray.n.03		radio
PWN:razor.n.01		razilo
PWN:reach.v.06		atingi
PWN:reach.v.06		etendiĝi
PWN:read.v.01		legi
PWN:ready.a.01		preparita
PWN:ready.a.01		preta
PWN:real.a.01		efektiva
PWN:real.a.01		reala
PWN:reap.v.01		rikolti
PWN:rear.n.02		malantaŭo
PWN:reasoning.n.01		rezonado
PWN:reasoning.n.01		rezono
PWN:receive.v.01		ricevi
PWN:recently.r.01		antaŭnelonge
PWN:recently.r.01		lastatempe
PWN:reciprocal.a.01		reciproka
PWN:recognize.v.04		rekoni
PWN:record.n.01		registro
PWN:rectangle.n.01		rektangulo
PWN:red.s.01		ruĝa
PWN:reek.v.02		fetori
PWN:referee.n.01		arbitracianto
PWN:referee.n.01		juĝanto
PWN:refuse.v.02		rifuzi
PWN:region.n.01		areo
PWN:region.n.01		regiono
PWN:regular.a.01		regula
PWN:regulate.v.02		reguli
PWN:relation.n.06		rilato
PWN:religion.n.02		religio
PWN:religious_holiday.n.01		festotago
PWN:remainder.n.01		cetero
PWN:remainder.n.01		restaĵo
PWN:remember.v.01		memori
PWN:remember.v.01		rememori
PWN:render.v.01		igi
PWN:repair.v.01		ripari
PWN:repel.v.01		forpuŝi
PWN:repel.v.01		repeli
PWN:repent.v.02		bedaŭri
PWN:represent.v.01		anstataŭi
PWN:represent.v.01		reprezenti
PWN:reptile.n.01		reptilio
PWN:request.v.01		peti
PWN:resemble.v.01		simili
PWN:resist.v.02		kontraŭstari al
PWN:resist.v.02		rezisti
PWN:respect.v.01		estimi
PWN:respect.v.01		respekti
PWN:restaurant.n.01		restaŭracio
PWN:restrain.v.01		bridi
PWN:restrain.v.01		inhibicii
PWN:restrain.v.01		reteni
PWN:retaliation.n.01		venĝo
PWN:revelation.n.03		revelacio
PWN:rhenium.n.01		renio
PWN:rhodium.n.01		rodio
PWN:rhythm.n.01		ritmo
PWN:rice.n.01		rizo
PWN:rich.a.01		riĉa
PWN:ride.v.01		rajdi
PWN:ride.v.01		veturi
PWN:right.n.01		rajto
PWN:right.r.04		dekstra
PWN:rigid.s.01		nefleksebla
PWN:rigid.s.01		rigida
PWN:riot.n.01		tumulto
PWN:rite.n.01		rito
PWN:river.n.01		rivero
PWN:road.n.01		vojo
PWN:rob.v.01		rabi
PWN:rock.n.01		ŝtono
PWN:rock.n.02		roko
PWN:rocket.n.01		rakedo
PWN:roentgenium.n.01		rentgenio
PWN:roll.v.14		ruliĝi
PWN:roof.n.01		tegmento
PWN:roof.n.01		tekto
PWN:room.n.01		ĉambro
PWN:root.n.01		radiko
PWN:rope.n.01		ŝnuro
PWN:rose.n.01		rozo
PWN:rotten.s.03		putra
PWN:rough.a.01		malglata
PWN:rub.v.01		abrazii
PWN:rub.v.01		froti
PWN:rubber.n.01		kaŭĉuko
PWN:rubbish.n.01		forĵetindaĵoj
PWN:rubbish.n.01		rubaĵo
PWN:rubidium.n.01		rubidio
PWN:rug.n.01		tapiŝo
PWN:rule.n.01		regulo
PWN:run.v.01		kuri
PWN:rush.v.04		hasti
PWN:rush.v.04		rapidi
PWN:rust.n.01		rusto
PWN:ruthenium.n.01		rutenio
PWN:rutherfordium.n.01		ruterfordio
PWN:rye.n.01		sekalo
PWN:sabbath.n.01		preĝtago
PWN:sabbath.n.01		sabato
PWN:sack.n.01		sako
PWN:sad.a.01		malfeliĉa
PWN:sad.a.01		malgaja
PWN:sad.a.01		trista
PWN:safety.n.01		sekureco
PWN:safflower.n.01		kartamo
PWN:sail.n.01		velo
PWN:salad.n.01		salato
PWN:salmon.n.01		salo
PWN:salt.n.02		salo
PWN:salvage.v.01		savi
PWN:samarium.n.01		samario
PWN:same.a.01		sama
PWN:sand.n.01		sablo
PWN:sandglass.n.01		sablohorloĝio
PWN:sandwich.n.01		sandviĉo
PWN:satan.n.01		Satano
PWN:satisfaction.n.01		kontenteco
PWN:saturday.n.01		sabato
PWN:sausage.n.01		kolbaso
PWN:saw.n.02		segilo
PWN:scale.n.07		pesilo
PWN:scandium.n.01		skandio
PWN:scarf.n.01		koltuko
PWN:school.n.01		lernejo
PWN:science.n.01		scienco
PWN:scissors.n.01		tondilo
PWN:score.n.03		poentaro
PWN:scorpion.n.03		skorpio
PWN:screen.n.05		ekrano
PWN:screw.n.04		bolto
PWN:screw.n.04		ŝraŭbo
PWN:screwdriver.n.01		ŝraŭbilo
PWN:sea.n.01		maro
PWN:sea.n.01		oceano
PWN:seaborgium.n.01		seborgio
PWN:search.v.01		serĉi
PWN:season.n.02		sezono
PWN:second.n.01		sekundo
PWN:secret.s.01		sekreta
PWN:section.n.04		segmento
PWN:section.n.04		sekcio
PWN:see.v.01		rigardi
PWN:see.v.01		vidi
PWN:seed.n.02		semo
PWN:selenium.n.01		seleno
PWN:sell.v.01		vendi
PWN:send.v.01		sendi
PWN:sense.n.03		senso
PWN:sentence.n.01		frazo
PWN:september.n.01		septembro
PWN:sequence.n.01		ordo
PWN:sequence.n.01		sinsekvo
PWN:series.n.01		serio
PWN:serious.a.01		serioza
PWN:serve.v.10		servi
PWN:sesame.n.01		sezamo
PWN:set.n.01		aro
PWN:set.n.05		bendo
PWN:seven.s.01		7
PWN:seven.s.01		sep
PWN:sew.v.01		kudri
PWN:sex.n.04		sekso
PWN:sexual_activity.n.01		sekso
PWN:shadow.n.01		ombro
PWN:shake.v.01		skui
PWN:shake.v.01		skuiĝi
PWN:shake.v.01		tremi
PWN:shallow.a.01		malprofunda
PWN:shaman.n.01		ŝamano
PWN:shame.n.01		honto
PWN:shape.n.02		formo
PWN:share.n.01		porcio
PWN:sharp.a.09		akra
PWN:sharp.a.09		akuta
PWN:shave.v.01		razi
PWN:sheath.n.01		ingo
PWN:sheep.n.01		ŝafo
PWN:sheet.n.01		folio
PWN:sheet.n.01		lameno
PWN:shelf.n.01		breto
PWN:shell.n.10		karapaco
PWN:shell.n.10		konko
PWN:shield.n.02		ŝirmilo
PWN:shine.v.02		brili
PWN:ship.n.01		boato
PWN:ship.n.01		ŝipo
PWN:shirt.n.01		ĉemizo
PWN:shoe.n.01		ŝuo
PWN:shoot.v.05		pafi
PWN:shoot.v.05		peli
PWN:shop.n.01		butiko
PWN:shop.n.01		magazeno
PWN:shop.n.01		vendejo
PWN:short.a.02		mallonga
PWN:short.a.03		malalta
PWN:short_pants.n.01		sportkuloto
PWN:short_pants.n.01		ŝorto
PWN:shoulder.n.01		ŝultro
PWN:shout.v.02		krii
PWN:shovel.n.01		fosilo
PWN:show.v.01		ekspozicii
PWN:show.v.01		montri
PWN:shower.n.01		duŝo
PWN:shower.n.01		pluveto
PWN:shrink.v.03		malkreski
PWN:shrub.n.01		arbedo
PWN:shrub.n.01		arbusto
PWN:shut.a.01		fermita
PWN:sibling.n.01		gefrato
PWN:side.n.01		flanko
PWN:side.n.01		latero
PWN:sign.n.01		marko
PWN:sign.n.01		spuro
PWN:sign.n.02		ŝildo
PWN:sign_language.n.01		gestolingvo
PWN:silent.s.01		silenta
PWN:silicon.n.01		silicio
PWN:silk.n.01		silko
PWN:silver.n.01		arĝento
PWN:similar.a.01		simila
PWN:simple.a.01		malkompleksa
PWN:simple.a.01		malkomplika
PWN:simple.a.01		simpla
PWN:sing.v.02		kanti
PWN:sink.v.01		sinki
PWN:sink.v.01		subakvigi
PWN:sink.v.01		subakviĝi
PWN:sister.n.01		fratino
PWN:sit.v.01		sidi
PWN:six.s.01		ses
PWN:size.n.01		grandeco
PWN:skeletal_system.n.01		ostaro
PWN:skeletal_system.n.01		skeleto
PWN:ski.n.01		skiilo
PWN:ski.n.01		skio
PWN:skid.v.04		gliti
PWN:skirt.n.02		jupo
PWN:skull.n.01		kranio
PWN:sky.n.01		ĉielo
PWN:slave.n.01		sklavo
PWN:sleep.n.01		dormo
PWN:sleep.v.01		dormi
PWN:sleep_together.v.01		fiki
PWN:sleep_together.v.01		koiti
PWN:slipper.n.01		pantoflo
PWN:slowly.r.01		malrapide
PWN:small.a.01		malgranda
PWN:smell.n.01		aromo
PWN:smell.n.01		odoro
PWN:smell.v.01		flari
PWN:smile.v.01		rideti
PWN:smoke.n.01		fumo
PWN:smooth.a.01		glata
PWN:snake.n.01		serpento
PWN:sneeze.v.01		terni
PWN:snog.v.01		kisi
PWN:snow.n.01		neĝo
PWN:soap.n.01		sapo
PWN:soccer.n.01		futbalo
PWN:society.n.01		socio
PWN:sock.n.01		ŝtrumpeto
PWN:sodium.n.01		natrio
PWN:sofa.n.01		sofo
PWN:soft.a.01		mola
PWN:soil.n.02		grundo
PWN:solar_energy.n.01		sunenergio
PWN:solar_system.n.01		sunsistemo
PWN:soldier.n.01		soldato
PWN:solid.n.01		solidaĵo
PWN:solid.s.05		senkava
PWN:solid.s.05		solida
PWN:son.n.01		filo
PWN:soon.r.01		baldaŭ
PWN:soon.r.01		postnelonge
PWN:sore.n.01		vundo
PWN:soul.n.01		animo
PWN:sound.n.01		sono
PWN:soup.n.01		supo
PWN:sour.s.01		acida
PWN:south.n.03		sudo
PWN:soy.n.04		sojo
PWN:space.n.02		spaco
PWN:spain.n.01		Hispanio
PWN:spear.n.01		lanco
PWN:species.n.01		specio
PWN:specific.a.01		aparta
PWN:specific.a.01		specifa
PWN:spectacles.n.01		okulvitroj
PWN:speed.n.01		rapideco
PWN:speed.n.01		velocito
PWN:sphere.n.06		sfero
PWN:spider.n.01		araneo
PWN:spike.n.09		dorno
PWN:spike.n.09		pikilo
PWN:spill.v.01		misverŝi
PWN:spinach.n.01		spinaco
PWN:spinal_column.n.01		spino
PWN:spinal_column.n.01		vertebraro
PWN:spiral.n.01		kirlaĵo
PWN:spiral.n.01		spiralo
PWN:spit.v.01		kraĉi
PWN:spit.v.01		sputi
PWN:sponge.n.01		spongo
PWN:spoon.n.01		kulero
PWN:sport.n.01		sporto
PWN:sport.n.01		sportoj
PWN:spread.v.10		disvastigi
PWN:spring.n.01		printempo
PWN:spring.n.02		risorto
PWN:sprout.n.01		sproso
PWN:sprout.n.01		ŝoso
PWN:square.n.01		kvadrato
PWN:squash.n.01		melopepo
PWN:squash.v.01		frakasi
PWN:squash.v.01		pisti
PWN:squash.v.01		premegi
PWN:squat.v.01		kaŭri
PWN:squirrel.n.01		sciuro
PWN:stable.s.04		stabila
PWN:stairs.n.01		ŝtuparo
PWN:stamp.v.02		presaĵo
PWN:stamp.v.02		presi
PWN:stamp.v.02		presi
PWN:stand.v.01		stari
PWN:staple.n.04		krampo
PWN:star.n.03		stelo
PWN:state.n.01		departemento (Francio)
PWN:state.n.01		provinco (Kanado/ĉinio)
PWN:state.n.01		ŝtato (Usono)
PWN:state.n.02		stato
PWN:state.n.04		lando
PWN:state.n.04		nacio
PWN:state.v.01		diri
PWN:stay.v.04		resti
PWN:steal.v.01		ŝteli
PWN:steam.n.01		vaporo
PWN:steel.n.01		ŝtalo
PWN:still.r.01		ankoraŭ
PWN:stir.v.01		agaci
PWN:stir.v.01		kirli
PWN:stomach.n.01		stomako
PWN:stop.v.01		haltigi
PWN:store.n.02		rezervo
PWN:storm.n.01		ŝtormo
PWN:straight.a.02		rekta
PWN:straight.a.08		rekta
PWN:strange.a.01		nekutima
PWN:strange.a.01		neordinara
PWN:strange.a.01		stranga
PWN:strap.n.01		rimeno
PWN:street.n.01		strato
PWN:strength.n.01		fort(ec)o
PWN:stress.v.01		emfazi
PWN:stretch.v.04		etendi
PWN:strike.n.01		striko
PWN:strike.v.01		frapi
PWN:string.n.01		ŝnureto
PWN:stripe.n.05		strio
PWN:strontium.n.01		stroncio
PWN:student.n.01		studento
PWN:study.v.05		studi
PWN:stupid.a.01		malinteligenta
PWN:stupid.a.01		stulta
PWN:stupid.a.01		temo
PWN:stylus.n.02		grifelo
PWN:substitute.n.01		anstataŭanto
PWN:substitute.n.01		provizora anstataŭaĵo
PWN:substitute.n.01		vic-
PWN:subtract.v.01		depreni
PWN:subtract.v.01		subtrahi
PWN:succeed.v.01		sukcesi
PWN:suck.v.01		suĉi
PWN:sudden.a.01		subita
PWN:sugar.n.01		sukero
PWN:suit.n.01		kompleto
PWN:suitable.s.01		konvena
PWN:suitable.s.01		taŭga
PWN:sulfur.n.01		sulfuro
PWN:sum.n.02		sumo
PWN:sum.n.02		totalo
PWN:summer.n.01		somero
PWN:sun.n.01		suno
PWN:sunday.n.01		dimanĉo
PWN:sunflower.n.01		helianto
PWN:sunflower.n.01		sunfloro
PWN:supply.v.01		provizi
PWN:support.v.01		apogi
PWN:support.v.01		subteni
PWN:surface.n.01		supraĵo
PWN:surface.n.01		surfaco
PWN:surname.n.01		familinomo
PWN:surprise.v.01		surprizi
PWN:surrogate.n.01		anstataŭulo
PWN:surrogate.n.01		porĉiama anstataŭaĵo
PWN:swallow.v.01		gluti
PWN:swamp.n.01		marĉo
PWN:sweet.a.01		dolĉa
PWN:sweet_potato.n.02		batato
PWN:swelling.n.01		ŝvelaĵo
PWN:swim.v.01		naĝi
PWN:sword.n.01		glavo
PWN:syllable.n.01		silabo
PWN:symbol.n.01		simbolo
PWN:symmetry.n.01		simetrio
PWN:sympathy.n.02		simpatio
PWN:synchronous.a.01		samtempa
PWN:syringe.n.01		injektilo
PWN:syrupy.s.02		viskoza
PWN:system.n.01		sistemo
PWN:table.n.02		tablo
PWN:tail.n.01		vosto
PWN:take.v.04		preni
PWN:talk.v.02		paroli
PWN:tall.a.01		alta
PWN:tantalum.n.01		tantalo
PWN:tape.n.01		bendo
PWN:tape.n.01		strio
PWN:tapered.s.01		mallarĝiĝaĵo
PWN:tapered.s.01		malvastiĝo
PWN:taste.n.01		gusto
PWN:tattoo.n.02		tatuo
PWN:taut.s.01		streĉita
PWN:tax.n.01		imposto
PWN:tea.n.01		teo
PWN:teach.v.01		instrui
PWN:team.n.01		teamo
PWN:teapot.n.01		teujo
PWN:tear.n.01		larmo
PWN:tear.v.01		ŝiri
PWN:technetium.n.01		teknologio
PWN:technology.n.01		teknecio
PWN:technology.n.01		teknologio
PWN:technology.n.01		teĥniko
PWN:telephone.n.01		telefono
PWN:telescope.n.01		teleskopo
PWN:television.n.01		televidilo
PWN:television_receiver.n.01		televido
PWN:tellurium.n.01		teluro
PWN:temperature.n.01		temperaturo
PWN:temple.n.01		templo
PWN:tempt.v.01		tenti
PWN:ten.s.01		10
PWN:ten.s.01		dek
PWN:tendency.n.04		fasono
PWN:tendency.n.04		modo
PWN:tennis.n.01		teniso
PWN:tent.n.01		tendo
PWN:terbium.n.01		terbio
PWN:test.v.01		ekzameni
PWN:test.v.01		kontroli
PWN:test.v.01		testi
PWN:testis.n.01		testiko
PWN:thallium.n.01		talio
PWN:thank.v.01		danki
PWN:theater.n.01		teatro
PWN:theocracy.n.01		teokratio
PWN:theology.n.01		teologio
PWN:theory.n.01		hipotezo
PWN:theory.n.01		teorio
PWN:there.r.01		tie
PWN:there.r.01		tien
PWN:thermometer.n.01		termometro
PWN:thick.a.01		dika
PWN:thickness.n.01		dikeco
PWN:thief.n.01		ŝtelisto
PWN:thin.a.01		maldika
PWN:thin.a.02		malgrasa
PWN:think.v.03		pensi
PWN:think.v.11		pensi
PWN:thorax.n.02		brusto
PWN:thorium.n.01		torio
PWN:thousand.s.01		kilo-
PWN:thousand.s.01		mil
PWN:thread.n.01		fadeno
PWN:three.s.01		3
PWN:three.s.01		tri
PWN:throat.n.01		gorĝo
PWN:throw.v.01		ĵeti
PWN:thulium.n.01		tulio
PWN:thumb.n.01		dikfingro
PWN:thumb.n.01		polekso
PWN:thunder.n.02		tondro
PWN:thursday.n.01		ĵaŭdo
PWN:ticket.n.01		bileto
PWN:tide.n.01		tajdo
PWN:tie.v.01		bindi
PWN:tie.v.01		ligi
PWN:tiger.n.02		tigro
PWN:tile.n.01		kahelo
PWN:tile.n.01		tegolo
PWN:time.n.01		fojo
PWN:time.n.05		tempo
PWN:time_interval.n.01		intertempo
PWN:time_interval.n.01		intervalo
PWN:time_interval.n.01		periodo
PWN:time_period.n.01		epoko
PWN:timely.s.01		ĝustatempa
PWN:tin.n.01		stano
PWN:tired.a.01		laca
PWN:titanium.n.01		titanio
PWN:tobacco.n.01		tabako
PWN:today.r.02		hodiaŭ
PWN:toe.n.01		piedfingro
PWN:together.r.01		kune
PWN:toilet.n.01		necesejo
PWN:tomato.n.01		tomato
PWN:tomorrow.r.01		morgaŭ
PWN:tongs.n.01		prenilo
PWN:tongue.n.01		lango
PWN:tool.n.01		ilo
PWN:tooth.n.01		dento
PWN:top.n.01		pinto
PWN:top.n.01		supro
PWN:torment.v.01		torturi
PWN:torment.v.01		turmenti
PWN:tornado.n.01		ciklono
PWN:torus.n.01		ringo
PWN:touch.v.01		tuŝi
PWN:towel.n.01		bantuko
PWN:towel.n.01		mantuko
PWN:towel.n.01		viŝilo
PWN:towel.n.01		viŝtuko
PWN:tower.n.01		turo
PWN:town.n.01		metropolo
PWN:town.n.01		urbo
PWN:tractor.n.01		traktoro
PWN:train.n.01		trajno
PWN:train.n.01		vagonaro
PWN:translate.v.01		traduki
PWN:transport.v.02		porti
PWN:trap.n.01		kaptilo
PWN:travel.v.01		iri
PWN:traveler.n.01		vojaĝanto
PWN:tray.n.01		pleto
PWN:tree.n.01		arbo
PWN:trial.n.04		proceso
PWN:trick.n.01		ruzo
PWN:trick.n.01		truko
PWN:trick.n.01		trumpo
PWN:trouble.n.01		malfacilaĵo
PWN:trouser.n.01		pantalono
PWN:truck.n.01		kamiono
PWN:truck.n.01		ŝarĝaŭto
PWN:true.a.01		vera
PWN:trust.v.01		fidi
PWN:try.v.01		peni
PWN:try.v.01		provi
PWN:tube.n.01		tubo
PWN:tuesday.n.01		mardo
PWN:tundra.n.01		tundro
PWN:turkey.n.01		meleagro
PWN:turn.v.01		(rotacii
PWN:turn.v.01		rivolui)
PWN:turn.v.01		turni
PWN:turn.v.01		turniĝi
PWN:turn.v.04		devojigi
PWN:turn.v.04		turni
PWN:turnip.n.01		napo
PWN:turtle.n.02		testudo
PWN:two.s.01		2
PWN:two.s.01		du
PWN:type.n.01		speco
PWN:type.n.01		stilo
PWN:type.n.01		tipo
PWN:ugly.a.01		malbela
PWN:ugly.a.01		malbonaspekta
PWN:umbrella.n.01		ombrelo
PWN:uncle.n.01		onklo
PWN:uncover.v.01		malkaŝi
PWN:underpants.n.01		kalsoneto
PWN:underpants.n.01		kalsono
PWN:understand.v.01		kompreni
PWN:uniform.n.01		uniformo
PWN:union.n.04		uniono
PWN:unite.v.01		unuigi
PWN:unite.v.01		unuiĝi
PWN:universe.n.01		universo
PWN:university.n.02		universitato
PWN:ununbium.n.01		kopernicio
PWN:ununpentium.n.01		moskovio
PWN:ununtrium.n.01		nihonio
PWN:up.r.01		sor {rare}
PWN:up.r.01		supren
PWN:uranium.n.01		uranio
PWN:urban.a.01		urba
PWN:urine.n.01		piso
PWN:urine.n.01		urino
PWN:use.v.01		utiligi
PWN:use.v.01		uzi
PWN:useable.s.02		uzebla
PWN:vacate.v.01		eksiĝi
PWN:vacuum.n.01		vakuo
PWN:vagina.n.01		vagino
PWN:valley.n.01		valo
PWN:value.n.03		valoro
PWN:valve.n.01		krano
PWN:valve.n.01		valvo
PWN:vapor.n.01		nebulaĵo
PWN:vapor.n.01		vaporo
PWN:vegetable.n.01		legomo
PWN:vehicle.n.01		veturilo
PWN:vein.n.01		vejno
PWN:version.n.02		versio
PWN:vertical.a.01		vertikala
PWN:very.r.01		multe
PWN:very.r.01		tre
PWN:village.n.01		urbeto
PWN:village.n.01		vilaĝo
PWN:vinegar.n.01		vinagro
PWN:violent.a.01		malafabla
PWN:violent.a.01		perfort(em)a
PWN:virus.n.01		viruso
PWN:visit.v.07		viziti
PWN:vivisection.n.01		vivisekcio
PWN:vocabulary.n.01		vortaro
PWN:vocabulary.n.02		vortprovizo
PWN:voice.n.02		voĉo
PWN:volcano.n.02		vulkano
PWN:vomit.v.01		vomi
PWN:voodoo.n.03		voduo
PWN:vote.v.01		baloti
PWN:vote.v.01		voĉdoni
PWN:vowel.n.01		vokalo
PWN:wagon.n.01		vagono
PWN:wagon.n.01		ĉaro
PWN:waist.n.01		talio
PWN:wait.v.01		atendi
PWN:wake_up.v.02		vekiĝi
PWN:walk.v.01		marŝi
PWN:walk.v.01		piediri
PWN:walk.v.01		promeni
PWN:wall.n.01		muro
PWN:war.n.01		milito
PWN:warm.a.01		varma
PWN:warn.v.01		averti
PWN:wash.v.01		lavi
PWN:wash.v.01		purigi
PWN:washup.n.01		bano
PWN:waste.v.01		malŝpari
PWN:waste.v.01		misuzi
PWN:water.n.06		akvo
PWN:watermelon.n.01		akvomelono
PWN:wave.n.01		ondo
PWN:wax.n.01		vakso
PWN:weapon.n.01		armilo
PWN:weather.n.01		vetero
PWN:weave.v.02		teksi
PWN:wedge.n.01		kojno
PWN:wednesday.n.01		merkredo
PWN:weed.n.01		trudherbo
PWN:week.n.01		semajno
PWN:weight.n.01		pezeco
PWN:west.n.02		okcidento
PWN:wet.a.01		malseka
PWN:whale.n.02		baleno
PWN:wheat.n.01		tritiko
PWN:wheel.n.01		rado
PWN:white.a.01		blanka
PWN:whole.a.01		entuta
PWN:whole.a.01		tuta
PWN:wide.a.01		larĝa
PWN:wide.a.01		vasta
PWN:widening.n.01		larĝiĝaĵo
PWN:width.n.01		larĝeco
PWN:width.n.01		vasteco
PWN:wife.n.01		edzino
PWN:wild.a.02		sovaĝa
PWN:willow.n.01		saliko
PWN:wind.n.01		vento
PWN:window.n.01		fenestro
PWN:wine.n.01		vino
PWN:wing.n.01		flugilo
PWN:winter.n.01		vintro
PWN:wire.n.01		drato
PWN:wisdom.n.01		saĝeco
PWN:wise.a.01		saĝa
PWN:wolf.n.01		lupo
PWN:woman.n.01		virino
PWN:wood.n.01		ligno
PWN:wool.n.02		lano
PWN:word.n.01		vorto
PWN:work.n.01		laboro
PWN:workshop.n.01		farejo
PWN:world.n.02		mondo
PWN:world.n.08		homaro
PWN:worm.n.01		vermo
PWN:worry.v.01		maltrankviliĝo
PWN:worry.v.01		ĉagreno
PWN:wrap.v.01		envolvi
PWN:wrap.v.01		vindi
PWN:wrap.v.01		volvi
PWN:wrench.n.03		ŝraubŝlosilo
PWN:wrestle.v.01		lukti
PWN:wrinkle.n.01		falto
PWN:wrinkle.n.01		sulketo
PWN:wrist.n.01		manartiko
PWN:wrist.n.01		manradiko
PWN:write.v.02		skribi
PWN:write.v.02		skribo
PWN:xenon.n.01		ksenono
PWN:year.n.01		jaro
PWN:yeast.n.01		feĉo
PWN:yellow.s.01		flava
PWN:yesterday.r.01		hieraū
PWN:yesterday.r.01		hieraŭ
PWN:yoga.n.02		jogo
PWN:yogurt.n.01		jogurto
PWN:young.a.01		juna
PWN:youth.n.05		juneco
PWN:ytterbium.n.01		iterbio
PWN:yttrium.n.01		itrio
PWN:yurt.n.01		gero
PWN:yurt.n.01		jurto
PWN:yurt.n.01		gero
PWN:yurt.n.01		jurto
PWN:zebra.n.01		zebro
PWN:zero.s.01		nul
PWN:zero.s.01		nulo
PWN:zinc.n.01		zinko
PWN:zirconium.n.01		zirkonio
